MASTERCLIENT,LOCATIONCODE,ITEMNO,DESCRIPTION,DESCRIPTION2,OKQUANTITY,REJECTQUANTITY,HOLDQUANTITY,TOTALQUANTITY,PUTAWAYOUTSTANDINGQTY,GATEENTRYOUTSTANDING,UOM,ITEMCATEGORYCODE,BRANDCODE,VENDORCODE,VENDORNAME,GRNNUMBER,ASNNO,GRNREGISTEREDDATE,CLIENTGRNDATE,PETSTYLECODE,STYLENAME,COLORCODE,SIZECODE,SOURCENO,INVOICENO,INVOICEDATE,VEHICLEARRIVALDATETIME,STATUS,POTYPE,CREATEDBY,MODIFYBY,IMEI,BOXID,STOREID,LOTNO,SERIALNO,LOTEXPIRY,MRP,VENDORBATCHNO,MFGDATE,PONO,PURCHASEPRICE,VENDORORDERNO,DISPATCHTYPE,ITEMSERIALNO,TOTALWAREHOUSEQUANTITY,CONTAINERNO,PONO2,COUNTRY_OF_ORIGIN,CATEGORY,BILL_OF_LADING,BILL_OF_ENTRY,WEIGHT,VOLUME,LPNCODE,ITEMCBM,ASNCBM,TOTALITEMCBM,TOTALASNCBM,NO2,BINCODE,TRANSPORTERNAME,VEHICLENO,DOCKETNO,VENDORADDRESS,SOURCETYPE,DEVICEMAC,DATA_MONTH
WIOM,001-SAKET,WM-02,Wiom ONT_GX-Titanium E20/Earth 2022,Normal BAU,1,0,0,1,0,0,PCS,ELECTRONICS,,009-HAPUR,009-Hapur ( Sumit ),GRN/2025/3184,,2026-01-30T14:00:02,,WM-02,,,,TR/2425/33,TR/2425/33,2026-01-30T00:00:00,,Closed,,Rahul,Rahul,,,,GX/G/25-26/361,GX119835,,0,,2025-08-19T00:00:00,,2200,TO/2025/39,Warehouse,,1,,,,,,,0,0,DEL_CX2805,0,0,0,0,ONT,,,,,"House No.1065/, GH, Navi Kareem 2, Hapur,",Transfer Receipt,B486187984B2,2026-01-01
WIOM,001-SAKET,WM-02,Wiom ONT_GX-Titanium E20/Earth 2022,Normal BAU,1,0,0,1,0,0,PCS,ELECTRONICS,,009-HAPUR,009-Hapur ( Sumit ),GRN/2025/3184,,2026-01-30T14:00:02,,WM-02,,,,TR/2425/33,TR/2425/33,2026-01-30T00:00:00,,Closed,,Rahul,Rahul,,,,GX/G/25-26/361,GX119996,,0,,2025-08-19T00:00:00,,2200,TO/2025/39,Warehouse,,1,,,,,,,0,0,DEL_CX2805,0,0,0,0,ONT,,,,,"House No.1065/, GH, Navi Kareem 2, Hapur,",Transfer Receipt,B48618792F22,2026-01-01
WIOM,001-SAKET,WM-02,Wiom ONT_GX-Titanium E20/Earth 2022,Normal BAU,1,0,0,1,0,0,PCS,ELECTRONICS,,009-HAPUR,009-Hapur ( Sumit ),GRN/2025/3184,,2026-01-30T14:00:02,,WM-02,,,,TR/2425/33,TR/2425/33,2026-01-30T00:00:00,,Closed,,Rahul,Rahul,,,,GX/G/25-26/361,GX119790,,0,,2025-08-19T00:00:00,,2200,TO/2025/39,Warehouse,,1,,,,,,,0,0,DEL_CX2805,0,0,0,0,ONT,,,,,"House No.1065/, GH, Navi Kareem 2, Hapur,",Transfer Receipt,B4861879FB32,2026-01-01
WIOM,001-SAKET,WM-02,Wiom ONT_GX-Titanium E20/Earth 2022,Normal BAU,1,0,0,1,0,0,PCS,ELECTRONICS,,009-HAPUR,009-Hapur ( Sumit ),GRN/2025/3184,,2026-01-30T14:00:02,,WM-02,,,,TR/2425/33,TR/2425/33,2026-01-30T00:00:00,,Closed,,Rahul,Rahul,,,,GX/G/25-26/361,GX119989,,0,,2025-08-19T00:00:00,,2200,TO/2025/39,Warehouse,,1,,,,,,,0,0,DEL_CX2805,0,0,0,0,ONT,,,,,"House No.1065/, GH, Navi Kareem 2, Hapur,",Transfer Receipt,B4861879F5A2,2026-01-01
WIOM,001-SAKET,WM-02,Wiom ONT_GX-Titanium E20/Earth 2022,Normal BAU,1,0,0,1,0,0,PCS,ELECTRONICS,,009-HAPUR,009-Hapur ( Sumit ),GRN/2025/3184,,2026-01-30T14:00:02,,WM-02,,,,TR/2425/33,TR/2425/33,2026-01-30T00:00:00,,Closed,,Rahul,Rahul,,,,GX/G/25-26/361,GX119843,,0,,2025-08-19T00:00:00,,2200,TO/2025/39,Warehouse,,1,,,,,,,0,0,DEL_CX2805,0,0,0,0,ONT,,,,,"House No.1065/, GH, Navi Kareem 2, Hapur,",Transfer Receipt,B4861879F552,2026-01-01
WIOM,001-SAKET,WM-02,Wiom ONT_GX-Titanium E20/Earth 2022,Normal BAU,1,0,0,1,0,0,PCS,ELECTRONICS,,009-HAPUR,009-Hapur ( Sumit ),GRN/2025/3184,,2026-01-30T14:00:02,,WM-02,,,,TR/2425/33,TR/2425/33,2026-01-30T00:00:00,,Closed,,Rahul,Rahul,,,,GX/G/25-26/361,GX119803,,0,,2025-08-19T00:00:00,,2200,TO/2025/39,Warehouse,,1,,,,,,,0,0,DEL_CX2805,0,0,0,0,ONT,,,,,"House No.1065/, GH, Navi Kareem 2, Hapur,",Transfer Receipt,B48618792E12,2026-01-01
WIOM,001-SAKET,WM-02,Wiom ONT_GX-Titanium E20/Earth 2022,Normal BAU,1,0,0,1,0,0,PCS,ELECTRONICS,,009-HAPUR,009-Hapur ( Sumit ),GRN/2025/3184,,2026-01-30T14:00:02,,WM-02,,,,TR/2425/33,TR/2425/33,2026-01-30T00:00:00,,Closed,,Rahul,Rahul,,,,GX/G/25-26/361,GX119814,,0,,2025-08-19T00:00:00,,2200,TO/2025/39,Warehouse,,1,,,,,,,0,0,DEL_CX2805,0,0,0,0,ONT,,,,,"House No.1065/, GH, Navi Kareem 2, Hapur,",Transfer Receipt,B48618797862,2026-01-01
WIOM,001-SAKET,WM-02,Wiom ONT_GX-Titanium E20/Earth 2022,Normal BAU,1,0,0,1,0,0,PCS,ELECTRONICS,,009-HAPUR,009-Hapur ( Sumit ),GRN/2025/3184,,2026-01-30T14:00:02,,WM-02,,,,TR/2425/33,TR/2425/33,2026-01-30T00:00:00,,Closed,,Rahul,Rahul,,,,GX/G/25-26/361,GX119793,,0,,2025-08-19T00:00:00,,2200,TO/2025/39,Warehouse,,1,,,,,,,0,0,DEL_CX2805,0,0,0,0,ONT,,,,,"House No.1065/, GH, Navi Kareem 2, Hapur,",Transfer Receipt,B4861879A942,2026-01-01
WIOM,001-SAKET,WM-02,Wiom ONT_GX-Titanium E20/Earth 2022,Normal BAU,1,0,0,1,0,0,PCS,ELECTRONICS,,009-HAPUR,009-Hapur ( Sumit ),GRN/2025/3184,,2026-01-30T14:00:02,,WM-02,,,,TR/2425/33,TR/2425/33,2026-01-30T00:00:00,,Closed,,Rahul,Rahul,,,,GX/G/25-26/361,GX120947,,0,,2025-08-19T00:00:00,,2200,TO/2025/39,Warehouse,,1,,,,,,,0,0,DEL_CX2805,0,0,0,0,ONT,,,,,"House No.1065/, GH, Navi Kareem 2, Hapur,",Transfer Receipt,B4861879B512,2026-01-01
WIOM,001-SAKET,WM-02,Wiom ONT_GX-Titanium E20/Earth 2022,Normal BAU,1,0,0,1,0,0,PCS,ELECTRONICS,,009-HAPUR,009-Hapur ( Sumit ),GRN/2025/3184,,2026-01-30T14:00:02,,WM-02,,,,TR/2425/33,TR/2425/33,2026-01-30T00:00:00,,Closed,,Rahul,Rahul,,,,GX/G/25-26/361,GX119987,,0,,2025-08-19T00:00:00,,2200,TO/2025/39,Warehouse,,1,,,,,,,0,0,DEL_CX2805,0,0,0,0,ONT,,,,,"House No.1065/, GH, Navi Kareem 2, Hapur,",Transfer Receipt,B486187A00D2,2026-01-01
WIOM,001-SAKET,WM-02,Wiom ONT_GX-Titanium E20/Earth 2022,Normal BAU,1,0,0,1,0,0,PCS,ELECTRONICS,,009-HAPUR,009-Hapur ( Sumit ),GRN/2025/3184,,2026-01-30T14:00:02,,WM-02,,,,TR/2425/33,TR/2425/33,2026-01-30T00:00:00,,Closed,,Rahul,Rahul,,,,GX/G/25-26/361,GX119865,,0,,2025-08-19T00:00:00,,2200,TO/2025/39,Warehouse,,1,,,,,,,0,0,DEL_CX2805,0,0,0,0,ONT,,,,,"House No.1065/, GH, Navi Kareem 2, Hapur,",Transfer Receipt,B486187950E2,2026-01-01
WIOM,001-SAKET,WM-02,Wiom ONT_GX-Titanium E20/Earth 2022,Normal BAU,1,0,0,1,0,0,PCS,ELECTRONICS,,009-HAPUR,009-Hapur ( Sumit ),GRN/2025/3184,,2026-01-30T14:00:02,,WM-02,,,,TR/2425/33,TR/2425/33,2026-01-30T00:00:00,,Closed,,Rahul,Rahul,,,,GX/G/25-26/361,GX120607,,0,,2025-08-19T00:00:00,,2200,TO/2025/39,Warehouse,,1,,,,,,,0,0,DEL_CX2805,0,0,0,0,ONT,,,,,"House No.1065/, GH, Navi Kareem 2, Hapur,",Transfer Receipt,B48618793A02,2026-01-01
WIOM,001-SAKET,WM-02,Wiom ONT_GX-Titanium E20/Earth 2022,Normal BAU,1,0,0,1,0,0,PCS,ELECTRONICS,,009-HAPUR,009-Hapur ( Sumit ),GRN/2025/3184,,2026-01-30T14:00:02,,WM-02,,,,TR/2425/33,TR/2425/33,2026-01-30T00:00:00,,Closed,,Rahul,Rahul,,,,GX/G/25-26/361,GX119799,,0,,2025-08-19T00:00:00,,2200,TO/2025/39,Warehouse,,1,,,,,,,0,0,DEL_CX2805,0,0,0,0,ONT,,,,,"House No.1065/, GH, Navi Kareem 2, Hapur,",Transfer Receipt,B4861879B2F2,2026-01-01
WIOM,001-SAKET,WM-02,Wiom ONT_GX-Titanium E20/Earth 2022,Normal BAU,1,0,0,1,0,0,PCS,ELECTRONICS,,009-HAPUR,009-Hapur ( Sumit ),GRN/2025/3184,,2026-01-30T14:00:02,,WM-02,,,,TR/2425/33,TR/2425/33,2026-01-30T00:00:00,,Closed,,Rahul,Rahul,,,,GX/G/25-26/361,GX119990,,0,,2025-08-19T00:00:00,,2200,TO/2025/39,Warehouse,,1,,,,,,,0,0,DEL_CX2805,0,0,0,0,ONT,,,,,"House No.1065/, GH, Navi Kareem 2, Hapur,",Transfer Receipt,B4861879E542,2026-01-01
WIOM,001-SAKET,WM-02,Wiom ONT_GX-Titanium E20/Earth 2022,Normal BAU,1,0,0,1,0,0,PCS,ELECTRONICS,,009-HAPUR,009-Hapur ( Sumit ),GRN/2025/3184,,2026-01-30T14:00:02,,WM-02,,,,TR/2425/33,TR/2425/33,2026-01-30T00:00:00,,Closed,,Rahul,Rahul,,,,GX/G/25-26/361,GX119868,,0,,2025-08-19T00:00:00,,2200,TO/2025/39,Warehouse,,1,,,,,,,0,0,DEL_CX2805,0,0,0,0,ONT,,,,,"House No.1065/, GH, Navi Kareem 2, Hapur,",Transfer Receipt,B4861879F7E2,2026-01-01
WIOM,001-SAKET,WM-02,Wiom ONT_GX-Titanium E20/Earth 2022,Normal BAU,1,0,0,1,0,0,PCS,ELECTRONICS,,009-HAPUR,009-Hapur ( Sumit ),GRN/2025/3184,,2026-01-30T14:00:02,,WM-02,,,,TR/2425/33,TR/2425/33,2026-01-30T00:00:00,,Closed,,Rahul,Rahul,,,,GX/G/25-26/361,GX119795,,0,,2025-08-19T00:00:00,,2200,TO/2025/39,Warehouse,,1,,,,,,,0,0,DEL_CX2805,0,0,0,0,ONT,,,,,"House No.1065/, GH, Navi Kareem 2, Hapur,",Transfer Receipt,B4861879AE02,2026-01-01
WIOM,001-SAKET,WM-02,Wiom ONT_GX-Titanium E20/Earth 2022,Normal BAU,1,0,0,1,0,0,PCS,ELECTRONICS,,009-HAPUR,009-Hapur ( Sumit ),GRN/2025/3184,,2026-01-30T14:00:02,,WM-02,,,,TR/2425/33,TR/2425/33,2026-01-30T00:00:00,,Closed,,Rahul,Rahul,,,,GX/G/25-26/361,GX119800,,0,,2025-08-19T00:00:00,,2200,TO/2025/39,Warehouse,,1,,,,,,,0,0,DEL_CX2805,0,0,0,0,ONT,,,,,"House No.1065/, GH, Navi Kareem 2, Hapur,",Transfer Receipt,B4861879C552,2026-01-01
WIOM,001-SAKET,WM-02,Wiom ONT_GX-Titanium E20/Earth 2022,Normal BAU,1,0,0,1,0,0,PCS,ELECTRONICS,,009-HAPUR,009-Hapur ( Sumit ),GRN/2025/3184,,2026-01-30T14:00:02,,WM-02,,,,TR/2425/33,TR/2425/33,2026-01-30T00:00:00,,Closed,,Rahul,Rahul,,,,GX/G/25-26/361,GX119822,,0,,2025-08-19T00:00:00,,2200,TO/2025/39,Warehouse,,1,,,,,,,0,0,DEL_CX2805,0,0,0,0,ONT,,,,,"House No.1065/, GH, Navi Kareem 2, Hapur,",Transfer Receipt,B4861879E612,2026-01-01
WIOM,001-SAKET,WM-02,Wiom ONT_GX-Titanium E20/Earth 2022,Normal BAU,1,0,0,1,0,0,PCS,ELECTRONICS,,009-HAPUR,009-Hapur ( Sumit ),GRN/2025/3184,,2026-01-30T14:00:02,,WM-02,,,,TR/2425/33,TR/2425/33,2026-01-30T00:00:00,,Closed,,Rahul,Rahul,,,,GX/G/25-26/361,GX119828,,0,,2025-08-19T00:00:00,,2200,TO/2025/39,Warehouse,,1,,,,,,,0,0,DEL_CX2805,0,0,0,0,ONT,,,,,"House No.1065/, GH, Navi Kareem 2, Hapur,",Transfer Receipt,B48618797592,2026-01-01
WIOM,001-SAKET,WM-02,Wiom ONT_GX-Titanium E20/Earth 2022,Normal BAU,1,0,0,1,0,0,PCS,ELECTRONICS,,009-HAPUR,009-Hapur ( Sumit ),GRN/2025/3184,,2026-01-30T14:00:02,,WM-02,,,,TR/2425/33,TR/2425/33,2026-01-30T00:00:00,,Closed,,Rahul,Rahul,,,,GX/G/25-26/361,GX119796,,0,,2025-08-19T00:00:00,,2200,TO/2025/39,Warehouse,,1,,,,,,,0,0,DEL_CX2805,0,0,0,0,ONT,,,,,"House No.1065/, GH, Navi Kareem 2, Hapur,",Transfer Receipt,B4861879F5C2,2026-01-01
WIOM,001-SAKET,WM-02,Wiom ONT_GX-Titanium E20/Earth 2022,Normal BAU,1,0,0,1,0,0,PCS,ELECTRONICS,,015-PRAYAGRAJ,,GRN/2025/3183,,2026-01-30T13:25:15,,WM-02,,,,TR/2425/34,TR/2425/34,2026-01-30T00:00:00,,Closed,,Rahul,Rahul,,,,GX/G/25-26/417,GX127558,,0,,2025-09-05T00:00:00,,2200,TO/2025/40,Warehouse,,1,,,,,,,0,0,DEL_CX4313,0,0,0,0,ONT,,,,,,Transfer Receipt,B486187B5B92,2026-01-01
WIOM,001-SAKET,WM-02,Wiom ONT_GX-Titanium E20/Earth 2022,Normal BAU,1,0,0,1,1,0,PCS,ELECTRONICS,,015-PRAYAGRAJ,,GRN/2025/3173,,2026-01-29T15:46:23,,WM-02,,,,TR/2425/32,TR/2425/32,2026-01-29T00:00:00,,Released,,Rahul,Rahul,,,,GX/G/25-26/417,GX127313,,0,,2025-09-05T00:00:00,,2200,TO/2025/37,Warehouse,,1,,,,,,,0,0,DEL_CX2994,0,0,0,0,ONT,,,,,,Transfer Receipt,B486187A1C42,2026-01-01
WIOM,001-SAKET,WM-02,Wiom ONT_GX-Titanium E20/Earth 2022,Normal BAU,1,0,0,1,1,0,PCS,ELECTRONICS,,015-PRAYAGRAJ,,GRN/2025/3173,,2026-01-29T15:46:23,,WM-02,,,,TR/2425/32,TR/2425/32,2026-01-29T00:00:00,,Released,,Rahul,Rahul,,,,GX/G/25-26/417,GX127314,,0,,2025-09-05T00:00:00,,2200,TO/2025/37,Warehouse,,1,,,,,,,0,0,DEL_CX2994,0,0,0,0,ONT,,,,,,Transfer Receipt,B486187B0122,2026-01-01
WIOM,001-SAKET,WM-02,Wiom ONT_GX-Titanium E20/Earth 2022,Normal BAU,1,0,0,1,1,0,PCS,ELECTRONICS,,015-PRAYAGRAJ,,GRN/2025/3173,,2026-01-29T15:46:23,,WM-02,,,,TR/2425/32,TR/2425/32,2026-01-29T00:00:00,,Released,,Rahul,Rahul,,,,GX/G/25-26/417,GX127778,,0,,2025-09-05T00:00:00,,2200,TO/2025/37,Warehouse,,1,,,,,,,0,0,DEL_CX2994,0,0,0,0,ONT,,,,,,Transfer Receipt,B486187AF4C2,2026-01-01
WIOM,001-SAKET,WM-02,Wiom ONT_GX-Titanium E20/Earth 2022,Normal BAU,1,0,0,1,1,0,PCS,ELECTRONICS,,015-PRAYAGRAJ,,GRN/2025/3173,,2026-01-29T15:46:23,,WM-02,,,,TR/2425/32,TR/2425/32,2026-01-29T00:00:00,,Released,,Rahul,Rahul,,,,GX/G/25-26/417,GX127557,,0,,2025-09-05T00:00:00,,2200,TO/2025/37,Warehouse,,1,,,,,,,0,0,DEL_CX2994,0,0,0,0,ONT,,,,,,Transfer Receipt,B486187C6052,2026-01-01
WIOM,001-SAKET,WM-03,Wiom ONT_SY-GPON-2000-WADONT-WHITE,Normal BAU,1,0,0,1,1,0,PCS,ELECTRONICS,,015-PRAYAGRAJ,,GRN/2025/3171,,2026-01-29T15:32:48,,WM-03,,,,TR/2425/30,TR/2425/30,2026-01-29T00:00:00,,Released,,Rahul,Rahul,,,,NOD/2526/6290,SY103850,,0,,2025-09-18T00:00:00,,1950,TO/2025/35,Warehouse,,1,,,,,,,0,0,DEL_CX5055,0,0,0,0,ONT,,,,,,Transfer Receipt,989DB2B62A10,2026-01-01
WIOM,001-SAKET,WM-03,Wiom ONT_SY-GPON-2000-WADONT-WHITE,Normal BAU,1,0,0,1,1,0,PCS,ELECTRONICS,,015-PRAYAGRAJ,,GRN/2025/3171,,2026-01-29T15:32:48,,WM-03,,,,TR/2425/30,TR/2425/30,2026-01-29T00:00:00,,Released,,Rahul,Rahul,,,,NOD/2526/6290,SY103957,,0,,2025-09-18T00:00:00,,1950,TO/2025/35,Warehouse,,1,,,,,,,0,0,DEL_CX5053,0,0,0,0,ONT,,,,,,Transfer Receipt,989DB2B61558,2026-01-01
WIOM,001-SAKET,WM-03,Wiom ONT_SY-GPON-2000-WADONT-WHITE,Normal BAU,1,0,0,1,1,0,PCS,ELECTRONICS,,015-PRAYAGRAJ,,GRN/2025/3171,,2026-01-29T15:32:48,,WM-03,,,,TR/2425/30,TR/2425/30,2026-01-29T00:00:00,,Released,,Rahul,Rahul,,,,NOD/2526/6290,SY103959,,0,,2025-09-18T00:00:00,,1950,TO/2025/35,Warehouse,,1,,,,,,,0,0,DEL_CX5045,0,0,0,0,ONT,,,,,,Transfer Receipt,989DB2B615B0,2026-01-01
WIOM,001-SAKET,WM-03,Wiom ONT_SY-GPON-2000-WADONT-WHITE,Normal BAU,1,0,0,1,1,0,PCS,ELECTRONICS,,015-PRAYAGRAJ,,GRN/2025/3171,,2026-01-29T15:32:48,,WM-03,,,,TR/2425/30,TR/2425/30,2026-01-29T00:00:00,,Released,,Rahul,Rahul,,,,NOD/2526/6290,SY103855,,0,,2025-09-18T00:00:00,,1950,TO/2025/35,Warehouse,,1,,,,,,,0,0,DEL_CX5063,0,0,0,0,ONT,,,,,,Transfer Receipt,989DB2B62778,2026-01-01
WIOM,001-SAKET,WM-03,Wiom ONT_SY-GPON-2000-WADONT-WHITE,Normal BAU,1,0,0,1,1,0,PCS,ELECTRONICS,,015-PRAYAGRAJ,,GRN/2025/3171,,2026-01-29T15:32:48,,WM-03,,,,TR/2425/30,TR/2425/30,2026-01-29T00:00:00,,Released,,Rahul,Rahul,,,,NOD/2526/6031,SY103126,,0,,2025-09-11T00:00:00,,1950,TO/2025/35,Warehouse,,1,,,,,,,0,0,DEL_CX4553,0,0,0,0,ONT,,,,,,Transfer Receipt,989DB2B62758,2026-01-01
WIOM,001-SAKET,WM-03,Wiom ONT_SY-GPON-2000-WADONT-WHITE,Normal BAU,1,0,0,1,1,0,PCS,ELECTRONICS,,015-PRAYAGRAJ,,GRN/2025/3171,,2026-01-29T15:32:48,,WM-03,,,,TR/2425/30,TR/2425/30,2026-01-29T00:00:00,,Released,,Rahul,Rahul,,,,NOD/2526/6290,SY103945,,0,,2025-09-18T00:00:00,,1950,TO/2025/35,Warehouse,,1,,,,,,,0,0,DEL_CX5047,0,0,0,0,ONT,,,,,,Transfer Receipt,989DB2B61550,2026-01-01
WIOM,001-SAKET,WM-03,Wiom ONT_SY-GPON-2000-WADONT-WHITE,Normal BAU,1,0,0,1,1,0,PCS,ELECTRONICS,,015-PRAYAGRAJ,,GRN/2025/3171,,2026-01-29T15:32:48,,WM-03,,,,TR/2425/30,TR/2425/30,2026-01-29T00:00:00,,Released,,Rahul,Rahul,,,,NOD/2526/6290,SY104050,,0,,2025-09-18T00:00:00,,1950,TO/2025/35,Warehouse,,1,,,,,,,0,0,DEL_CX5048,0,0,0,0,ONT,,,,,,Transfer Receipt,989DB2B60D40,2026-01-01
WIOM,001-SAKET,WM-03,Wiom ONT_SY-GPON-2000-WADONT-WHITE,Normal BAU,1,0,0,1,1,0,PCS,ELECTRONICS,,015-PRAYAGRAJ,,GRN/2025/3171,,2026-01-29T15:32:48,,WM-03,,,,TR/2425/30,TR/2425/30,2026-01-29T00:00:00,,Released,,Rahul,Rahul,,,,NOD/2526/6290,SY104059,,0,,2025-09-18T00:00:00,,1950,TO/2025/35,Warehouse,,1,,,,,,,0,0,DEL_CX5049,0,0,0,0,ONT,,,,,,Transfer Receipt,989DB2B62498,2026-01-01
WIOM,001-SAKET,WM-03,Wiom ONT_SY-GPON-2000-WADONT-WHITE,Normal BAU,1,0,0,1,1,0,PCS,ELECTRONICS,,015-PRAYAGRAJ,,GRN/2025/3171,,2026-01-29T15:32:48,,WM-03,,,,TR/2425/30,TR/2425/30,2026-01-29T00:00:00,,Released,,Rahul,Rahul,,,,NOD/2526/6290,SY105247,,0,,2025-09-18T00:00:00,,1950,TO/2025/35,Warehouse,,1,,,,,,,0,0,DEL_CX5057,0,0,0,0,ONT,,,,,,Transfer Receipt,989DB2B66038,2026-01-01
WIOM,001-SAKET,WM-03,Wiom ONT_SY-GPON-2000-WADONT-WHITE,Normal BAU,1,0,0,1,1,0,PCS,ELECTRONICS,,015-PRAYAGRAJ,,GRN/2025/3171,,2026-01-29T15:32:48,,WM-03,,,,TR/2425/30,TR/2425/30,2026-01-29T00:00:00,,Released,,Rahul,Rahul,,,,NOD/2526/6290,SY104060,,0,,2025-09-18T00:00:00,,1950,TO/2025/35,Warehouse,,1,,,,,,,0,0,DEL_CX5049,0,0,0,0,ONT,,,,,,Transfer Receipt,989DB2B62250,2026-01-01
WIOM,001-SAKET,WM-03,Wiom ONT_SY-GPON-2000-WADONT-WHITE,Normal BAU,1,0,0,1,1,0,PCS,ELECTRONICS,,015-PRAYAGRAJ,,GRN/2025/3171,,2026-01-29T15:32:48,,WM-03,,,,TR/2425/30,TR/2425/30,2026-01-29T00:00:00,,Released,,Rahul,Rahul,,,,NOD/2526/6290,SY103951,,0,,2025-09-18T00:00:00,,1950,TO/2025/35,Warehouse,,1,,,,,,,0,0,DEL_CX5045,0,0,0,0,ONT,,,,,,Transfer Receipt,989DB2B61548,2026-01-01
WIOM,001-SAKET,WM-03,Wiom ONT_SY-GPON-2000-WADONT-WHITE,Normal BAU,1,0,0,1,1,0,PCS,ELECTRONICS,,015-PRAYAGRAJ,,GRN/2025/3171,,2026-01-29T15:32:48,,WM-03,,,,TR/2425/30,TR/2425/30,2026-01-29T00:00:00,,Released,,Rahul,Rahul,,,,NOD/2526/6290,SY104054,,0,,2025-09-18T00:00:00,,1950,TO/2025/35,Warehouse,,1,,,,,,,0,0,DEL_CX5050,0,0,0,0,ONT,,,,,,Transfer Receipt,989DB2B61B38,2026-01-01
WIOM,001-SAKET,WM-03,Wiom ONT_SY-GPON-2000-WADONT-WHITE,Normal BAU,1,0,0,1,1,0,PCS,ELECTRONICS,,015-PRAYAGRAJ,,GRN/2025/3171,,2026-01-29T15:32:48,,WM-03,,,,TR/2425/30,TR/2425/30,2026-01-29T00:00:00,,Released,,Rahul,Rahul,,,,NOD/2526/6031,SY103057,,0,,2025-09-11T00:00:00,,1950,TO/2025/35,Warehouse,,1,,,,,,,0,0,DEL_CX4546,0,0,0,0,ONT,,,,,,Transfer Receipt,989DB2B625D0,2026-01-01
WIOM,001-SAKET,WM-03,Wiom ONT_SY-GPON-2000-WADONT-WHITE,Normal BAU,1,0,0,1,1,0,PCS,ELECTRONICS,,015-PRAYAGRAJ,,GRN/2025/3171,,2026-01-29T15:32:48,,WM-03,,,,TR/2425/30,TR/2425/30,2026-01-29T00:00:00,,Released,,Rahul,Rahul,,,,NOD/2526/6290,SY105257,,0,,2025-09-18T00:00:00,,1950,TO/2025/35,Warehouse,,1,,,,,,,0,0,DEL_CX5061,0,0,0,0,ONT,,,,,,Transfer Receipt,989DB2B65D20,2026-01-01
WIOM,001-SAKET,WM-03,Wiom ONT_SY-GPON-2000-WADONT-WHITE,Normal BAU,1,0,0,1,1,0,PCS,ELECTRONICS,,015-PRAYAGRAJ,,GRN/2025/3171,,2026-01-29T15:32:48,,WM-03,,,,TR/2425/30,TR/2425/30,2026-01-29T00:00:00,,Released,,Rahul,Rahul,,,,NOD/2526/6290,SY105253,,0,,2025-09-18T00:00:00,,1950,TO/2025/35,Warehouse,,1,,,,,,,0,0,DEL_CX5061,0,0,0,0,ONT,,,,,,Transfer Receipt,989DB2B666A8,2026-01-01
WIOM,001-SAKET,WM-03,Wiom ONT_SY-GPON-2000-WADONT-WHITE,Normal BAU,1,0,0,1,1,0,PCS,ELECTRONICS,,015-PRAYAGRAJ,,GRN/2025/3171,,2026-01-29T15:32:48,,WM-03,,,,TR/2425/30,TR/2425/30,2026-01-29T00:00:00,,Released,,Rahul,Rahul,,,,NOD/2526/6290,SY103949,,0,,2025-09-18T00:00:00,,1950,TO/2025/35,Warehouse,,1,,,,,,,0,0,DEL_CX5047,0,0,0,0,ONT,,,,,,Transfer Receipt,989DB2B61598,2026-01-01
WIOM,001-SAKET,WM-03,Wiom ONT_SY-GPON-2000-WADONT-WHITE,Normal BAU,1,0,0,1,1,0,PCS,ELECTRONICS,,015-PRAYAGRAJ,,GRN/2025/3171,,2026-01-29T15:32:48,,WM-03,,,,TR/2425/30,TR/2425/30,2026-01-29T00:00:00,,Released,,Rahul,Rahul,,,,NOD/2526/6031,SY103124,,0,,2025-09-11T00:00:00,,1950,TO/2025/35,Warehouse,,1,,,,,,,0,0,DEL_CX4553,0,0,0,0,ONT,,,,,,Transfer Receipt,989DB2B632C8,2026-01-01
WIOM,001-SAKET,WM-03,Wiom ONT_SY-GPON-2000-WADONT-WHITE,Normal BAU,1,0,0,1,1,0,PCS,ELECTRONICS,,015-PRAYAGRAJ,,GRN/2025/3171,,2026-01-29T15:32:48,,WM-03,,,,TR/2425/30,TR/2425/30,2026-01-29T00:00:00,,Released,,Rahul,Rahul,,,,NOD/2526/6031,SY102732,,0,,2025-09-11T00:00:00,,1950,TO/2025/35,Warehouse,,1,,,,,,,0,0,DEL_CX4574,0,0,0,0,ONT,,,,,,Transfer Receipt,989DB2B61D50,2026-01-01
WIOM,001-SAKET,WM-03,Wiom ONT_SY-GPON-2000-WADONT-WHITE,Normal BAU,1,0,0,1,1,0,PCS,ELECTRONICS,,015-PRAYAGRAJ,,GRN/2025/3171,,2026-01-29T15:32:48,,WM-03,,,,TR/2425/30,TR/2425/30,2026-01-29T00:00:00,,Released,,Rahul,Rahul,,,,NOD/2526/6031,SY103045,,0,,2025-09-11T00:00:00,,1950,TO/2025/35,Warehouse,,1,,,,,,,0,0,DEL_CX4546,0,0,0,0,ONT,,,,,,Transfer Receipt,989DB2B62760,2026-01-01
WIOM,001-SAKET,WM-03,Wiom ONT_SY-GPON-2000-WADONT-WHITE,Normal BAU,1,0,0,1,1,0,PCS,ELECTRONICS,,015-PRAYAGRAJ,,GRN/2025/3171,,2026-01-29T15:32:48,,WM-03,,,,TR/2425/30,TR/2425/30,2026-01-29T00:00:00,,Released,,Rahul,Rahul,,,,NOD/2526/6290,SY103843,,0,,2025-09-18T00:00:00,,1950,TO/2025/35,Warehouse,,1,,,,,,,0,0,DEL_CX5055,0,0,0,0,ONT,,,,,,Transfer Receipt,989DB2B629F0,2026-01-01
WIOM,001-SAKET,WM-03,Wiom ONT_SY-GPON-2000-WADONT-WHITE,Normal BAU,1,0,0,1,1,0,PCS,ELECTRONICS,,015-PRAYAGRAJ,,GRN/2025/3171,,2026-01-29T15:32:48,,WM-03,,,,TR/2425/30,TR/2425/30,2026-01-29T00:00:00,,Released,,Rahul,Rahul,,,,NOD/2526/6290,SY105248,,0,,2025-09-18T00:00:00,,1950,TO/2025/35,Warehouse,,1,,,,,,,0,0,DEL_CX5058,0,0,0,0,ONT,,,,,,Transfer Receipt,989DB2B65A10,2026-01-01
WIOM,001-SAKET,WM-03,Wiom ONT_SY-GPON-2000-WADONT-WHITE,Normal BAU,1,0,0,1,1,0,PCS,ELECTRONICS,,015-PRAYAGRAJ,,GRN/2025/3171,,2026-01-29T15:32:48,,WM-03,,,,TR/2425/30,TR/2425/30,2026-01-29T00:00:00,,Released,,Rahul,Rahul,,,,NOD/2526/6031,SY102726,,0,,2025-09-11T00:00:00,,1950,TO/2025/35,Warehouse,,1,,,,,,,0,0,DEL_CX4574,0,0,0,0,ONT,,,,,,Transfer Receipt,989DB2B61500,2026-01-01
WIOM,001-SAKET,WM-03,Wiom ONT_SY-GPON-2000-WADONT-WHITE,Normal BAU,1,0,0,1,1,0,PCS,ELECTRONICS,,015-PRAYAGRAJ,,GRN/2025/3171,,2026-01-29T15:32:48,,WM-03,,,,TR/2425/30,TR/2425/30,2026-01-29T00:00:00,,Released,,Rahul,Rahul,,,,NOD/2526/6031,SY102987,,0,,2025-09-11T00:00:00,,1950,TO/2025/35,Warehouse,,1,,,,,,,0,0,DEL_CX4546,0,0,0,0,ONT,,,,,,Transfer Receipt,989DB2B62370,2026-01-01
WIOM,001-SAKET,WM-03,Wiom ONT_SY-GPON-2000-WADONT-WHITE,Normal BAU,1,0,0,1,1,0,PCS,ELECTRONICS,,015-PRAYAGRAJ,,GRN/2025/3171,,2026-01-29T15:32:48,,WM-03,,,,TR/2425/30,TR/2425/30,2026-01-29T00:00:00,,Released,,Rahul,Rahul,,,,NOD/2526/6290,SY105238,,0,,2025-09-18T00:00:00,,1950,TO/2025/35,Warehouse,,1,,,,,,,0,0,DEL_CX5068,0,0,0,0,ONT,,,,,,Transfer Receipt,989DB2B66480,2026-01-01
WIOM,001-SAKET,WM-03,Wiom ONT_SY-GPON-2000-WADONT-WHITE,Normal BAU,1,0,0,1,1,0,PCS,ELECTRONICS,,015-PRAYAGRAJ,,GRN/2025/3171,,2026-01-29T15:32:48,,WM-03,,,,TR/2425/30,TR/2425/30,2026-01-29T00:00:00,,Released,,Rahul,Rahul,,,,NOD/2526/6290,SY105258,,0,,2025-09-18T00:00:00,,1950,TO/2025/35,Warehouse,,1,,,,,,,0,0,DEL_CX5059,0,0,0,0,ONT,,,,,,Transfer Receipt,989DB2B660E0,2026-01-01
WIOM,001-SAKET,WM-03,Wiom ONT_SY-GPON-2000-WADONT-WHITE,Normal BAU,1,0,0,1,1,0,PCS,ELECTRONICS,,015-PRAYAGRAJ,,GRN/2025/3171,,2026-01-29T15:32:48,,WM-03,,,,TR/2425/30,TR/2425/30,2026-01-29T00:00:00,,Released,,Rahul,Rahul,,,,NOD/2526/6290,SY104056,,0,,2025-09-18T00:00:00,,1950,TO/2025/35,Warehouse,,1,,,,,,,0,0,DEL_CX5049,0,0,0,0,ONT,,,,,,Transfer Receipt,989DB2B61D30,2026-01-01
WIOM,001-SAKET,WM-03,Wiom ONT_SY-GPON-2000-WADONT-WHITE,Normal BAU,1,0,0,1,1,0,PCS,ELECTRONICS,,015-PRAYAGRAJ,,GRN/2025/3171,,2026-01-29T15:32:48,,WM-03,,,,TR/2425/30,TR/2425/30,2026-01-29T00:00:00,,Released,,Rahul,Rahul,,,,NOD/2526/6290,SY103948,,0,,2025-09-18T00:00:00,,1950,TO/2025/35,Warehouse,,1,,,,,,,0,0,DEL_CX5052,0,0,0,0,ONT,,,,,,Transfer Receipt,989DB2B61600,2026-01-01
WIOM,001-SAKET,WM-03,Wiom ONT_SY-GPON-2000-WADONT-WHITE,Normal BAU,1,0,0,1,1,0,PCS,ELECTRONICS,,015-PRAYAGRAJ,,GRN/2025/3171,,2026-01-29T15:32:48,,WM-03,,,,TR/2425/30,TR/2425/30,2026-01-29T00:00:00,,Released,,Rahul,Rahul,,,,NOD/2526/6290,SY104047,,0,,2025-09-18T00:00:00,,1950,TO/2025/35,Warehouse,,1,,,,,,,0,0,DEL_CX5050,0,0,0,0,ONT,,,,,,Transfer Receipt,989DB2B61C70,2026-01-01
WIOM,001-SAKET,WM-03,Wiom ONT_SY-GPON-2000-WADONT-WHITE,Normal BAU,1,0,0,1,1,0,PCS,ELECTRONICS,,015-PRAYAGRAJ,,GRN/2025/3171,,2026-01-29T15:32:48,,WM-03,,,,TR/2425/30,TR/2425/30,2026-01-29T00:00:00,,Released,,Rahul,Rahul,,,,NOD/2526/6031,SY103129,,0,,2025-09-11T00:00:00,,1950,TO/2025/35,Warehouse,,1,,,,,,,0,0,DEL_CX4553,0,0,0,0,ONT,,,,,,Transfer Receipt,989DB2B632D8,2026-01-01
WIOM,001-SAKET,WM-03,Wiom ONT_SY-GPON-2000-WADONT-WHITE,Normal BAU,1,0,0,1,1,0,PCS,ELECTRONICS,,015-PRAYAGRAJ,,GRN/2025/3171,,2026-01-29T15:32:48,,WM-03,,,,TR/2425/30,TR/2425/30,2026-01-29T00:00:00,,Released,,Rahul,Rahul,,,,NOD/2526/6290,SY103958,,0,,2025-09-18T00:00:00,,1950,TO/2025/35,Warehouse,,1,,,,,,,0,0,DEL_CX5047,0,0,0,0,ONT,,,,,,Transfer Receipt,989DB2B60DB0,2026-01-01
WIOM,001-SAKET,WM-03,Wiom ONT_SY-GPON-2000-WADONT-WHITE,Normal BAU,1,0,0,1,1,0,PCS,ELECTRONICS,,015-PRAYAGRAJ,,GRN/2025/3171,,2026-01-29T15:32:48,,WM-03,,,,TR/2425/30,TR/2425/30,2026-01-29T00:00:00,,Released,,Rahul,Rahul,,,,NOD/2526/6290,SY103847,,0,,2025-09-18T00:00:00,,1950,TO/2025/35,Warehouse,,1,,,,,,,0,0,DEL_CX5054,0,0,0,0,ONT,,,,,,Transfer Receipt,989DB2B5EDD8,2026-01-01
WIOM,001-SAKET,WM-03,Wiom ONT_SY-GPON-2000-WADONT-WHITE,Normal BAU,1,0,0,1,1,0,PCS,ELECTRONICS,,015-PRAYAGRAJ,,GRN/2025/3171,,2026-01-29T15:32:48,,WM-03,,,,TR/2425/30,TR/2425/30,2026-01-29T00:00:00,,Released,,Rahul,Rahul,,,,NOD/2526/6290,SY103960,,0,,2025-09-18T00:00:00,,1950,TO/2025/35,Warehouse,,1,,,,,,,0,0,DEL_CX5052,0,0,0,0,ONT,,,,,,Transfer Receipt,989DB2B618A8,2026-01-01
WIOM,001-SAKET,WM-03,Wiom ONT_SY-GPON-2000-WADONT-WHITE,Normal BAU,1,0,0,1,1,0,PCS,ELECTRONICS,,015-PRAYAGRAJ,,GRN/2025/3171,,2026-01-29T15:32:48,,WM-03,,,,TR/2425/30,TR/2425/30,2026-01-29T00:00:00,,Released,,Rahul,Rahul,,,,NOD/2526/6031,SY103139,,0,,2025-09-11T00:00:00,,1950,TO/2025/35,Warehouse,,1,,,,,,,0,0,DEL_CX4553,0,0,0,0,ONT,,,,,,Transfer Receipt,989DB2B625A0,2026-01-01
WIOM,001-SAKET,WM-03,Wiom ONT_SY-GPON-2000-WADONT-WHITE,Normal BAU,1,0,0,1,1,0,PCS,ELECTRONICS,,015-PRAYAGRAJ,,GRN/2025/3171,,2026-01-29T15:32:48,,WM-03,,,,TR/2425/30,TR/2425/30,2026-01-29T00:00:00,,Released,,Rahul,Rahul,,,,NOD/2526/6290,SY104041,,0,,2025-09-18T00:00:00,,1950,TO/2025/35,Warehouse,,1,,,,,,,0,0,DEL_CX5051,0,0,0,0,ONT,,,,,,Transfer Receipt,989DB2B64098,2026-01-01
WIOM,001-SAKET,WM-03,Wiom ONT_SY-GPON-2000-WADONT-WHITE,Normal BAU,1,0,0,1,1,0,PCS,ELECTRONICS,,015-PRAYAGRAJ,,GRN/2025/3171,,2026-01-29T15:32:48,,WM-03,,,,TR/2425/30,TR/2425/30,2026-01-29T00:00:00,,Released,,Rahul,Rahul,,,,NOD/2526/6290,SY103941,,0,,2025-09-18T00:00:00,,1950,TO/2025/35,Warehouse,,1,,,,,,,0,0,DEL_CX5047,0,0,0,0,ONT,,,,,,Transfer Receipt,989DB2B61850,2026-01-01
WIOM,001-SAKET,WM-03,Wiom ONT_SY-GPON-2000-WADONT-WHITE,Normal BAU,1,0,0,1,1,0,PCS,ELECTRONICS,,015-PRAYAGRAJ,,GRN/2025/3171,,2026-01-29T15:32:48,,WM-03,,,,TR/2425/30,TR/2425/30,2026-01-29T00:00:00,,Released,,Rahul,Rahul,,,,NOD/2526/6031,SY102982,,0,,2025-09-11T00:00:00,,1950,TO/2025/35,Warehouse,,1,,,,,,,0,0,DEL_CX4546,0,0,0,0,ONT,,,,,,Transfer Receipt,989DB2B62C00,2026-01-01
WIOM,001-SAKET,WM-03,Wiom ONT_SY-GPON-2000-WADONT-WHITE,Normal BAU,1,0,0,1,1,0,PCS,ELECTRONICS,,015-PRAYAGRAJ,,GRN/2025/3171,,2026-01-29T15:32:48,,WM-03,,,,TR/2425/30,TR/2425/30,2026-01-29T00:00:00,,Released,,Rahul,Rahul,,,,NOD/2526/6290,SY105241,,0,,2025-09-18T00:00:00,,1950,TO/2025/35,Warehouse,,1,,,,,,,0,0,DEL_CX5061,0,0,0,0,ONT,,,,,,Transfer Receipt,989DB2B65DC8,2026-01-01
WIOM,001-SAKET,WM-03,Wiom ONT_SY-GPON-2000-WADONT-WHITE,Normal BAU,1,0,0,1,1,0,PCS,ELECTRONICS,,015-PRAYAGRAJ,,GRN/2025/3171,,2026-01-29T15:32:48,,WM-03,,,,TR/2425/30,TR/2425/30,2026-01-29T00:00:00,,Released,,Rahul,Rahul,,,,NOD/2526/6290,SY105223,,0,,2025-09-18T00:00:00,,1950,TO/2025/35,Warehouse,,1,,,,,,,0,0,DEL_CX5065,0,0,0,0,ONT,,,,,,Transfer Receipt,989DB2B66100,2026-01-01
WIOM,001-SAKET,WM-03,Wiom ONT_SY-GPON-2000-WADONT-WHITE,Normal BAU,1,0,0,1,1,0,PCS,ELECTRONICS,,015-PRAYAGRAJ,,GRN/2025/3171,,2026-01-29T15:32:48,,WM-03,,,,TR/2425/30,TR/2425/30,2026-01-29T00:00:00,,Released,,Rahul,Rahul,,,,NOD/2526/6031,SY103127,,0,,2025-09-11T00:00:00,,1950,TO/2025/35,Warehouse,,1,,,,,,,0,0,DEL_CX4553,0,0,0,0,ONT,,,,,,Transfer Receipt,989DB2B62E68,2026-01-01
WIOM,001-SAKET,WM-03,Wiom ONT_SY-GPON-2000-WADONT-WHITE,Normal BAU,1,0,0,1,1,0,PCS,ELECTRONICS,,015-PRAYAGRAJ,,GRN/2025/3171,,2026-01-29T15:32:48,,WM-03,,,,TR/2425/30,TR/2425/30,2026-01-29T00:00:00,,Released,,Rahul,Rahul,,,,NOD/2526/6031,SY102995,,0,,2025-09-11T00:00:00,,1950,TO/2025/35,Warehouse,,1,,,,,,,0,0,DEL_CX4546,0,0,0,0,ONT,,,,,,Transfer Receipt,989DB2B630E8,2026-01-01
WIOM,001-SAKET,WM-03,Wiom ONT_SY-GPON-2000-WADONT-WHITE,Normal BAU,1,0,0,1,1,0,PCS,ELECTRONICS,,015-PRAYAGRAJ,,GRN/2025/3171,,2026-01-29T15:32:48,,WM-03,,,,TR/2425/30,TR/2425/30,2026-01-29T00:00:00,,Released,,Rahul,Rahul,,,,NOD/2526/6290,SY105233,,0,,2025-09-18T00:00:00,,1950,TO/2025/35,Warehouse,,1,,,,,,,0,0,DEL_CX5068,0,0,0,0,ONT,,,,,,Transfer Receipt,989DB2B65830,2026-01-01
WIOM,001-SAKET,WM-03,Wiom ONT_SY-GPON-2000-WADONT-WHITE,Normal BAU,1,0,0,1,1,0,PCS,ELECTRONICS,,015-PRAYAGRAJ,,GRN/2025/3171,,2026-01-29T15:32:48,,WM-03,,,,TR/2425/30,TR/2425/30,2026-01-29T00:00:00,,Released,,Rahul,Rahul,,,,NOD/2526/6290,SY103856,,0,,2025-09-18T00:00:00,,1950,TO/2025/35,Warehouse,,1,,,,,,,0,0,DEL_CX5054,0,0,0,0,ONT,,,,,,Transfer Receipt,989DB2B63050,2026-01-01
WIOM,001-SAKET,WM-03,Wiom ONT_SY-GPON-2000-WADONT-WHITE,Normal BAU,1,0,0,1,1,0,PCS,ELECTRONICS,,015-PRAYAGRAJ,,GRN/2025/3171,,2026-01-29T15:32:48,,WM-03,,,,TR/2425/30,TR/2425/30,2026-01-29T00:00:00,,Released,,Rahul,Rahul,,,,NOD/2526/6290,SY103942,,0,,2025-09-18T00:00:00,,1950,TO/2025/35,Warehouse,,1,,,,,,,0,0,DEL_CX5053,0,0,0,0,ONT,,,,,,Transfer Receipt,989DB2B61920,2026-01-01
WIOM,001-SAKET,WM-03,Wiom ONT_SY-GPON-2000-WADONT-WHITE,Normal BAU,1,0,0,1,1,0,PCS,ELECTRONICS,,015-PRAYAGRAJ,,GRN/2025/3171,,2026-01-29T15:32:48,,WM-03,,,,TR/2425/30,TR/2425/30,2026-01-29T00:00:00,,Released,,Rahul,Rahul,,,,NOD/2526/6290,SY104049,,0,,2025-09-18T00:00:00,,1950,TO/2025/35,Warehouse,,1,,,,,,,0,0,DEL_CX5049,0,0,0,0,ONT,,,,,,Transfer Receipt,989DB2B61A08,2026-01-01
WIOM,001-SAKET,WM-03,Wiom ONT_SY-GPON-2000-WADONT-WHITE,Normal BAU,1,0,0,1,1,0,PCS,ELECTRONICS,,015-PRAYAGRAJ,,GRN/2025/3171,,2026-01-29T15:32:48,,WM-03,,,,TR/2425/30,TR/2425/30,2026-01-29T00:00:00,,Released,,Rahul,Rahul,,,,NOD/2526/6290,SY104042,,0,,2025-09-18T00:00:00,,1950,TO/2025/35,Warehouse,,1,,,,,,,0,0,DEL_CX5048,0,0,0,0,ONT,,,,,,Transfer Receipt,989DB2B63728,2026-01-01
WIOM,001-SAKET,WM-03,Wiom ONT_SY-GPON-2000-WADONT-WHITE,Normal BAU,1,0,0,1,1,0,PCS,ELECTRONICS,,015-PRAYAGRAJ,,GRN/2025/3171,,2026-01-29T15:32:48,,WM-03,,,,TR/2425/30,TR/2425/30,2026-01-29T00:00:00,,Released,,Rahul,Rahul,,,,NOD/2526/6290,SY105255,,0,,2025-09-18T00:00:00,,1950,TO/2025/35,Warehouse,,1,,,,,,,0,0,DEL_CX5057,0,0,0,0,ONT,,,,,,Transfer Receipt,989DB2B66650,2026-01-01
WIOM,001-SAKET,WM-03,Wiom ONT_SY-GPON-2000-WADONT-WHITE,Normal BAU,1,0,0,1,1,0,PCS,ELECTRONICS,,015-PRAYAGRAJ,,GRN/2025/3171,,2026-01-29T15:32:48,,WM-03,,,,TR/2425/30,TR/2425/30,2026-01-29T00:00:00,,Released,,Rahul,Rahul,,,,NOD/2526/6290,SY103859,,0,,2025-09-18T00:00:00,,1950,TO/2025/35,Warehouse,,1,,,,,,,0,0,DEL_CX5063,0,0,0,0,ONT,,,,,,Transfer Receipt,989DB2B62200,2026-01-01
WIOM,001-SAKET,WM-03,Wiom ONT_SY-GPON-2000-WADONT-WHITE,Normal BAU,1,0,0,1,1,0,PCS,ELECTRONICS,,015-PRAYAGRAJ,,GRN/2025/3171,,2026-01-29T15:32:48,,WM-03,,,,TR/2425/30,TR/2425/30,2026-01-29T00:00:00,,Released,,Rahul,Rahul,,,,NOD/2526/6290,SY105252,,0,,2025-09-18T00:00:00,,1950,TO/2025/35,Warehouse,,1,,,,,,,0,0,DEL_CX5058,0,0,0,0,ONT,,,,,,Transfer Receipt,989DB2B665C8,2026-01-01
WIOM,001-SAKET,WM-03,Wiom ONT_SY-GPON-2000-WADONT-WHITE,Normal BAU,1,0,0,1,1,0,PCS,ELECTRONICS,,015-PRAYAGRAJ,,GRN/2025/3171,,2026-01-29T15:32:48,,WM-03,,,,TR/2425/30,TR/2425/30,2026-01-29T00:00:00,,Released,,Rahul,Rahul,,,,NOD/2526/6290,SY105225,,0,,2025-09-18T00:00:00,,1950,TO/2025/35,Warehouse,,1,,,,,,,0,0,DEL_CX5066,0,0,0,0,ONT,,,,,,Transfer Receipt,989DB2B66040,2026-01-01
WIOM,001-SAKET,WM-03,Wiom ONT_SY-GPON-2000-WADONT-WHITE,Normal BAU,1,0,0,1,1,0,PCS,ELECTRONICS,,015-PRAYAGRAJ,,GRN/2025/3171,,2026-01-29T15:32:48,,WM-03,,,,TR/2425/30,TR/2425/30,2026-01-29T00:00:00,,Released,,Rahul,Rahul,,,,NOD/2526/6031,SY102738,,0,,2025-09-11T00:00:00,,1950,TO/2025/35,Warehouse,,1,,,,,,,0,0,DEL_CX4574,0,0,0,0,ONT,,,,,,Transfer Receipt,989DB2B62488,2026-01-01
WIOM,001-SAKET,WM-03,Wiom ONT_SY-GPON-2000-WADONT-WHITE,Normal BAU,1,0,0,1,1,0,PCS,ELECTRONICS,,015-PRAYAGRAJ,,GRN/2025/3171,,2026-01-29T15:32:48,,WM-03,,,,TR/2425/30,TR/2425/30,2026-01-29T00:00:00,,Released,,Rahul,Rahul,,,,NOD/2526/6290,SY105244,,0,,2025-09-18T00:00:00,,1950,TO/2025/35,Warehouse,,1,,,,,,,0,0,DEL_CX5058,0,0,0,0,ONT,,,,,,Transfer Receipt,989DB2B66110,2026-01-01
WIOM,001-SAKET,WM-03,Wiom ONT_SY-GPON-2000-WADONT-WHITE,Normal BAU,1,0,0,1,1,0,PCS,ELECTRONICS,,015-PRAYAGRAJ,,GRN/2025/3171,,2026-01-29T15:32:48,,WM-03,,,,TR/2425/30,TR/2425/30,2026-01-29T00:00:00,,Released,,Rahul,Rahul,,,,NOD/2526/6290,SY105232,,0,,2025-09-18T00:00:00,,1950,TO/2025/35,Warehouse,,1,,,,,,,0,0,DEL_CX5068,0,0,0,0,ONT,,,,,,Transfer Receipt,989DB2B65D38,2026-01-01
WIOM,001-SAKET,WM-03,Wiom ONT_SY-GPON-2000-WADONT-WHITE,Normal BAU,1,0,0,1,1,0,PCS,ELECTRONICS,,015-PRAYAGRAJ,,GRN/2025/3171,,2026-01-29T15:32:48,,WM-03,,,,TR/2425/30,TR/2425/30,2026-01-29T00:00:00,,Released,,Rahul,Rahul,,,,NOD/2526/6290,SY103946,,0,,2025-09-18T00:00:00,,1950,TO/2025/35,Warehouse,,1,,,,,,,0,0,DEL_CX5053,0,0,0,0,ONT,,,,,,Transfer Receipt,989DB2B61AA0,2026-01-01
WIOM,001-SAKET,WM-03,Wiom ONT_SY-GPON-2000-WADONT-WHITE,Normal BAU,1,0,0,1,1,0,PCS,ELECTRONICS,,015-PRAYAGRAJ,,GRN/2025/3171,,2026-01-29T15:32:48,,WM-03,,,,TR/2425/30,TR/2425/30,2026-01-29T00:00:00,,Released,,Rahul,Rahul,,,,NOD/2526/6290,SY103860,,0,,2025-09-18T00:00:00,,1950,TO/2025/35,Warehouse,,1,,,,,,,0,0,DEL_CX5060,0,0,0,0,ONT,,,,,,Transfer Receipt,989DB2B62358,2026-01-01
WIOM,001-SAKET,WM-03,Wiom ONT_SY-GPON-2000-WADONT-WHITE,Normal BAU,1,0,0,1,1,0,PCS,ELECTRONICS,,015-PRAYAGRAJ,,GRN/2025/3171,,2026-01-29T15:32:48,,WM-03,,,,TR/2425/30,TR/2425/30,2026-01-29T00:00:00,,Released,,Rahul,Rahul,,,,NOD/2526/6290,SY103851,,0,,2025-09-18T00:00:00,,1950,TO/2025/35,Warehouse,,1,,,,,,,0,0,DEL_CX5060,0,0,0,0,ONT,,,,,,Transfer Receipt,989DB2B62328,2026-01-01
WIOM,001-SAKET,WM-03,Wiom ONT_SY-GPON-2000-WADONT-WHITE,Normal BAU,1,0,0,1,1,0,PCS,ELECTRONICS,,015-PRAYAGRAJ,,GRN/2025/3171,,2026-01-29T15:32:48,,WM-03,,,,TR/2425/30,TR/2425/30,2026-01-29T00:00:00,,Released,,Rahul,Rahul,,,,NOD/2526/6290,SY105224,,0,,2025-09-18T00:00:00,,1950,TO/2025/35,Warehouse,,1,,,,,,,0,0,DEL_CX5068,0,0,0,0,ONT,,,,,,Transfer Receipt,989DB2B660E8,2026-01-01
WIOM,001-SAKET,WM-03,Wiom ONT_SY-GPON-2000-WADONT-WHITE,Normal BAU,1,0,0,1,1,0,PCS,ELECTRONICS,,015-PRAYAGRAJ,,GRN/2025/3171,,2026-01-29T15:32:48,,WM-03,,,,TR/2425/30,TR/2425/30,2026-01-29T00:00:00,,Released,,Rahul,Rahul,,,,NOD/2526/6290,SY103955,,0,,2025-09-18T00:00:00,,1950,TO/2025/35,Warehouse,,1,,,,,,,0,0,DEL_CX5045,0,0,0,0,ONT,,,,,,Transfer Receipt,989DB2B61580,2026-01-01
WIOM,001-SAKET,WM-03,Wiom ONT_SY-GPON-2000-WADONT-WHITE,Normal BAU,1,0,0,1,1,0,PCS,ELECTRONICS,,015-PRAYAGRAJ,,GRN/2025/3171,,2026-01-29T15:32:48,,WM-03,,,,TR/2425/30,TR/2425/30,2026-01-29T00:00:00,,Released,,Rahul,Rahul,,,,NOD/2526/6290,SY104058,,0,,2025-09-18T00:00:00,,1950,TO/2025/35,Warehouse,,1,,,,,,,0,0,DEL_CX5048,0,0,0,0,ONT,,,,,,Transfer Receipt,989DB2B62210,2026-01-01
WIOM,001-SAKET,WM-03,Wiom ONT_SY-GPON-2000-WADONT-WHITE,Normal BAU,1,0,0,1,1,0,PCS,ELECTRONICS,,015-PRAYAGRAJ,,GRN/2025/3171,,2026-01-29T15:32:48,,WM-03,,,,TR/2425/30,TR/2425/30,2026-01-29T00:00:00,,Released,,Rahul,Rahul,,,,NOD/2526/6290,SY105230,,0,,2025-09-18T00:00:00,,1950,TO/2025/35,Warehouse,,1,,,,,,,0,0,DEL_CX5065,0,0,0,0,ONT,,,,,,Transfer Receipt,989DB2B66458,2026-01-01
WIOM,001-SAKET,WM-03,Wiom ONT_SY-GPON-2000-WADONT-WHITE,Normal BAU,1,0,0,1,1,0,PCS,ELECTRONICS,,015-PRAYAGRAJ,,GRN/2025/3171,,2026-01-29T15:32:48,,WM-03,,,,TR/2425/30,TR/2425/30,2026-01-29T00:00:00,,Released,,Rahul,Rahul,,,,NOD/2526/6290,SY104046,,0,,2025-09-18T00:00:00,,1950,TO/2025/35,Warehouse,,1,,,,,,,0,0,DEL_CX5048,0,0,0,0,ONT,,,,,,Transfer Receipt,989DB2B61ED8,2026-01-01
WIOM,001-SAKET,WM-03,Wiom ONT_SY-GPON-2000-WADONT-WHITE,Normal BAU,1,0,0,1,1,0,PCS,ELECTRONICS,,015-PRAYAGRAJ,,GRN/2025/3171,,2026-01-29T15:32:48,,WM-03,,,,TR/2425/30,TR/2425/30,2026-01-29T00:00:00,,Released,,Rahul,Rahul,,,,NOD/2526/6290,SY103852,,0,,2025-09-18T00:00:00,,1950,TO/2025/35,Warehouse,,1,,,,,,,0,0,DEL_CX5063,0,0,0,0,ONT,,,,,,Transfer Receipt,989DB2B623F8,2026-01-01
WIOM,001-SAKET,WM-03,Wiom ONT_SY-GPON-2000-WADONT-WHITE,Normal BAU,1,0,0,1,1,0,PCS,ELECTRONICS,,015-PRAYAGRAJ,,GRN/2025/3171,,2026-01-29T15:32:48,,WM-03,,,,TR/2425/30,TR/2425/30,2026-01-29T00:00:00,,Released,,Rahul,Rahul,,,,NOD/2526/6290,SY103944,,0,,2025-09-18T00:00:00,,1950,TO/2025/35,Warehouse,,1,,,,,,,0,0,DEL_CX5052,0,0,0,0,ONT,,,,,,Transfer Receipt,989DB2B615C0,2026-01-01
WIOM,001-SAKET,WM-03,Wiom ONT_SY-GPON-2000-WADONT-WHITE,Normal BAU,1,0,0,1,1,0,PCS,ELECTRONICS,,015-PRAYAGRAJ,,GRN/2025/3171,,2026-01-29T15:32:48,,WM-03,,,,TR/2425/30,TR/2425/30,2026-01-29T00:00:00,,Released,,Rahul,Rahul,,,,NOD/2526/6031,SY102730,,0,,2025-09-11T00:00:00,,1950,TO/2025/35,Warehouse,,1,,,,,,,0,0,DEL_CX4574,0,0,0,0,ONT,,,,,,Transfer Receipt,989DB2B61D68,2026-01-01
WIOM,001-SAKET,WM-03,Wiom ONT_SY-GPON-2000-WADONT-WHITE,Normal BAU,1,0,0,1,1,0,PCS,ELECTRONICS,,015-PRAYAGRAJ,,GRN/2025/3171,,2026-01-29T15:32:48,,WM-03,,,,TR/2425/30,TR/2425/30,2026-01-29T00:00:00,,Released,,Rahul,Rahul,,,,NOD/2526/6290,SY105236,,0,,2025-09-18T00:00:00,,1950,TO/2025/35,Warehouse,,1,,,,,,,0,0,DEL_CX5065,0,0,0,0,ONT,,,,,,Transfer Receipt,989DB2B663F0,2026-01-01
WIOM,001-SAKET,WM-03,Wiom ONT_SY-GPON-2000-WADONT-WHITE,Normal BAU,1,0,0,1,1,0,PCS,ELECTRONICS,,015-PRAYAGRAJ,,GRN/2025/3171,,2026-01-29T15:32:48,,WM-03,,,,TR/2425/30,TR/2425/30,2026-01-29T00:00:00,,Released,,Rahul,Rahul,,,,NOD/2526/6290,SY104053,,0,,2025-09-18T00:00:00,,1950,TO/2025/35,Warehouse,,1,,,,,,,0,0,DEL_CX5049,0,0,0,0,ONT,,,,,,Transfer Receipt,989DB2B624E8,2026-01-01
WIOM,001-SAKET,WM-03,Wiom ONT_SY-GPON-2000-WADONT-WHITE,Normal BAU,1,0,0,1,1,0,PCS,ELECTRONICS,,015-PRAYAGRAJ,,GRN/2025/3171,,2026-01-29T15:32:48,,WM-03,,,,TR/2425/30,TR/2425/30,2026-01-29T00:00:00,,Released,,Rahul,Rahul,,,,NOD/2526/6290,SY104048,,0,,2025-09-18T00:00:00,,1950,TO/2025/35,Warehouse,,1,,,,,,,0,0,DEL_CX5050,0,0,0,0,ONT,,,,,,Transfer Receipt,989DB2B61A10,2026-01-01
WIOM,001-SAKET,WM-03,Wiom ONT_SY-GPON-2000-WADONT-WHITE,Normal BAU,1,0,0,1,1,0,PCS,ELECTRONICS,,015-PRAYAGRAJ,,GRN/2025/3171,,2026-01-29T15:32:48,,WM-03,,,,TR/2425/30,TR/2425/30,2026-01-29T00:00:00,,Released,,Rahul,Rahul,,,,NOD/2526/6031,SY103135,,0,,2025-09-11T00:00:00,,1950,TO/2025/35,Warehouse,,1,,,,,,,0,0,DEL_CX4553,0,0,0,0,ONT,,,,,,Transfer Receipt,989DB2B623B8,2026-01-01
WIOM,001-SAKET,WM-03,Wiom ONT_SY-GPON-2000-WADONT-WHITE,Normal BAU,1,0,0,1,1,0,PCS,ELECTRONICS,,015-PRAYAGRAJ,,GRN/2025/3171,,2026-01-29T15:32:48,,WM-03,,,,TR/2425/30,TR/2425/30,2026-01-29T00:00:00,,Released,,Rahul,Rahul,,,,NOD/2526/6031,SY102728,,0,,2025-09-11T00:00:00,,1950,TO/2025/35,Warehouse,,1,,,,,,,0,0,DEL_CX4574,0,0,0,0,ONT,,,,,,Transfer Receipt,989DB2B61880,2026-01-01
WIOM,001-SAKET,WM-03,Wiom ONT_SY-GPON-2000-WADONT-WHITE,Normal BAU,1,0,0,1,1,0,PCS,ELECTRONICS,,015-PRAYAGRAJ,,GRN/2025/3171,,2026-01-29T15:32:48,,WM-03,,,,TR/2425/30,TR/2425/30,2026-01-29T00:00:00,,Released,,Rahul,Rahul,,,,NOD/2526/6290,SY105256,,0,,2025-09-18T00:00:00,,1950,TO/2025/35,Warehouse,,1,,,,,,,0,0,DEL_CX5058,0,0,0,0,ONT,,,,,,Transfer Receipt,989DB2B66608,2026-01-01
WIOM,001-SAKET,WM-03,Wiom ONT_SY-GPON-2000-WADONT-WHITE,Normal BAU,1,0,0,1,1,0,PCS,ELECTRONICS,,015-PRAYAGRAJ,,GRN/2025/3171,,2026-01-29T15:32:48,,WM-03,,,,TR/2425/30,TR/2425/30,2026-01-29T00:00:00,,Released,,Rahul,Rahul,,,,NOD/2526/6031,SY103136,,0,,2025-09-11T00:00:00,,1950,TO/2025/35,Warehouse,,1,,,,,,,0,0,DEL_CX4553,0,0,0,0,ONT,,,,,,Transfer Receipt,989DB2B63020,2026-01-01
WIOM,001-SAKET,WM-03,Wiom ONT_SY-GPON-2000-WADONT-WHITE,Normal BAU,1,0,0,1,1,0,PCS,ELECTRONICS,,015-PRAYAGRAJ,,GRN/2025/3171,,2026-01-29T15:32:48,,WM-03,,,,TR/2425/30,TR/2425/30,2026-01-29T00:00:00,,Released,,Rahul,Rahul,,,,NOD/2526/6290,SY104045,,0,,2025-09-18T00:00:00,,1950,TO/2025/35,Warehouse,,1,,,,,,,0,0,DEL_CX5051,0,0,0,0,ONT,,,,,,Transfer Receipt,989DB2B613B8,2026-01-01
WIOM,001-SAKET,WM-03,Wiom ONT_SY-GPON-2000-WADONT-WHITE,Normal BAU,1,0,0,1,1,0,PCS,ELECTRONICS,,015-PRAYAGRAJ,,GRN/2025/3171,,2026-01-29T15:32:48,,WM-03,,,,TR/2425/30,TR/2425/30,2026-01-29T00:00:00,,Released,,Rahul,Rahul,,,,NOD/2526/6290,SY103950,,0,,2025-09-18T00:00:00,,1950,TO/2025/35,Warehouse,,1,,,,,,,0,0,DEL_CX5053,0,0,0,0,ONT,,,,,,Transfer Receipt,989DB2B61590,2026-01-01
WIOM,001-SAKET,WM-03,Wiom ONT_SY-GPON-2000-WADONT-WHITE,Normal BAU,1,0,0,1,1,0,PCS,ELECTRONICS,,015-PRAYAGRAJ,,GRN/2025/3171,,2026-01-29T15:32:48,,WM-03,,,,TR/2425/30,TR/2425/30,2026-01-29T00:00:00,,Released,,Rahul,Rahul,,,,NOD/2526/6031,SY102724,,0,,2025-09-11T00:00:00,,1950,TO/2025/35,Warehouse,,1,,,,,,,0,0,DEL_CX4574,0,0,0,0,ONT,,,,,,Transfer Receipt,989DB2B61940,2026-01-01
WIOM,001-SAKET,WM-03,Wiom ONT_SY-GPON-2000-WADONT-WHITE,Normal BAU,1,0,0,1,1,0,PCS,ELECTRONICS,,015-PRAYAGRAJ,,GRN/2025/3171,,2026-01-29T15:32:48,,WM-03,,,,TR/2425/30,TR/2425/30,2026-01-29T00:00:00,,Released,,Rahul,Rahul,,,,NOD/2526/6290,SY105246,,0,,2025-09-18T00:00:00,,1950,TO/2025/35,Warehouse,,1,,,,,,,0,0,DEL_CX5059,0,0,0,0,ONT,,,,,,Transfer Receipt,989DB2B660B0,2026-01-01
WIOM,001-SAKET,WM-03,Wiom ONT_SY-GPON-2000-WADONT-WHITE,Normal BAU,1,0,0,1,1,0,PCS,ELECTRONICS,,015-PRAYAGRAJ,,GRN/2025/3171,,2026-01-29T15:32:48,,WM-03,,,,TR/2425/30,TR/2425/30,2026-01-29T00:00:00,,Released,,Rahul,Rahul,,,,NOD/2526/6031,SY102739,,0,,2025-09-11T00:00:00,,1950,TO/2025/35,Warehouse,,1,,,,,,,0,0,DEL_CX4574,0,0,0,0,ONT,,,,,,Transfer Receipt,989DB2B62178,2026-01-01
WIOM,001-SAKET,WM-03,Wiom ONT_SY-GPON-2000-WADONT-WHITE,Normal BAU,1,0,0,1,1,0,PCS,ELECTRONICS,,015-PRAYAGRAJ,,GRN/2025/3171,,2026-01-29T15:32:48,,WM-03,,,,TR/2425/30,TR/2425/30,2026-01-29T00:00:00,,Released,,Rahul,Rahul,,,,NOD/2526/6290,SY103953,,0,,2025-09-18T00:00:00,,1950,TO/2025/35,Warehouse,,1,,,,,,,0,0,DEL_CX5047,0,0,0,0,ONT,,,,,,Transfer Receipt,989DB2B61570,2026-01-01
WIOM,001-SAKET,WM-03,Wiom ONT_SY-GPON-2000-WADONT-WHITE,Normal BAU,1,0,0,1,1,0,PCS,ELECTRONICS,,015-PRAYAGRAJ,,GRN/2025/3171,,2026-01-29T15:32:48,,WM-03,,,,TR/2425/30,TR/2425/30,2026-01-29T00:00:00,,Released,,Rahul,Rahul,,,,NOD/2526/6031,SY102736,,0,,2025-09-11T00:00:00,,1950,TO/2025/35,Warehouse,,1,,,,,,,0,0,DEL_CX4574,0,0,0,0,ONT,,,,,,Transfer Receipt,989DB2B62520,2026-01-01
WIOM,001-SAKET,WM-03,Wiom ONT_SY-GPON-2000-WADONT-WHITE,Normal BAU,1,0,0,1,1,0,PCS,ELECTRONICS,,015-PRAYAGRAJ,,GRN/2025/3171,,2026-01-29T15:32:48,,WM-03,,,,TR/2425/30,TR/2425/30,2026-01-29T00:00:00,,Released,,Rahul,Rahul,,,,NOD/2526/6290,SY105251,,0,,2025-09-18T00:00:00,,1950,TO/2025/35,Warehouse,,1,,,,,,,0,0,DEL_CX5057,0,0,0,0,ONT,,,,,,Transfer Receipt,989DB2B663B8,2026-01-01
WIOM,001-SAKET,WM-03,Wiom ONT_SY-GPON-2000-WADONT-WHITE,Normal BAU,1,0,0,1,1,0,PCS,ELECTRONICS,,015-PRAYAGRAJ,,GRN/2025/3171,,2026-01-29T15:32:48,,WM-03,,,,TR/2425/30,TR/2425/30,2026-01-29T00:00:00,,Released,,Rahul,Rahul,,,,NOD/2526/6290,SY105249,,0,,2025-09-18T00:00:00,,1950,TO/2025/35,Warehouse,,1,,,,,,,0,0,DEL_CX5061,0,0,0,0,ONT,,,,,,Transfer Receipt,989DB2B66318,2026-01-01
WIOM,001-SAKET,WM-03,Wiom ONT_SY-GPON-2000-WADONT-WHITE,Normal BAU,1,0,0,1,1,0,PCS,ELECTRONICS,,015-PRAYAGRAJ,,GRN/2025/3171,,2026-01-29T15:32:48,,WM-03,,,,TR/2425/30,TR/2425/30,2026-01-29T00:00:00,,Released,,Rahul,Rahul,,,,NOD/2526/6290,SY105221,,0,,2025-09-18T00:00:00,,1950,TO/2025/35,Warehouse,,1,,,,,,,0,0,DEL_CX5066,0,0,0,0,ONT,,,,,,Transfer Receipt,989DB2B66088,2026-01-01
WIOM,001-SAKET,WM-03,Wiom ONT_SY-GPON-2000-WADONT-WHITE,Normal BAU,1,0,0,1,1,0,PCS,ELECTRONICS,,015-PRAYAGRAJ,,GRN/2025/3171,,2026-01-29T15:32:48,,WM-03,,,,TR/2425/30,TR/2425/30,2026-01-29T00:00:00,,Released,,Rahul,Rahul,,,,NOD/2526/6031,SY103140,,0,,2025-09-11T00:00:00,,1950,TO/2025/35,Warehouse,,1,,,,,,,0,0,DEL_CX4553,0,0,0,0,ONT,,,,,,Transfer Receipt,989DB2B626D8,2026-01-01
WIOM,001-SAKET,WM-03,Wiom ONT_SY-GPON-2000-WADONT-WHITE,Normal BAU,1,0,0,1,1,0,PCS,ELECTRONICS,,015-PRAYAGRAJ,,GRN/2025/3171,,2026-01-29T15:32:48,,WM-03,,,,TR/2425/30,TR/2425/30,2026-01-29T00:00:00,,Released,,Rahul,Rahul,,,,NOD/2526/6290,SY105235,,0,,2025-09-18T00:00:00,,1950,TO/2025/35,Warehouse,,1,,,,,,,0,0,DEL_CX5066,0,0,0,0,ONT,,,,,,Transfer Receipt,989DB2B65F90,2026-01-01
WIOM,001-SAKET,WM-03,Wiom ONT_SY-GPON-2000-WADONT-WHITE,Normal BAU,1,0,0,1,1,0,PCS,ELECTRONICS,,015-PRAYAGRAJ,,GRN/2025/3171,,2026-01-29T15:32:48,,WM-03,,,,TR/2425/30,TR/2425/30,2026-01-29T00:00:00,,Released,,Rahul,Rahul,,,,NOD/2526/6290,SY103854,,0,,2025-09-18T00:00:00,,1950,TO/2025/35,Warehouse,,1,,,,,,,0,0,DEL_CX5060,0,0,0,0,ONT,,,,,,Transfer Receipt,989DB2B630F0,2026-01-01
WIOM,001-SAKET,WM-03,Wiom ONT_SY-GPON-2000-WADONT-WHITE,Normal BAU,1,0,0,1,1,0,PCS,ELECTRONICS,,015-PRAYAGRAJ,,GRN/2025/3171,,2026-01-29T15:32:48,,WM-03,,,,TR/2425/30,TR/2425/30,2026-01-29T00:00:00,,Released,,Rahul,Rahul,,,,NOD/2526/6290,SY103844,,0,,2025-09-18T00:00:00,,1950,TO/2025/35,Warehouse,,1,,,,,,,0,0,DEL_CX5055,0,0,0,0,ONT,,,,,,Transfer Receipt,989DB2B62790,2026-01-01
WIOM,001-SAKET,WM-03,Wiom ONT_SY-GPON-2000-WADONT-WHITE,Normal BAU,1,0,0,1,1,0,PCS,ELECTRONICS,,015-PRAYAGRAJ,,GRN/2025/3171,,2026-01-29T15:32:48,,WM-03,,,,TR/2425/30,TR/2425/30,2026-01-29T00:00:00,,Released,,Rahul,Rahul,,,,NOD/2526/6290,SY105226,,0,,2025-09-18T00:00:00,,1950,TO/2025/35,Warehouse,,1,,,,,,,0,0,DEL_CX5065,0,0,0,0,ONT,,,,,,Transfer Receipt,989DB2B66710,2026-01-01
WIOM,001-SAKET,WM-03,Wiom ONT_SY-GPON-2000-WADONT-WHITE,Normal BAU,1,0,0,1,1,0,PCS,ELECTRONICS,,015-PRAYAGRAJ,,GRN/2025/3171,,2026-01-29T15:32:48,,WM-03,,,,TR/2425/30,TR/2425/30,2026-01-29T00:00:00,,Released,,Rahul,Rahul,,,,NOD/2526/6290,SY104055,,0,,2025-09-18T00:00:00,,1950,TO/2025/35,Warehouse,,1,,,,,,,0,0,DEL_CX5051,0,0,0,0,ONT,,,,,,Transfer Receipt,989DB2B61BF0,2026-01-01
WIOM,001-SAKET,WM-03,Wiom ONT_SY-GPON-2000-WADONT-WHITE,Normal BAU,1,0,0,1,1,0,PCS,ELECTRONICS,,015-PRAYAGRAJ,,GRN/2025/3171,,2026-01-29T15:32:48,,WM-03,,,,TR/2425/30,TR/2425/30,2026-01-29T00:00:00,,Released,,Rahul,Rahul,,,,NOD/2526/6290,SY105245,,0,,2025-09-18T00:00:00,,1950,TO/2025/35,Warehouse,,1,,,,,,,0,0,DEL_CX5061,0,0,0,0,ONT,,,,,,Transfer Receipt,989DB2B66588,2026-01-01
WIOM,001-SAKET,WM-03,Wiom ONT_SY-GPON-2000-WADONT-WHITE,Normal BAU,1,0,0,1,1,0,PCS,ELECTRONICS,,015-PRAYAGRAJ,,GRN/2025/3171,,2026-01-29T15:32:48,,WM-03,,,,TR/2425/30,TR/2425/30,2026-01-29T00:00:00,,Released,,Rahul,Rahul,,,,NOD/2526/6290,SY105243,,0,,2025-09-18T00:00:00,,1950,TO/2025/35,Warehouse,,1,,,,,,,0,0,DEL_CX5059,0,0,0,0,ONT,,,,,,Transfer Receipt,989DB2B66068,2026-01-01
WIOM,001-SAKET,WM-03,Wiom ONT_SY-GPON-2000-WADONT-WHITE,Normal BAU,1,0,0,1,1,0,PCS,ELECTRONICS,,015-PRAYAGRAJ,,GRN/2025/3171,,2026-01-29T15:32:48,,WM-03,,,,TR/2425/30,TR/2425/30,2026-01-29T00:00:00,,Released,,Rahul,Rahul,,,,NOD/2526/6290,SY103857,,0,,2025-09-18T00:00:00,,1950,TO/2025/35,Warehouse,,1,,,,,,,0,0,DEL_CX5055,0,0,0,0,ONT,,,,,,Transfer Receipt,989DB2B62730,2026-01-01
WIOM,001-SAKET,WM-03,Wiom ONT_SY-GPON-2000-WADONT-WHITE,Normal BAU,1,0,0,1,1,0,PCS,ELECTRONICS,,015-PRAYAGRAJ,,GRN/2025/3171,,2026-01-29T15:32:48,,WM-03,,,,TR/2425/30,TR/2425/30,2026-01-29T00:00:00,,Released,,Rahul,Rahul,,,,NOD/2526/6290,SY104043,,0,,2025-09-18T00:00:00,,1950,TO/2025/35,Warehouse,,1,,,,,,,0,0,DEL_CX5050,0,0,0,0,ONT,,,,,,Transfer Receipt,989DB2B63FC8,2026-01-01
WIOM,001-SAKET,WM-03,Wiom ONT_SY-GPON-2000-WADONT-WHITE,Normal BAU,1,0,0,1,1,0,PCS,ELECTRONICS,,015-PRAYAGRAJ,,GRN/2025/3171,,2026-01-29T15:32:48,,WM-03,,,,TR/2425/30,TR/2425/30,2026-01-29T00:00:00,,Released,,Rahul,Rahul,,,,NOD/2526/6290,SY104044,,0,,2025-09-18T00:00:00,,1950,TO/2025/35,Warehouse,,1,,,,,,,0,0,DEL_CX5050,0,0,0,0,ONT,,,,,,Transfer Receipt,989DB2B63CC8,2026-01-01
WIOM,001-SAKET,WM-03,Wiom ONT_SY-GPON-2000-WADONT-WHITE,Normal BAU,1,0,0,1,1,0,PCS,ELECTRONICS,,015-PRAYAGRAJ,,GRN/2025/3171,,2026-01-29T15:32:48,,WM-03,,,,TR/2425/30,TR/2425/30,2026-01-29T00:00:00,,Released,,Rahul,Rahul,,,,NOD/2526/6031,SY102722,,0,,2025-09-11T00:00:00,,1950,TO/2025/35,Warehouse,,1,,,,,,,0,0,DEL_CX4574,0,0,0,0,ONT,,,,,,Transfer Receipt,989DB2B62690,2026-01-01
WIOM,001-SAKET,WM-03,Wiom ONT_SY-GPON-2000-WADONT-WHITE,Normal BAU,1,0,0,1,1,0,PCS,ELECTRONICS,,015-PRAYAGRAJ,,GRN/2025/3171,,2026-01-29T15:32:48,,WM-03,,,,TR/2425/30,TR/2425/30,2026-01-29T00:00:00,,Released,,Rahul,Rahul,,,,NOD/2526/6031,SY103049,,0,,2025-09-11T00:00:00,,1950,TO/2025/35,Warehouse,,1,,,,,,,0,0,DEL_CX4546,0,0,0,0,ONT,,,,,,Transfer Receipt,989DB2B63030,2026-01-01
WIOM,001-SAKET,WM-03,Wiom ONT_SY-GPON-2000-WADONT-WHITE,Normal BAU,1,0,0,1,1,0,PCS,ELECTRONICS,,015-PRAYAGRAJ,,GRN/2025/3171,,2026-01-29T15:32:48,,WM-03,,,,TR/2425/30,TR/2425/30,2026-01-29T00:00:00,,Released,,Rahul,Rahul,,,,NOD/2526/6290,SY103947,,0,,2025-09-18T00:00:00,,1950,TO/2025/35,Warehouse,,1,,,,,,,0,0,DEL_CX5045,0,0,0,0,ONT,,,,,,Transfer Receipt,989DB2B61528,2026-01-01
WIOM,001-SAKET,WM-03,Wiom ONT_SY-GPON-2000-WADONT-WHITE,Normal BAU,1,0,0,1,1,0,PCS,ELECTRONICS,,015-PRAYAGRAJ,,GRN/2025/3171,,2026-01-29T15:32:48,,WM-03,,,,TR/2425/30,TR/2425/30,2026-01-29T00:00:00,,Released,,Rahul,Rahul,,,,NOD/2526/6290,SY103841,,0,,2025-09-18T00:00:00,,1950,TO/2025/35,Warehouse,,1,,,,,,,0,0,DEL_CX5063,0,0,0,0,ONT,,,,,,Transfer Receipt,989DB2B62A58,2026-01-01
WIOM,001-SAKET,WM-03,Wiom ONT_SY-GPON-2000-WADONT-WHITE,Normal BAU,1,0,0,1,1,0,PCS,ELECTRONICS,,015-PRAYAGRAJ,,GRN/2025/3171,,2026-01-29T15:32:48,,WM-03,,,,TR/2425/30,TR/2425/30,2026-01-29T00:00:00,,Released,,Rahul,Rahul,,,,NOD/2526/6290,SY105254,,0,,2025-09-18T00:00:00,,1950,TO/2025/35,Warehouse,,1,,,,,,,0,0,DEL_CX5059,0,0,0,0,ONT,,,,,,Transfer Receipt,989DB2B657C0,2026-01-01
WIOM,001-SAKET,WM-03,Wiom ONT_SY-GPON-2000-WADONT-WHITE,Normal BAU,1,0,0,1,1,0,PCS,ELECTRONICS,,015-PRAYAGRAJ,,GRN/2025/3171,,2026-01-29T15:32:48,,WM-03,,,,TR/2425/30,TR/2425/30,2026-01-29T00:00:00,,Released,,Rahul,Rahul,,,,NOD/2526/6290,SY103858,,0,,2025-09-18T00:00:00,,1950,TO/2025/35,Warehouse,,1,,,,,,,0,0,DEL_CX5060,0,0,0,0,ONT,,,,,,Transfer Receipt,989DB2B628C8,2026-01-01
WIOM,001-SAKET,WM-03,Wiom ONT_SY-GPON-2000-WADONT-WHITE,Normal BAU,1,0,0,1,1,0,PCS,ELECTRONICS,,015-PRAYAGRAJ,,GRN/2025/3171,,2026-01-29T15:32:48,,WM-03,,,,TR/2425/30,TR/2425/30,2026-01-29T00:00:00,,Released,,Rahul,Rahul,,,,NOD/2526/6290,SY105242,,0,,2025-09-18T00:00:00,,1950,TO/2025/35,Warehouse,,1,,,,,,,0,0,DEL_CX5057,0,0,0,0,ONT,,,,,,Transfer Receipt,989DB2B66018,2026-01-01
WIOM,001-SAKET,WM-03,Wiom ONT_SY-GPON-2000-WADONT-WHITE,Normal BAU,1,0,0,1,1,0,PCS,ELECTRONICS,,015-PRAYAGRAJ,,GRN/2025/3171,,2026-01-29T15:32:48,,WM-03,,,,TR/2425/30,TR/2425/30,2026-01-29T00:00:00,,Released,,Rahul,Rahul,,,,NOD/2526/6290,SY105231,,0,,2025-09-18T00:00:00,,1950,TO/2025/35,Warehouse,,1,,,,,,,0,0,DEL_CX5066,0,0,0,0,ONT,,,,,,Transfer Receipt,989DB2B658D8,2026-01-01
WIOM,001-SAKET,WM-03,Wiom ONT_SY-GPON-2000-WADONT-WHITE,Normal BAU,1,0,0,1,1,0,PCS,ELECTRONICS,,015-PRAYAGRAJ,,GRN/2025/3171,,2026-01-29T15:32:48,,WM-03,,,,TR/2425/30,TR/2425/30,2026-01-29T00:00:00,,Released,,Rahul,Rahul,,,,NOD/2526/6031,SY103130,,0,,2025-09-11T00:00:00,,1950,TO/2025/35,Warehouse,,1,,,,,,,0,0,DEL_CX4553,0,0,0,0,ONT,,,,,,Transfer Receipt,989DB2B62DB0,2026-01-01
WIOM,001-SAKET,WM-03,Wiom ONT_SY-GPON-2000-WADONT-WHITE,Normal BAU,1,0,0,1,1,0,PCS,ELECTRONICS,,015-PRAYAGRAJ,,GRN/2025/3171,,2026-01-29T15:32:48,,WM-03,,,,TR/2425/30,TR/2425/30,2026-01-29T00:00:00,,Released,,Rahul,Rahul,,,,NOD/2526/6290,SY104052,,0,,2025-09-18T00:00:00,,1950,TO/2025/35,Warehouse,,1,,,,,,,0,0,DEL_CX5051,0,0,0,0,ONT,,,,,,Transfer Receipt,989DB2B61EF8,2026-01-01
WIOM,001-SAKET,WM-03,Wiom ONT_SY-GPON-2000-WADONT-WHITE,Normal BAU,1,0,0,1,1,0,PCS,ELECTRONICS,,015-PRAYAGRAJ,,GRN/2025/3171,,2026-01-29T15:32:48,,WM-03,,,,TR/2425/30,TR/2425/30,2026-01-29T00:00:00,,Released,,Rahul,Rahul,,,,NOD/2526/6290,SY103853,,0,,2025-09-18T00:00:00,,1950,TO/2025/35,Warehouse,,1,,,,,,,0,0,DEL_CX5054,0,0,0,0,ONT,,,,,,Transfer Receipt,989DB2B62770,2026-01-01
WIOM,001-SAKET,WM-03,Wiom ONT_SY-GPON-2000-WADONT-WHITE,Normal BAU,1,0,0,1,1,0,PCS,ELECTRONICS,,015-PRAYAGRAJ,,GRN/2025/3171,,2026-01-29T15:32:48,,WM-03,,,,TR/2425/30,TR/2425/30,2026-01-29T00:00:00,,Released,,Rahul,Rahul,,,,NOD/2526/6290,SY103849,,0,,2025-09-18T00:00:00,,1950,TO/2025/35,Warehouse,,1,,,,,,,0,0,DEL_CX5054,0,0,0,0,ONT,,,,,,Transfer Receipt,989DB2B63210,2026-01-01
WIOM,001-SAKET,WM-03,Wiom ONT_SY-GPON-2000-WADONT-WHITE,Normal BAU,1,0,0,1,1,0,PCS,ELECTRONICS,,015-PRAYAGRAJ,,GRN/2025/3171,,2026-01-29T15:32:48,,WM-03,,,,TR/2425/30,TR/2425/30,2026-01-29T00:00:00,,Released,,Rahul,Rahul,,,,NOD/2526/6031,SY102999,,0,,2025-09-11T00:00:00,,1950,TO/2025/35,Warehouse,,1,,,,,,,0,0,DEL_CX4546,0,0,0,0,ONT,,,,,,Transfer Receipt,989DB2B62C18,2026-01-01
WIOM,001-SAKET,WM-03,Wiom ONT_SY-GPON-2000-WADONT-WHITE,Normal BAU,1,0,0,1,1,0,PCS,ELECTRONICS,,015-PRAYAGRAJ,,GRN/2025/3171,,2026-01-29T15:32:48,,WM-03,,,,TR/2425/30,TR/2425/30,2026-01-29T00:00:00,,Released,,Rahul,Rahul,,,,NOD/2526/6031,SY102734,,0,,2025-09-11T00:00:00,,1950,TO/2025/35,Warehouse,,1,,,,,,,0,0,DEL_CX4574,0,0,0,0,ONT,,,,,,Transfer Receipt,989DB2B622C0,2026-01-01
WIOM,001-SAKET,WM-03,Wiom ONT_SY-GPON-2000-WADONT-WHITE,Normal BAU,1,0,0,1,1,0,PCS,ELECTRONICS,,015-PRAYAGRAJ,,GRN/2025/3171,,2026-01-29T15:32:48,,WM-03,,,,TR/2425/30,TR/2425/30,2026-01-29T00:00:00,,Released,,Rahul,Rahul,,,,NOD/2526/6031,SY103133,,0,,2025-09-11T00:00:00,,1950,TO/2025/35,Warehouse,,1,,,,,,,0,0,DEL_CX4553,0,0,0,0,ONT,,,,,,Transfer Receipt,989DB2B63008,2026-01-01
WIOM,001-SAKET,WM-03,Wiom ONT_SY-GPON-2000-WADONT-WHITE,Normal BAU,1,0,0,1,1,0,PCS,ELECTRONICS,,015-PRAYAGRAJ,,GRN/2025/3171,,2026-01-29T15:32:48,,WM-03,,,,TR/2425/30,TR/2425/30,2026-01-29T00:00:00,,Released,,Rahul,Rahul,,,,NOD/2526/6290,SY103845,,0,,2025-09-18T00:00:00,,1950,TO/2025/35,Warehouse,,1,,,,,,,0,0,DEL_CX5060,0,0,0,0,ONT,,,,,,Transfer Receipt,989DB2B62B08,2026-01-01
WIOM,001-SAKET,WM-03,Wiom ONT_SY-GPON-2000-WADONT-WHITE,Normal BAU,1,0,0,1,1,0,PCS,ELECTRONICS,,015-PRAYAGRAJ,,GRN/2025/3171,,2026-01-29T15:32:48,,WM-03,,,,TR/2425/30,TR/2425/30,2026-01-29T00:00:00,,Released,,Rahul,Rahul,,,,NOD/2526/6290,SY105239,,0,,2025-09-18T00:00:00,,1950,TO/2025/35,Warehouse,,1,,,,,,,0,0,DEL_CX5065,0,0,0,0,ONT,,,,,,Transfer Receipt,989DB2B66320,2026-01-01
WIOM,001-SAKET,WM-03,Wiom ONT_SY-GPON-2000-WADONT-WHITE,Normal BAU,1,0,0,1,1,0,PCS,ELECTRONICS,,015-PRAYAGRAJ,,GRN/2025/3171,,2026-01-29T15:32:48,,WM-03,,,,TR/2425/30,TR/2425/30,2026-01-29T00:00:00,,Released,,Rahul,Rahul,,,,NOD/2526/6031,SY103053,,0,,2025-09-11T00:00:00,,1950,TO/2025/35,Warehouse,,1,,,,,,,0,0,DEL_CX4546,0,0,0,0,ONT,,,,,,Transfer Receipt,989DB2B62DA0,2026-01-01
WIOM,001-SAKET,WM-03,Wiom ONT_SY-GPON-2000-WADONT-WHITE,Normal BAU,1,0,0,1,1,0,PCS,ELECTRONICS,,015-PRAYAGRAJ,,GRN/2025/3171,,2026-01-29T15:32:48,,WM-03,,,,TR/2425/30,TR/2425/30,2026-01-29T00:00:00,,Released,,Rahul,Rahul,,,,NOD/2526/6031,SY103041,,0,,2025-09-11T00:00:00,,1950,TO/2025/35,Warehouse,,1,,,,,,,0,0,DEL_CX4546,0,0,0,0,ONT,,,,,,Transfer Receipt,989DB2B61CB8,2026-01-01
WIOM,001-SAKET,WM-03,Wiom ONT_SY-GPON-2000-WADONT-WHITE,Normal BAU,1,0,0,1,1,0,PCS,ELECTRONICS,,015-PRAYAGRAJ,,GRN/2025/3171,,2026-01-29T15:32:48,,WM-03,,,,TR/2425/30,TR/2425/30,2026-01-29T00:00:00,,Released,,Rahul,Rahul,,,,NOD/2526/6290,SY103842,,0,,2025-09-18T00:00:00,,1950,TO/2025/35,Warehouse,,1,,,,,,,0,0,DEL_CX5054,0,0,0,0,ONT,,,,,,Transfer Receipt,989DB2B631A8,2026-01-01
WIOM,001-SAKET,WM-03,Wiom ONT_SY-GPON-2000-WADONT-WHITE,Normal BAU,1,0,0,1,1,0,PCS,ELECTRONICS,,015-PRAYAGRAJ,,GRN/2025/3171,,2026-01-29T15:32:48,,WM-03,,,,TR/2425/30,TR/2425/30,2026-01-29T00:00:00,,Released,,Rahul,Rahul,,,,NOD/2526/6290,SY105228,,0,,2025-09-18T00:00:00,,1950,TO/2025/35,Warehouse,,1,,,,,,,0,0,DEL_CX5068,0,0,0,0,ONT,,,,,,Transfer Receipt,989DB2B66050,2026-01-01
WIOM,001-SAKET,WM-03,Wiom ONT_SY-GPON-2000-WADONT-WHITE,Normal BAU,1,0,0,1,1,0,PCS,ELECTRONICS,,015-PRAYAGRAJ,,GRN/2025/3171,,2026-01-29T15:32:48,,WM-03,,,,TR/2425/30,TR/2425/30,2026-01-29T00:00:00,,Released,,Rahul,Rahul,,,,NOD/2526/6290,SY103848,,0,,2025-09-18T00:00:00,,1950,TO/2025/35,Warehouse,,1,,,,,,,0,0,DEL_CX5055,0,0,0,0,ONT,,,,,,Transfer Receipt,989DB2B630B8,2026-01-01
WIOM,001-SAKET,WM-03,Wiom ONT_SY-GPON-2000-WADONT-WHITE,Normal BAU,1,0,0,1,1,0,PCS,ELECTRONICS,,015-PRAYAGRAJ,,GRN/2025/3171,,2026-01-29T15:32:48,,WM-03,,,,TR/2425/30,TR/2425/30,2026-01-29T00:00:00,,Released,,Rahul,Rahul,,,,NOD/2526/6290,SY105259,,0,,2025-09-18T00:00:00,,1950,TO/2025/35,Warehouse,,1,,,,,,,0,0,DEL_CX5057,0,0,0,0,ONT,,,,,,Transfer Receipt,989DB2B66028,2026-01-01
WIOM,001-SAKET,WM-03,Wiom ONT_SY-GPON-2000-WADONT-WHITE,Normal BAU,1,0,0,1,1,0,PCS,ELECTRONICS,,015-PRAYAGRAJ,,GRN/2025/3171,,2026-01-29T15:32:48,,WM-03,,,,TR/2425/30,TR/2425/30,2026-01-29T00:00:00,,Released,,Rahul,Rahul,,,,NOD/2526/6290,SY103943,,0,,2025-09-18T00:00:00,,1950,TO/2025/35,Warehouse,,1,,,,,,,0,0,DEL_CX5045,0,0,0,0,ONT,,,,,,Transfer Receipt,989DB2B61608,2026-01-01
WIOM,001-SAKET,WM-03,Wiom ONT_SY-GPON-2000-WADONT-WHITE,Normal BAU,1,0,0,1,1,0,PCS,ELECTRONICS,,015-PRAYAGRAJ,,GRN/2025/3171,,2026-01-29T15:32:48,,WM-03,,,,TR/2425/30,TR/2425/30,2026-01-29T00:00:00,,Released,,Rahul,Rahul,,,,NOD/2526/6290,SY103952,,0,,2025-09-18T00:00:00,,1950,TO/2025/35,Warehouse,,1,,,,,,,0,0,DEL_CX5052,0,0,0,0,ONT,,,,,,Transfer Receipt,989DB2B613C8,2026-01-01
WIOM,001-SAKET,WM-03,Wiom ONT_SY-GPON-2000-WADONT-WHITE,Normal BAU,1,0,0,1,1,0,PCS,ELECTRONICS,,015-PRAYAGRAJ,,GRN/2025/3171,,2026-01-29T15:32:48,,WM-03,,,,TR/2425/30,TR/2425/30,2026-01-29T00:00:00,,Released,,Rahul,Rahul,,,,NOD/2526/6290,SY103956,,0,,2025-09-18T00:00:00,,1950,TO/2025/35,Warehouse,,1,,,,,,,0,0,DEL_CX5052,0,0,0,0,ONT,,,,,,Transfer Receipt,989DB2B61910,2026-01-01
WIOM,001-SAKET,WM-03,Wiom ONT_SY-GPON-2000-WADONT-WHITE,Normal BAU,1,0,0,1,1,0,PCS,ELECTRONICS,,015-PRAYAGRAJ,,GRN/2025/3171,,2026-01-29T15:32:48,,WM-03,,,,TR/2425/30,TR/2425/30,2026-01-29T00:00:00,,Released,,Rahul,Rahul,,,,NOD/2526/6290,SY105229,,0,,2025-09-18T00:00:00,,1950,TO/2025/35,Warehouse,,1,,,,,,,0,0,DEL_CX5066,0,0,0,0,ONT,,,,,,Transfer Receipt,989DB2B65A08,2026-01-01
WIOM,001-SAKET,WM-03,Wiom ONT_SY-GPON-2000-WADONT-WHITE,Normal BAU,1,0,0,1,1,0,PCS,ELECTRONICS,,015-PRAYAGRAJ,,GRN/2025/3171,,2026-01-29T15:32:48,,WM-03,,,,TR/2425/30,TR/2425/30,2026-01-29T00:00:00,,Released,,Rahul,Rahul,,,,NOD/2526/6290,SY104057,,0,,2025-09-18T00:00:00,,1950,TO/2025/35,Warehouse,,1,,,,,,,0,0,DEL_CX5051,0,0,0,0,ONT,,,,,,Transfer Receipt,989DB2B61B40,2026-01-01
WIOM,001-SAKET,WM-03,Wiom ONT_SY-GPON-2000-WADONT-WHITE,Normal BAU,1,0,0,1,1,0,PCS,ELECTRONICS,,015-PRAYAGRAJ,,GRN/2025/3171,,2026-01-29T15:32:48,,WM-03,,,,TR/2425/30,TR/2425/30,2026-01-29T00:00:00,,Released,,Rahul,Rahul,,,,NOD/2526/6290,SY103846,,0,,2025-09-18T00:00:00,,1950,TO/2025/35,Warehouse,,1,,,,,,,0,0,DEL_CX5063,0,0,0,0,ONT,,,,,,Transfer Receipt,989DB2B62850,2026-01-01
WIOM,001-SAKET,WM-03,Wiom ONT_SY-GPON-2000-WADONT-WHITE,Normal BAU,1,0,0,1,1,0,PCS,ELECTRONICS,,015-PRAYAGRAJ,,GRN/2025/3171,,2026-01-29T15:32:48,,WM-03,,,,TR/2425/30,TR/2425/30,2026-01-29T00:00:00,,Released,,Rahul,Rahul,,,,NOD/2526/6290,SY104051,,0,,2025-09-18T00:00:00,,1950,TO/2025/35,Warehouse,,1,,,,,,,0,0,DEL_CX5048,0,0,0,0,ONT,,,,,,Transfer Receipt,989DB2B61BF8,2026-01-01
WIOM,001-SAKET,WM-03,Wiom ONT_SY-GPON-2000-WADONT-WHITE,Normal BAU,1,0,0,1,1,0,PCS,ELECTRONICS,,015-PRAYAGRAJ,,GRN/2025/3171,,2026-01-29T15:32:48,,WM-03,,,,TR/2425/30,TR/2425/30,2026-01-29T00:00:00,,Released,,Rahul,Rahul,,,,NOD/2526/6290,SY103954,,0,,2025-09-18T00:00:00,,1950,TO/2025/35,Warehouse,,1,,,,,,,0,0,DEL_CX5053,0,0,0,0,ONT,,,,,,Transfer Receipt,989DB2B62318,2026-01-01
WIOM,001-SAKET,WM-03,Wiom ONT_SY-GPON-2000-WADONT-WHITE,Normal BAU,1,0,0,1,1,0,PCS,ELECTRONICS,,015-PRAYAGRAJ,,GRN/2025/3171,,2026-01-29T15:32:48,,WM-03,,,,TR/2425/30,TR/2425/30,2026-01-29T00:00:00,,Released,,Rahul,Rahul,,,,NOD/2526/6290,SY105250,,0,,2025-09-18T00:00:00,,1950,TO/2025/35,Warehouse,,1,,,,,,,0,0,DEL_CX5059,0,0,0,0,ONT,,,,,,Transfer Receipt,989DB2B66440,2026-01-01
WIOM,001-SAKET,WM-03,Wiom ONT_SY-GPON-2000-WADONT-WHITE,Normal BAU,1,0,0,1,1,0,PCS,ELECTRONICS,,015-PRAYAGRAJ,,GRN/2025/3171,,2026-01-29T15:32:48,,WM-03,,,,TR/2425/30,TR/2425/30,2026-01-29T00:00:00,,Released,,Rahul,Rahul,,,,NOD/2526/6290,SY105260,,0,,2025-09-18T00:00:00,,1950,TO/2025/35,Warehouse,,1,,,,,,,0,0,DEL_CX5058,0,0,0,0,ONT,,,,,,Transfer Receipt,989DB2B65960,2026-01-01
WIOM,001-SAKET,WM-03,Wiom ONT_SY-GPON-2000-WADONT-WHITE,Normal BAU,1,0,0,1,1,0,PCS,ELECTRONICS,,015-PRAYAGRAJ,,GRN/2025/3171,,2026-01-29T15:32:48,,WM-03,,,,TR/2425/30,TR/2425/30,2026-01-29T00:00:00,,Released,,Rahul,Rahul,,,,NOD/2526/6031,SY102991,,0,,2025-09-11T00:00:00,,1950,TO/2025/35,Warehouse,,1,,,,,,,0,0,DEL_CX4546,0,0,0,0,ONT,,,,,,Transfer Receipt,989DB2B62B90,2026-01-01
WIOM,001-SAKET,WM-02,Wiom ONT_GX-Titanium E20/Earth 2022,Normal BAU,1,0,0,1,1,0,PCS,ELECTRONICS,,015-PRAYAGRAJ,,GRN/2025/3170,,2026-01-29T15:30:26,,WM-02,,,,TR/2425/31,TR/2425/31,2026-01-29T00:00:00,,Released,,Rahul,Rahul,,,,GX/G/25-26/417,GX127780,,0,,2025-09-05T00:00:00,,2200,TO/2025/36,Warehouse,,1,,,,,,,0,0,DEL_CX4317,0,0,0,0,ONT,,,,,,Transfer Receipt,B486187B5612,2026-01-01
WIOM,001-SAKET,WM-02,Wiom ONT_GX-Titanium E20/Earth 2022,Normal BAU,1,0,0,1,1,0,PCS,ELECTRONICS,,015-PRAYAGRAJ,,GRN/2025/3170,,2026-01-29T15:30:26,,WM-02,,,,TR/2425/31,TR/2425/31,2026-01-29T00:00:00,,Released,,Rahul,Rahul,,,,GX/G/25-26/331,GX111588,,0,,2025-08-07T00:00:00,,2200,TO/2025/36,Warehouse,,1,,,,,,,0,0,DEL_CX2511,0,0,0,0,ONT,,,,,,Transfer Receipt,B48618503962,2026-01-01
WIOM,001-SAKET,WM-02,Wiom ONT_GX-Titanium E20/Earth 2022,Normal BAU,1,0,0,1,1,0,PCS,ELECTRONICS,,015-PRAYAGRAJ,,GRN/2025/3170,,2026-01-29T15:30:26,,WM-02,,,,TR/2425/31,TR/2425/31,2026-01-29T00:00:00,,Released,,Rahul,Rahul,,,,GX/G/25-26/380,GX123098,,0,,2025-08-25T00:00:00,,2200,TO/2025/36,Warehouse,,1,,,,,,,0,0,DEL_CX3423,0,0,0,0,ONT,,,,,,Transfer Receipt,B486187A4B72,2026-01-01
WIOM,001-SAKET,WM-02,Wiom ONT_GX-Titanium E20/Earth 2022,Normal BAU,1,0,0,1,1,0,PCS,ELECTRONICS,,015-PRAYAGRAJ,,GRN/2025/3170,,2026-01-29T15:30:26,,WM-02,,,,TR/2425/31,TR/2425/31,2026-01-29T00:00:00,,Released,,Rahul,Rahul,,,,GX/G/25-26/331,GX108449,,0,,2025-08-07T00:00:00,,2200,TO/2025/36,Warehouse,,1,,,,,,,0,0,DEL_CX2511,0,0,0,0,ONT,,,,,,Transfer Receipt,B486185031C2,2026-01-01
WIOM,001-SAKET,WM-02,Wiom ONT_GX-Titanium E20/Earth 2022,Normal BAU,1,0,0,1,1,0,PCS,ELECTRONICS,,015-PRAYAGRAJ,,GRN/2025/3170,,2026-01-29T15:30:26,,WM-02,,,,TR/2425/31,TR/2425/31,2026-01-29T00:00:00,,Released,,Rahul,Rahul,,,,GX/G/25-26/380,GX123555,,0,,2025-08-25T00:00:00,,2200,TO/2025/36,Warehouse,,1,,,,,,,0,0,DEL_CX3423,0,0,0,0,ONT,,,,,,Transfer Receipt,B486187AB5E2,2026-01-01
WIOM,001-SAKET,WM-02,Wiom ONT_GX-Titanium E20/Earth 2022,Normal BAU,1,0,0,1,1,0,PCS,ELECTRONICS,,015-PRAYAGRAJ,,GRN/2025/3170,,2026-01-29T15:30:26,,WM-02,,,,TR/2425/31,TR/2425/31,2026-01-29T00:00:00,,Released,,Rahul,Rahul,,,,GX/G/25-26/331,GX111345,,0,,2025-08-07T00:00:00,,2200,TO/2025/36,Warehouse,,1,,,,,,,0,0,DEL_CX2511,0,0,0,0,ONT,,,,,,Transfer Receipt,B486184EE182,2026-01-01
WIOM,001-SAKET,WM-02,Wiom ONT_GX-Titanium E20/Earth 2022,Normal BAU,1,0,0,1,1,0,PCS,ELECTRONICS,,015-PRAYAGRAJ,,GRN/2025/3170,,2026-01-29T15:30:26,,WM-02,,,,TR/2425/31,TR/2425/31,2026-01-29T00:00:00,,Released,,Rahul,Rahul,,,,GX/G/25-26/331,GX111352,,0,,2025-08-07T00:00:00,,2200,TO/2025/36,Warehouse,,1,,,,,,,0,0,DEL_CX2511,0,0,0,0,ONT,,,,,,Transfer Receipt,B486184F6042,2026-01-01
WIOM,001-SAKET,WM-02,Wiom ONT_GX-Titanium E20/Earth 2022,Normal BAU,1,0,0,1,1,0,PCS,ELECTRONICS,,015-PRAYAGRAJ,,GRN/2025/3170,,2026-01-29T15:30:26,,WM-02,,,,TR/2425/31,TR/2425/31,2026-01-29T00:00:00,,Released,,Rahul,Rahul,,,,GX/G/25-26/380,GX123558,,0,,2025-08-25T00:00:00,,2200,TO/2025/36,Warehouse,,1,,,,,,,0,0,DEL_CX3423,0,0,0,0,ONT,,,,,,Transfer Receipt,B486187AE472,2026-01-01
WIOM,001-SAKET,WM-02,Wiom ONT_GX-Titanium E20/Earth 2022,Normal BAU,1,0,0,1,1,0,PCS,ELECTRONICS,,015-PRAYAGRAJ,,GRN/2025/3170,,2026-01-29T15:30:26,,WM-02,,,,TR/2425/31,TR/2425/31,2026-01-29T00:00:00,,Released,,Rahul,Rahul,,,,GX/G/25-26/331,GX111571,,0,,2025-08-07T00:00:00,,2200,TO/2025/36,Warehouse,,1,,,,,,,0,0,DEL_CX2511,0,0,0,0,ONT,,,,,,Transfer Receipt,B486184FE0A2,2026-01-01
WIOM,001-SAKET,WM-02,Wiom ONT_GX-Titanium E20/Earth 2022,Normal BAU,1,0,0,1,1,0,PCS,ELECTRONICS,,015-PRAYAGRAJ,,GRN/2025/3170,,2026-01-29T15:30:26,,WM-02,,,,TR/2425/31,TR/2425/31,2026-01-29T00:00:00,,Released,,Rahul,Rahul,,,,GX/G/25-26/380,GX123079,,0,,2025-08-25T00:00:00,,2200,TO/2025/36,Warehouse,,1,,,,,,,0,0,DEL_CX3423,0,0,0,0,ONT,,,,,,Transfer Receipt,B486187B5912,2026-01-01
WIOM,001-SAKET,WM-02,Wiom ONT_GX-Titanium E20/Earth 2022,Normal BAU,1,0,0,1,1,0,PCS,ELECTRONICS,,015-PRAYAGRAJ,,GRN/2025/3170,,2026-01-29T15:30:26,,WM-02,,,,TR/2425/31,TR/2425/31,2026-01-29T00:00:00,,Released,,Rahul,Rahul,,,,GX/G/25-26/417,GX127324,,0,,2025-09-05T00:00:00,,2200,TO/2025/36,Warehouse,,1,,,,,,,0,0,DEL_CX4317,0,0,0,0,ONT,,,,,,Transfer Receipt,B486187BAFE2,2026-01-01
WIOM,001-SAKET,WM-02,Wiom ONT_GX-Titanium E20/Earth 2022,Normal BAU,1,0,0,1,1,0,PCS,ELECTRONICS,,015-PRAYAGRAJ,,GRN/2025/3170,,2026-01-29T15:30:26,,WM-02,,,,TR/2425/31,TR/2425/31,2026-01-29T00:00:00,,Released,,Rahul,Rahul,,,,GX/G/25-26/417,GX127779,,0,,2025-09-05T00:00:00,,2200,TO/2025/36,Warehouse,,1,,,,,,,0,0,DEL_CX4317,0,0,0,0,ONT,,,,,,Transfer Receipt,B486187B5D32,2026-01-01
WIOM,001-SAKET,WM-02,Wiom ONT_GX-Titanium E20/Earth 2022,Normal BAU,1,0,0,1,1,0,PCS,ELECTRONICS,,015-PRAYAGRAJ,,GRN/2025/3170,,2026-01-29T15:30:26,,WM-02,,,,TR/2425/31,TR/2425/31,2026-01-29T00:00:00,,Released,,Rahul,Rahul,,,,GX/G/25-26/417,GX127316,,0,,2025-09-05T00:00:00,,2200,TO/2025/36,Warehouse,,1,,,,,,,0,0,DEL_CX4317,0,0,0,0,ONT,,,,,,Transfer Receipt,B486187C4DB2,2026-01-01
WIOM,001-SAKET,WM-02,Wiom ONT_GX-Titanium E20/Earth 2022,Normal BAU,1,0,0,1,1,0,PCS,ELECTRONICS,,015-PRAYAGRAJ,,GRN/2025/3170,,2026-01-29T15:30:26,,WM-02,,,,TR/2425/31,TR/2425/31,2026-01-29T00:00:00,,Released,,Rahul,Rahul,,,,GX/G/25-26/331,GX108384,,0,,2025-08-07T00:00:00,,2200,TO/2025/36,Warehouse,,1,,,,,,,0,0,DEL_CX2511,0,0,0,0,ONT,,,,,,Transfer Receipt,B48618501BF2,2026-01-01
WIOM,001-SAKET,WM-02,Wiom ONT_GX-Titanium E20/Earth 2022,Normal BAU,1,0,0,1,1,0,PCS,ELECTRONICS,,015-PRAYAGRAJ,,GRN/2025/3170,,2026-01-29T15:30:26,,WM-02,,,,TR/2425/31,TR/2425/31,2026-01-29T00:00:00,,Released,,Rahul,Rahul,,,,GX/G/25-26/331,GX108395,,0,,2025-08-07T00:00:00,,2200,TO/2025/36,Warehouse,,1,,,,,,,0,0,DEL_CX2511,0,0,0,0,ONT,,,,,,Transfer Receipt,B486184F3892,2026-01-01
WIOM,001-SAKET,WM-02,Wiom ONT_GX-Titanium E20/Earth 2022,Normal BAU,1,0,0,1,1,0,PCS,ELECTRONICS,,015-PRAYAGRAJ,,GRN/2025/3170,,2026-01-29T15:30:26,,WM-02,,,,TR/2425/31,TR/2425/31,2026-01-29T00:00:00,,Released,,Rahul,Rahul,,,,GX/G/25-26/380,GX123115,,0,,2025-08-25T00:00:00,,2200,TO/2025/36,Warehouse,,1,,,,,,,0,0,DEL_CX3423,0,0,0,0,ONT,,,,,,Transfer Receipt,B486187A4872,2026-01-01
WIOM,001-SAKET,WM-02,Wiom ONT_GX-Titanium E20/Earth 2022,Normal BAU,1,0,0,1,1,0,PCS,ELECTRONICS,,015-PRAYAGRAJ,,GRN/2025/3170,,2026-01-29T15:30:26,,WM-02,,,,TR/2425/31,TR/2425/31,2026-01-29T00:00:00,,Released,,Rahul,Rahul,,,,GX/G/25-26/417,GX127554,,0,,2025-09-05T00:00:00,,2200,TO/2025/36,Warehouse,,1,,,,,,,0,0,DEL_CX4317,0,0,0,0,ONT,,,,,,Transfer Receipt,B486187B8492,2026-01-01
WIOM,001-SAKET,WM-02,Wiom ONT_GX-Titanium E20/Earth 2022,Normal BAU,1,0,0,1,1,0,PCS,ELECTRONICS,,015-PRAYAGRAJ,,GRN/2025/3170,,2026-01-29T15:30:26,,WM-02,,,,TR/2425/31,TR/2425/31,2026-01-29T00:00:00,,Released,,Rahul,Rahul,,,,GX/G/25-26/331,GX111354,,0,,2025-08-07T00:00:00,,2200,TO/2025/36,Warehouse,,1,,,,,,,0,0,DEL_CX2511,0,0,0,0,ONT,,,,,,Transfer Receipt,B486184FEC52,2026-01-01
WIOM,001-SAKET,WM-02,Wiom ONT_GX-Titanium E20/Earth 2022,Normal BAU,1,0,0,1,1,0,PCS,ELECTRONICS,,015-PRAYAGRAJ,,GRN/2025/3170,,2026-01-29T15:30:26,,WM-02,,,,TR/2425/31,TR/2425/31,2026-01-29T00:00:00,,Released,,Rahul,Rahul,,,,GX/G/25-26/331,GX108378,,0,,2025-08-07T00:00:00,,2200,TO/2025/36,Warehouse,,1,,,,,,,0,0,DEL_CX2511,0,0,0,0,ONT,,,,,,Transfer Receipt,B486184F31A2,2026-01-01
WIOM,001-SAKET,WM-02,Wiom ONT_GX-Titanium E20/Earth 2022,Normal BAU,1,0,0,1,1,0,PCS,ELECTRONICS,,015-PRAYAGRAJ,,GRN/2025/3170,,2026-01-29T15:30:26,,WM-02,,,,TR/2425/31,TR/2425/31,2026-01-29T00:00:00,,Released,,Rahul,Rahul,,,,GX/G/25-26/331,GX111351,,0,,2025-08-07T00:00:00,,2200,TO/2025/36,Warehouse,,1,,,,,,,0,0,DEL_CX2511,0,0,0,0,ONT,,,,,,Transfer Receipt,B48618503F22,2026-01-01
WIOM,001-SAKET,WM-02,Wiom ONT_GX-Titanium E20/Earth 2022,Normal BAU,1,0,0,1,1,0,PCS,ELECTRONICS,,015-PRAYAGRAJ,,GRN/2025/3170,,2026-01-29T15:30:26,,WM-02,,,,TR/2425/31,TR/2425/31,2026-01-29T00:00:00,,Released,,Rahul,Rahul,,,,GX/G/25-26/331,GX111347,,0,,2025-08-07T00:00:00,,2200,TO/2025/36,Warehouse,,1,,,,,,,0,0,DEL_CX2511,0,0,0,0,ONT,,,,,,Transfer Receipt,B486184FCA62,2026-01-01
WIOM,001-SAKET,WM-02,Wiom ONT_GX-Titanium E20/Earth 2022,Normal BAU,1,0,0,1,1,0,PCS,ELECTRONICS,,015-PRAYAGRAJ,,GRN/2025/3170,,2026-01-29T15:30:26,,WM-02,,,,TR/2425/31,TR/2425/31,2026-01-29T00:00:00,,Released,,Rahul,Rahul,,,,GX/G/25-26/380,GX122609,,0,,2025-08-25T00:00:00,,2200,TO/2025/36,Warehouse,,1,,,,,,,0,0,DEL_CX3423,0,0,0,0,ONT,,,,,,Transfer Receipt,B486187A35E2,2026-01-01
WIOM,001-SAKET,WM-02,Wiom ONT_GX-Titanium E20/Earth 2022,Normal BAU,1,0,0,1,1,0,PCS,ELECTRONICS,,015-PRAYAGRAJ,,GRN/2025/3170,,2026-01-29T15:30:26,,WM-02,,,,TR/2425/31,TR/2425/31,2026-01-29T00:00:00,,Released,,Rahul,Rahul,,,,GX/G/25-26/380,GX123118,,0,,2025-08-25T00:00:00,,2200,TO/2025/36,Warehouse,,1,,,,,,,0,0,DEL_CX3423,0,0,0,0,ONT,,,,,,Transfer Receipt,B486187A3C42,2026-01-01
WIOM,001-SAKET,WM-02,Wiom ONT_GX-Titanium E20/Earth 2022,Normal BAU,1,0,0,1,1,0,PCS,ELECTRONICS,,015-PRAYAGRAJ,,GRN/2025/3170,,2026-01-29T15:30:26,,WM-02,,,,TR/2425/31,TR/2425/31,2026-01-29T00:00:00,,Released,,Rahul,Rahul,,,,GX/G/25-26/380,GX123250,,0,,2025-08-25T00:00:00,,2200,TO/2025/36,Warehouse,,1,,,,,,,0,0,DEL_CX3423,0,0,0,0,ONT,,,,,,Transfer Receipt,B486187B2572,2026-01-01
WIOM,001-SAKET,WM-02,Wiom ONT_GX-Titanium E20/Earth 2022,Normal BAU,1,0,0,1,1,0,PCS,ELECTRONICS,,015-PRAYAGRAJ,,GRN/2025/3170,,2026-01-29T15:30:26,,WM-02,,,,TR/2425/31,TR/2425/31,2026-01-29T00:00:00,,Released,,Rahul,Rahul,,,,GX/G/25-26/380,GX122831,,0,,2025-08-25T00:00:00,,2200,TO/2025/36,Warehouse,,1,,,,,,,0,0,DEL_CX3423,0,0,0,0,ONT,,,,,,Transfer Receipt,B486187A8092,2026-01-01
WIOM,001-SAKET,WM-02,Wiom ONT_GX-Titanium E20/Earth 2022,Normal BAU,1,0,0,1,1,0,PCS,ELECTRONICS,,015-PRAYAGRAJ,,GRN/2025/3170,,2026-01-29T15:30:26,,WM-02,,,,TR/2425/31,TR/2425/31,2026-01-29T00:00:00,,Released,,Rahul,Rahul,,,,GX/G/25-26/331,GX108577,,0,,2025-08-07T00:00:00,,2200,TO/2025/36,Warehouse,,1,,,,,,,0,0,DEL_CX2511,0,0,0,0,ONT,,,,,,Transfer Receipt,B486184F6432,2026-01-01
WIOM,001-SAKET,WM-02,Wiom ONT_GX-Titanium E20/Earth 2022,Normal BAU,1,0,0,1,1,0,PCS,ELECTRONICS,,015-PRAYAGRAJ,,GRN/2025/3170,,2026-01-29T15:30:26,,WM-02,,,,TR/2425/31,TR/2425/31,2026-01-29T00:00:00,,Released,,Rahul,Rahul,,,,GX/G/25-26/380,GX123541,,0,,2025-08-25T00:00:00,,2200,TO/2025/36,Warehouse,,1,,,,,,,0,0,DEL_CX3423,0,0,0,0,ONT,,,,,,Transfer Receipt,B486187ADB42,2026-01-01
WIOM,001-SAKET,WM-02,Wiom ONT_GX-Titanium E20/Earth 2022,Normal BAU,1,0,0,1,1,0,PCS,ELECTRONICS,,015-PRAYAGRAJ,,GRN/2025/3170,,2026-01-29T15:30:26,,WM-02,,,,TR/2425/31,TR/2425/31,2026-01-29T00:00:00,,Released,,Rahul,Rahul,,,,GX/G/25-26/331,GX108573,,0,,2025-08-07T00:00:00,,2200,TO/2025/36,Warehouse,,1,,,,,,,0,0,DEL_CX2511,0,0,0,0,ONT,,,,,,Transfer Receipt,B486184FCE92,2026-01-01
WIOM,001-SAKET,WM-02,Wiom ONT_GX-Titanium E20/Earth 2022,Normal BAU,1,0,0,1,1,0,PCS,ELECTRONICS,,015-PRAYAGRAJ,,GRN/2025/3170,,2026-01-29T15:30:26,,WM-02,,,,TR/2425/31,TR/2425/31,2026-01-29T00:00:00,,Released,,Rahul,Rahul,,,,GX/G/25-26/331,GX108576,,0,,2025-08-07T00:00:00,,2200,TO/2025/36,Warehouse,,1,,,,,,,0,0,DEL_CX2511,0,0,0,0,ONT,,,,,,Transfer Receipt,B486184FB872,2026-01-01
WIOM,001-SAKET,WM-02,Wiom ONT_GX-Titanium E20/Earth 2022,Normal BAU,1,0,0,1,1,0,PCS,ELECTRONICS,,015-PRAYAGRAJ,,GRN/2025/3170,,2026-01-29T15:30:26,,WM-02,,,,TR/2425/31,TR/2425/31,2026-01-29T00:00:00,,Released,,Rahul,Rahul,,,,GX/G/25-26/380,GX123255,,0,,2025-08-25T00:00:00,,2200,TO/2025/36,Warehouse,,1,,,,,,,0,0,DEL_CX3423,0,0,0,0,ONT,,,,,,Transfer Receipt,B486187AE022,2026-01-01
WIOM,001-SAKET,WM-02,Wiom ONT_GX-Titanium E20/Earth 2022,Normal BAU,1,0,0,1,1,0,PCS,ELECTRONICS,,015-PRAYAGRAJ,,GRN/2025/3170,,2026-01-29T15:30:26,,WM-02,,,,TR/2425/31,TR/2425/31,2026-01-29T00:00:00,,Released,,Rahul,Rahul,,,,GX/G/25-26/331,GX108584,,0,,2025-08-07T00:00:00,,2200,TO/2025/36,Warehouse,,1,,,,,,,0,0,DEL_CX2511,0,0,0,0,ONT,,,,,,Transfer Receipt,B486184FBCE2,2026-01-01
WIOM,001-SAKET,WM-02,Wiom ONT_GX-Titanium E20/Earth 2022,Normal BAU,1,0,0,1,1,0,PCS,ELECTRONICS,,015-PRAYAGRAJ,,GRN/2025/3170,,2026-01-29T15:30:26,,WM-02,,,,TR/2425/31,TR/2425/31,2026-01-29T00:00:00,,Released,,Rahul,Rahul,,,,GX/G/25-26/380,GX123260,,0,,2025-08-25T00:00:00,,2200,TO/2025/36,Warehouse,,1,,,,,,,0,0,DEL_CX3423,0,0,0,0,ONT,,,,,,Transfer Receipt,B486187AF892,2026-01-01
WIOM,001-SAKET,WM-02,Wiom ONT_GX-Titanium E20/Earth 2022,Normal BAU,1,0,0,1,1,0,PCS,ELECTRONICS,,015-PRAYAGRAJ,,GRN/2025/3170,,2026-01-29T15:30:26,,WM-02,,,,TR/2425/31,TR/2425/31,2026-01-29T00:00:00,,Released,,Rahul,Rahul,,,,GX/G/25-26/380,GX123113,,0,,2025-08-25T00:00:00,,2200,TO/2025/36,Warehouse,,1,,,,,,,0,0,DEL_CX3423,0,0,0,0,ONT,,,,,,Transfer Receipt,B486187A7B52,2026-01-01
WIOM,001-SAKET,WM-02,Wiom ONT_GX-Titanium E20/Earth 2022,Normal BAU,1,0,0,1,1,0,PCS,ELECTRONICS,,015-PRAYAGRAJ,,GRN/2025/3170,,2026-01-29T15:30:26,,WM-02,,,,TR/2425/31,TR/2425/31,2026-01-29T00:00:00,,Released,,Rahul,Rahul,,,,GX/G/25-26/331,GX108382,,0,,2025-08-07T00:00:00,,2200,TO/2025/36,Warehouse,,1,,,,,,,0,0,DEL_CX2511,0,0,0,0,ONT,,,,,,Transfer Receipt,B48618502A32,2026-01-01
WIOM,001-SAKET,WM-02,Wiom ONT_GX-Titanium E20/Earth 2022,Normal BAU,1,0,0,1,1,0,PCS,ELECTRONICS,,015-PRAYAGRAJ,,GRN/2025/3170,,2026-01-29T15:30:26,,WM-02,,,,TR/2425/31,TR/2425/31,2026-01-29T00:00:00,,Released,,Rahul,Rahul,,,,GX/G/25-26/380,GX123536,,0,,2025-08-25T00:00:00,,2200,TO/2025/36,Warehouse,,1,,,,,,,0,0,DEL_CX3423,0,0,0,0,ONT,,,,,,Transfer Receipt,B486187A8912,2026-01-01
WIOM,001-SAKET,WM-02,Wiom ONT_GX-Titanium E20/Earth 2022,Normal BAU,1,0,0,1,1,0,PCS,ELECTRONICS,,015-PRAYAGRAJ,,GRN/2025/3170,,2026-01-29T15:30:26,,WM-02,,,,TR/2425/31,TR/2425/31,2026-01-29T00:00:00,,Released,,Rahul,Rahul,,,,GX/G/25-26/331,GX111581,,0,,2025-08-07T00:00:00,,2200,TO/2025/36,Warehouse,,1,,,,,,,0,0,DEL_CX2511,0,0,0,0,ONT,,,,,,Transfer Receipt,B486184E6242,2026-01-01
WIOM,001-SAKET,WM-02,Wiom ONT_GX-Titanium E20/Earth 2022,Normal BAU,1,0,0,1,1,0,PCS,ELECTRONICS,,015-PRAYAGRAJ,,GRN/2025/3170,,2026-01-29T15:30:26,,WM-02,,,,TR/2425/31,TR/2425/31,2026-01-29T00:00:00,,Released,,Rahul,Rahul,,,,GX/G/25-26/380,GX123540,,0,,2025-08-25T00:00:00,,2200,TO/2025/36,Warehouse,,1,,,,,,,0,0,DEL_CX3423,0,0,0,0,ONT,,,,,,Transfer Receipt,B486187A8872,2026-01-01
WIOM,001-SAKET,WM-02,Wiom ONT_GX-Titanium E20/Earth 2022,Normal BAU,1,0,0,1,1,0,PCS,ELECTRONICS,,015-PRAYAGRAJ,,GRN/2025/3170,,2026-01-29T15:30:26,,WM-02,,,,TR/2425/31,TR/2425/31,2026-01-29T00:00:00,,Released,,Rahul,Rahul,,,,GX/G/25-26/331,GX111577,,0,,2025-08-07T00:00:00,,2200,TO/2025/36,Warehouse,,1,,,,,,,0,0,DEL_CX2511,0,0,0,0,ONT,,,,,,Transfer Receipt,B486184FEA02,2026-01-01
WIOM,001-SAKET,WM-02,Wiom ONT_GX-Titanium E20/Earth 2022,Normal BAU,1,0,0,1,1,0,PCS,ELECTRONICS,,015-PRAYAGRAJ,,GRN/2025/3170,,2026-01-29T15:30:26,,WM-02,,,,TR/2425/31,TR/2425/31,2026-01-29T00:00:00,,Released,,Rahul,Rahul,,,,GX/G/25-26/331,GX111578,,0,,2025-08-07T00:00:00,,2200,TO/2025/36,Warehouse,,1,,,,,,,0,0,DEL_CX2511,0,0,0,0,ONT,,,,,,Transfer Receipt,B486184F1302,2026-01-01
WIOM,001-SAKET,WM-02,Wiom ONT_GX-Titanium E20/Earth 2022,Normal BAU,1,0,0,1,1,0,PCS,ELECTRONICS,,015-PRAYAGRAJ,,GRN/2025/3170,,2026-01-29T15:30:26,,WM-02,,,,TR/2425/31,TR/2425/31,2026-01-29T00:00:00,,Released,,Rahul,Rahul,,,,GX/G/25-26/380,GX123528,,0,,2025-08-25T00:00:00,,2200,TO/2025/36,Warehouse,,1,,,,,,,0,0,DEL_CX3423,0,0,0,0,ONT,,,,,,Transfer Receipt,B486187A3C12,2026-01-01
WIOM,001-SAKET,WM-02,Wiom ONT_GX-Titanium E20/Earth 2022,Normal BAU,1,0,0,1,1,0,PCS,ELECTRONICS,,015-PRAYAGRAJ,,GRN/2025/3170,,2026-01-29T15:30:26,,WM-02,,,,TR/2425/31,TR/2425/31,2026-01-29T00:00:00,,Released,,Rahul,Rahul,,,,GX/G/25-26/380,GX123534,,0,,2025-08-25T00:00:00,,2200,TO/2025/36,Warehouse,,1,,,,,,,0,0,DEL_CX3423,0,0,0,0,ONT,,,,,,Transfer Receipt,B486187B2A82,2026-01-01
WIOM,001-SAKET,WM-02,Wiom ONT_GX-Titanium E20/Earth 2022,Normal BAU,1,0,0,1,1,0,PCS,ELECTRONICS,,015-PRAYAGRAJ,,GRN/2025/3170,,2026-01-29T15:30:26,,WM-02,,,,TR/2425/31,TR/2425/31,2026-01-29T00:00:00,,Released,,Rahul,Rahul,,,,GX/G/25-26/331,GX108578,,0,,2025-08-07T00:00:00,,2200,TO/2025/36,Warehouse,,1,,,,,,,0,0,DEL_CX2511,0,0,0,0,ONT,,,,,,Transfer Receipt,B48618502F82,2026-01-01
WIOM,001-SAKET,WM-02,Wiom ONT_GX-Titanium E20/Earth 2022,Normal BAU,1,0,0,1,1,0,PCS,ELECTRONICS,,015-PRAYAGRAJ,,GRN/2025/3170,,2026-01-29T15:30:26,,WM-02,,,,TR/2425/31,TR/2425/31,2026-01-29T00:00:00,,Released,,Rahul,Rahul,,,,GX/G/25-26/380,GX123529,,0,,2025-08-25T00:00:00,,2200,TO/2025/36,Warehouse,,1,,,,,,,0,0,DEL_CX3423,0,0,0,0,ONT,,,,,,Transfer Receipt,B486187B12E2,2026-01-01
WIOM,001-SAKET,WM-02,Wiom ONT_GX-Titanium E20/Earth 2022,Normal BAU,1,0,0,1,1,0,PCS,ELECTRONICS,,015-PRAYAGRAJ,,GRN/2025/3170,,2026-01-29T15:30:26,,WM-02,,,,TR/2425/31,TR/2425/31,2026-01-29T00:00:00,,Released,,Rahul,Rahul,,,,GX/G/25-26/380,GX123542,,0,,2025-08-25T00:00:00,,2200,TO/2025/36,Warehouse,,1,,,,,,,0,0,DEL_CX3423,0,0,0,0,ONT,,,,,,Transfer Receipt,B486187B1CA2,2026-01-01
WIOM,001-SAKET,WM-02,Wiom ONT_GX-Titanium E20/Earth 2022,Normal BAU,1,0,0,1,1,0,PCS,ELECTRONICS,,015-PRAYAGRAJ,,GRN/2025/3170,,2026-01-29T15:30:26,,WM-02,,,,TR/2425/31,TR/2425/31,2026-01-29T00:00:00,,Released,,Rahul,Rahul,,,,GX/G/25-26/380,GX123554,,0,,2025-08-25T00:00:00,,2200,TO/2025/36,Warehouse,,1,,,,,,,0,0,DEL_CX3423,0,0,0,0,ONT,,,,,,Transfer Receipt,B486187A9922,2026-01-01
WIOM,001-SAKET,WM-02,Wiom ONT_GX-Titanium E20/Earth 2022,Normal BAU,1,0,0,1,0,0,PCS,ELECTRONICS,,010-LUCKNOW,,GRN/2025/3152,,2026-01-27T16:57:37,,WM-02,,,,TR/2425/29,TR/2425/29,2026-01-27T00:00:00,,Closed,,Rahul,Rahul,,,,GX/G/25-26/363,GX119388,,0,,2025-08-20T00:00:00,,2200,TO/2025/34,Warehouse,,1,,,,,,,0,0,DEL_CX3019,0,0,0,0,ONT,,,,,,Transfer Receipt,B48618797382,2026-01-01
WIOM,001-SAKET,WM-02,Wiom ONT_GX-Titanium E20/Earth 2022,Normal BAU,1,0,0,1,0,0,PCS,ELECTRONICS,,010-LUCKNOW,,GRN/2025/3152,,2026-01-27T16:57:37,,WM-02,,,,TR/2425/29,TR/2425/29,2026-01-27T00:00:00,,Closed,,Rahul,Rahul,,,,GX/G/25-26/363,GX119085,,0,,2025-08-20T00:00:00,,2200,TO/2025/34,Warehouse,,1,,,,,,,0,0,DEL_CX3019,0,0,0,0,ONT,,,,,,Transfer Receipt,B4861879DA72,2026-01-01
WIOM,001-SAKET,WM-02,Wiom ONT_GX-Titanium E20/Earth 2022,Normal BAU,1,0,0,1,0,0,PCS,ELECTRONICS,,010-LUCKNOW,,GRN/2025/3152,,2026-01-27T16:57:37,,WM-02,,,,TR/2425/29,TR/2425/29,2026-01-27T00:00:00,,Closed,,Rahul,Rahul,,,,GX/G/25-26/363,GX119306,,0,,2025-08-20T00:00:00,,2200,TO/2025/34,Warehouse,,1,,,,,,,0,0,DEL_CX3019,0,0,0,0,ONT,,,,,,Transfer Receipt,B4861879EE02,2026-01-01
WIOM,001-SAKET,WM-02,Wiom ONT_GX-Titanium E20/Earth 2022,Normal BAU,1,0,0,1,0,0,PCS,ELECTRONICS,,010-LUCKNOW,,GRN/2025/3152,,2026-01-27T16:57:37,,WM-02,,,,TR/2425/29,TR/2425/29,2026-01-27T00:00:00,,Closed,,Rahul,Rahul,,,,GX/G/25-26/363,GX119619,,0,,2025-08-20T00:00:00,,2200,TO/2025/34,Warehouse,,1,,,,,,,0,0,DEL_CX3019,0,0,0,0,ONT,,,,,,Transfer Receipt,B486187989B2,2026-01-01
WIOM,001-SAKET,WM-02,Wiom ONT_GX-Titanium E20/Earth 2022,Normal BAU,1,0,0,1,0,0,PCS,ELECTRONICS,,010-LUCKNOW,,GRN/2025/3152,,2026-01-27T16:57:37,,WM-02,,,,TR/2425/29,TR/2425/29,2026-01-27T00:00:00,,Closed,,Rahul,Rahul,,,,GX/G/25-26/363,GX119087,,0,,2025-08-20T00:00:00,,2200,TO/2025/34,Warehouse,,1,,,,,,,0,0,DEL_CX3019,0,0,0,0,ONT,,,,,,Transfer Receipt,B4861879AAC2,2026-01-01
WIOM,001-SAKET,WM-02,Wiom ONT_GX-Titanium E20/Earth 2022,Normal BAU,1,0,0,1,0,0,PCS,ELECTRONICS,,010-LUCKNOW,,GRN/2025/3152,,2026-01-27T16:57:37,,WM-02,,,,TR/2425/29,TR/2425/29,2026-01-27T00:00:00,,Closed,,Rahul,Rahul,,,,GX/G/25-26/363,GX119089,,0,,2025-08-20T00:00:00,,2200,TO/2025/34,Warehouse,,1,,,,,,,0,0,DEL_CX3019,0,0,0,0,ONT,,,,,,Transfer Receipt,B4861879A132,2026-01-01
WIOM,001-SAKET,WM-02,Wiom ONT_GX-Titanium E20/Earth 2022,Normal BAU,1,0,0,1,0,0,PCS,ELECTRONICS,,010-LUCKNOW,,GRN/2025/3152,,2026-01-27T16:57:37,,WM-02,,,,TR/2425/29,TR/2425/29,2026-01-27T00:00:00,,Closed,,Rahul,Rahul,,,,GX/G/25-26/363,GX119223,,0,,2025-08-20T00:00:00,,2200,TO/2025/34,Warehouse,,1,,,,,,,0,0,DEL_CX3019,0,0,0,0,ONT,,,,,,Transfer Receipt,B486187970F2,2026-01-01
WIOM,001-SAKET,WM-02,Wiom ONT_GX-Titanium E20/Earth 2022,Normal BAU,1,0,0,1,0,0,PCS,ELECTRONICS,,010-LUCKNOW,,GRN/2025/3152,,2026-01-27T16:57:37,,WM-02,,,,TR/2425/29,TR/2425/29,2026-01-27T00:00:00,,Closed,,Rahul,Rahul,,,,GX/G/25-26/363,GX119231,,0,,2025-08-20T00:00:00,,2200,TO/2025/34,Warehouse,,1,,,,,,,0,0,DEL_CX3019,0,0,0,0,ONT,,,,,,Transfer Receipt,B4861879C232,2026-01-01
WIOM,001-SAKET,WM-02,Wiom ONT_GX-Titanium E20/Earth 2022,Normal BAU,1,0,0,1,0,0,PCS,ELECTRONICS,,010-LUCKNOW,,GRN/2025/3152,,2026-01-27T16:57:37,,WM-02,,,,TR/2425/29,TR/2425/29,2026-01-27T00:00:00,,Closed,,Rahul,Rahul,,,,GX/G/25-26/363,GX119310,,0,,2025-08-20T00:00:00,,2200,TO/2025/34,Warehouse,,1,,,,,,,0,0,DEL_CX3019,0,0,0,0,ONT,,,,,,Transfer Receipt,B4861879C762,2026-01-01
WIOM,001-SAKET,WM-02,Wiom ONT_GX-Titanium E20/Earth 2022,Normal BAU,1,0,0,1,0,0,PCS,ELECTRONICS,,010-LUCKNOW,,GRN/2025/3152,,2026-01-27T16:57:37,,WM-02,,,,TR/2425/29,TR/2425/29,2026-01-27T00:00:00,,Closed,,Rahul,Rahul,,,,GX/G/25-26/363,GX119322,,0,,2025-08-20T00:00:00,,2200,TO/2025/34,Warehouse,,1,,,,,,,0,0,DEL_CX3019,0,0,0,0,ONT,,,,,,Transfer Receipt,B4861879F792,2026-01-01
WIOM,001-SAKET,WM-02,Wiom ONT_GX-Titanium E20/Earth 2022,Normal BAU,1,0,0,1,0,0,PCS,ELECTRONICS,,010-LUCKNOW,,GRN/2025/3152,,2026-01-27T16:57:37,,WM-02,,,,TR/2425/29,TR/2425/29,2026-01-27T00:00:00,,Closed,,Rahul,Rahul,,,,GX/G/25-26/363,GX119382,,0,,2025-08-20T00:00:00,,2200,TO/2025/34,Warehouse,,1,,,,,,,0,0,DEL_CX3019,0,0,0,0,ONT,,,,,,Transfer Receipt,B48618797112,2026-01-01
WIOM,001-SAKET,WM-02,Wiom ONT_GX-Titanium E20/Earth 2022,Normal BAU,1,0,0,1,0,0,PCS,ELECTRONICS,,010-LUCKNOW,,GRN/2025/3152,,2026-01-27T16:57:37,,WM-02,,,,TR/2425/29,TR/2425/29,2026-01-27T00:00:00,,Closed,,Rahul,Rahul,,,,GX/G/25-26/363,GX120773,,0,,2025-08-20T00:00:00,,2200,TO/2025/34,Warehouse,,1,,,,,,,0,0,DEL_CX3019,0,0,0,0,ONT,,,,,,Transfer Receipt,B4861879E5C2,2026-01-01
WIOM,001-SAKET,WM-02,Wiom ONT_GX-Titanium E20/Earth 2022,Normal BAU,1,0,0,1,0,0,PCS,ELECTRONICS,,010-LUCKNOW,,GRN/2025/3152,,2026-01-27T16:57:37,,WM-02,,,,TR/2425/29,TR/2425/29,2026-01-27T00:00:00,,Closed,,Rahul,Rahul,,,,GX/G/25-26/363,GX119459,,0,,2025-08-20T00:00:00,,2200,TO/2025/34,Warehouse,,1,,,,,,,0,0,DEL_CX3019,0,0,0,0,ONT,,,,,,Transfer Receipt,B48618798C62,2026-01-01
WIOM,001-SAKET,WM-02,Wiom ONT_GX-Titanium E20/Earth 2022,Normal BAU,1,0,0,1,0,0,PCS,ELECTRONICS,,010-LUCKNOW,,GRN/2025/3152,,2026-01-27T16:57:37,,WM-02,,,,TR/2425/29,TR/2425/29,2026-01-27T00:00:00,,Closed,,Rahul,Rahul,,,,GX/G/25-26/363,GX119438,,0,,2025-08-20T00:00:00,,2200,TO/2025/34,Warehouse,,1,,,,,,,0,0,DEL_CX3019,0,0,0,0,ONT,,,,,,Transfer Receipt,B4861879D432,2026-01-01
WIOM,001-SAKET,WM-02,Wiom ONT_GX-Titanium E20/Earth 2022,Normal BAU,1,0,0,1,0,0,PCS,ELECTRONICS,,010-LUCKNOW,,GRN/2025/3152,,2026-01-27T16:57:37,,WM-02,,,,TR/2425/29,TR/2425/29,2026-01-27T00:00:00,,Closed,,Rahul,Rahul,,,,GX/G/25-26/363,GX119352,,0,,2025-08-20T00:00:00,,2200,TO/2025/34,Warehouse,,1,,,,,,,0,0,DEL_CX3019,0,0,0,0,ONT,,,,,,Transfer Receipt,B486187983B2,2026-01-01
WIOM,001-SAKET,WM-02,Wiom ONT_GX-Titanium E20/Earth 2022,Normal BAU,1,0,0,1,0,0,PCS,ELECTRONICS,,010-LUCKNOW,,GRN/2025/3152,,2026-01-27T16:57:37,,WM-02,,,,TR/2425/29,TR/2425/29,2026-01-27T00:00:00,,Closed,,Rahul,Rahul,,,,GX/G/25-26/363,GX119457,,0,,2025-08-20T00:00:00,,2200,TO/2025/34,Warehouse,,1,,,,,,,0,0,DEL_CX3019,0,0,0,0,ONT,,,,,,Transfer Receipt,B4861879B0A2,2026-01-01
WIOM,001-SAKET,WM-02,Wiom ONT_GX-Titanium E20/Earth 2022,Normal BAU,1,0,0,1,0,0,PCS,ELECTRONICS,,010-LUCKNOW,,GRN/2025/3152,,2026-01-27T16:57:37,,WM-02,,,,TR/2425/29,TR/2425/29,2026-01-27T00:00:00,,Closed,,Rahul,Rahul,,,,GX/G/25-26/363,GX117034,,0,,2025-08-20T00:00:00,,2200,TO/2025/34,Warehouse,,1,,,,,,,0,0,DEL_CX3019,0,0,0,0,ONT,,,,,,Transfer Receipt,B4861879BB52,2026-01-01
WIOM,001-SAKET,WM-02,Wiom ONT_GX-Titanium E20/Earth 2022,Normal BAU,1,0,0,1,0,0,PCS,ELECTRONICS,,010-LUCKNOW,,GRN/2025/3152,,2026-01-27T16:57:37,,WM-02,,,,TR/2425/29,TR/2425/29,2026-01-27T00:00:00,,Closed,,Rahul,Rahul,,,,GX/G/25-26/363,GX119207,,0,,2025-08-20T00:00:00,,2200,TO/2025/34,Warehouse,,1,,,,,,,0,0,DEL_CX3019,0,0,0,0,ONT,,,,,,Transfer Receipt,B4861879DA42,2026-01-01
WIOM,001-SAKET,WM-02,Wiom ONT_GX-Titanium E20/Earth 2022,Normal BAU,1,0,0,1,0,0,PCS,ELECTRONICS,,010-LUCKNOW,,GRN/2025/3152,,2026-01-27T16:57:37,,WM-02,,,,TR/2425/29,TR/2425/29,2026-01-27T00:00:00,,Closed,,Rahul,Rahul,,,,GX/G/25-26/363,GX119216,,0,,2025-08-20T00:00:00,,2200,TO/2025/34,Warehouse,,1,,,,,,,0,0,DEL_CX3019,0,0,0,0,ONT,,,,,,Transfer Receipt,B4861879B882,2026-01-01
WIOM,001-SAKET,WM-02,Wiom ONT_GX-Titanium E20/Earth 2022,Normal BAU,1,0,0,1,0,0,PCS,ELECTRONICS,,010-LUCKNOW,,GRN/2025/3152,,2026-01-27T16:57:37,,WM-02,,,,TR/2425/29,TR/2425/29,2026-01-27T00:00:00,,Closed,,Rahul,Rahul,,,,GX/G/25-26/363,GX119333,,0,,2025-08-20T00:00:00,,2200,TO/2025/34,Warehouse,,1,,,,,,,0,0,DEL_CX3019,0,0,0,0,ONT,,,,,,Transfer Receipt,B4861879DE82,2026-01-01
WIOM,001-SAKET,WM-03,Wiom ONT_SY-GPON-2000-WADONT-WHITE,Normal BAU,1,0,0,1,1,0,PCS,ELECTRONICS,,008-GORAKHPUR,,GRN/2025/3145,,2026-01-24T17:29:32,,WM-03,,,,TR/2425/28,TR/2425/28,2026-01-24T00:00:00,,Released,,Rahul,Rahul,,,,NOD/2526/6031,SY103419,,0,,2025-09-11T00:00:00,,1950,TO/2025/32,Warehouse,,1,,,,,,,0,0,DEL_CX4560,0,0,0,0,ONT,,,,,,Transfer Receipt,989DB2B639A8,2026-01-01
WIOM,001-SAKET,WM-03,Wiom ONT_SY-GPON-2000-WADONT-WHITE,Normal BAU,1,0,0,1,1,0,PCS,ELECTRONICS,,008-GORAKHPUR,,GRN/2025/3145,,2026-01-24T17:29:32,,WM-03,,,,TR/2425/28,TR/2425/28,2026-01-24T00:00:00,,Released,,Rahul,Rahul,,,,NOD/2526/6031,SY103562,,0,,2025-09-11T00:00:00,,1950,TO/2025/32,Warehouse,,1,,,,,,,0,0,DEL_CX4560,0,0,0,0,ONT,,,,,,Transfer Receipt,989DB2B61DB0,2026-01-01
WIOM,001-SAKET,WM-03,Wiom ONT_SY-GPON-2000-WADONT-WHITE,Normal BAU,1,0,0,1,1,0,PCS,ELECTRONICS,,008-GORAKHPUR,,GRN/2025/3145,,2026-01-24T17:29:32,,WM-03,,,,TR/2425/28,TR/2425/28,2026-01-24T00:00:00,,Released,,Rahul,Rahul,,,,NOD/2526/6031,SY103579,,0,,2025-09-11T00:00:00,,1950,TO/2025/32,Warehouse,,1,,,,,,,0,0,DEL_CX4560,0,0,0,0,ONT,,,,,,Transfer Receipt,989DB2B62928,2026-01-01
WIOM,001-SAKET,WM-03,Wiom ONT_SY-GPON-2000-WADONT-WHITE,Normal BAU,1,0,0,1,1,0,PCS,ELECTRONICS,,008-GORAKHPUR,,GRN/2025/3145,,2026-01-24T17:29:32,,WM-03,,,,TR/2425/28,TR/2425/28,2026-01-24T00:00:00,,Released,,Rahul,Rahul,,,,NOD/2526/6031,SY102985,,0,,2025-09-11T00:00:00,,1950,TO/2025/32,Warehouse,,1,,,,,,,0,0,DEL_CX4543,0,0,0,0,ONT,,,,,,Transfer Receipt,989DB2B61D40,2026-01-01
WIOM,001-SAKET,WM-03,Wiom ONT_SY-GPON-2000-WADONT-WHITE,Normal BAU,1,0,0,1,1,0,PCS,ELECTRONICS,,008-GORAKHPUR,,GRN/2025/3145,,2026-01-24T17:29:32,,WM-03,,,,TR/2425/28,TR/2425/28,2026-01-24T00:00:00,,Released,,Rahul,Rahul,,,,NOD/2526/6031,SY103297,,0,,2025-09-11T00:00:00,,1950,TO/2025/32,Warehouse,,1,,,,,,,0,0,DEL_CX4579,0,0,0,0,ONT,,,,,,Transfer Receipt,989DB2B637F8,2026-01-01
WIOM,001-SAKET,WM-03,Wiom ONT_SY-GPON-2000-WADONT-WHITE,Normal BAU,1,0,0,1,1,0,PCS,ELECTRONICS,,008-GORAKHPUR,,GRN/2025/3145,,2026-01-24T17:29:32,,WM-03,,,,TR/2425/28,TR/2425/28,2026-01-24T00:00:00,,Released,,Rahul,Rahul,,,,NOD/2526/6031,SY103056,,0,,2025-09-11T00:00:00,,1950,TO/2025/32,Warehouse,,1,,,,,,,0,0,DEL_CX4542,0,0,0,0,ONT,,,,,,Transfer Receipt,989DB2B62848,2026-01-01
WIOM,001-SAKET,WM-03,Wiom ONT_SY-GPON-2000-WADONT-WHITE,Normal BAU,1,0,0,1,1,0,PCS,ELECTRONICS,,008-GORAKHPUR,,GRN/2025/3145,,2026-01-24T17:29:32,,WM-03,,,,TR/2425/28,TR/2425/28,2026-01-24T00:00:00,,Released,,Rahul,Rahul,,,,NOD/2526/6031,SY103567,,0,,2025-09-11T00:00:00,,1950,TO/2025/32,Warehouse,,1,,,,,,,0,0,DEL_CX4560,0,0,0,0,ONT,,,,,,Transfer Receipt,989DB2B61E38,2026-01-01
WIOM,001-SAKET,WM-03,Wiom ONT_SY-GPON-2000-WADONT-WHITE,Normal BAU,1,0,0,1,1,0,PCS,ELECTRONICS,,008-GORAKHPUR,,GRN/2025/3145,,2026-01-24T17:29:32,,WM-03,,,,TR/2425/28,TR/2425/28,2026-01-24T00:00:00,,Released,,Rahul,Rahul,,,,NOD/2526/6031,SY102950,,0,,2025-09-11T00:00:00,,1950,TO/2025/32,Warehouse,,1,,,,,,,0,0,DEL_CX4543,0,0,0,0,ONT,,,,,,Transfer Receipt,989DB2B623D0,2026-01-01
WIOM,001-SAKET,WM-03,Wiom ONT_SY-GPON-2000-WADONT-WHITE,Normal BAU,1,0,0,1,1,0,PCS,ELECTRONICS,,008-GORAKHPUR,,GRN/2025/3145,,2026-01-24T17:29:32,,WM-03,,,,TR/2425/28,TR/2425/28,2026-01-24T00:00:00,,Released,,Rahul,Rahul,,,,NOD/2526/6031,SY103411,,0,,2025-09-11T00:00:00,,1950,TO/2025/32,Warehouse,,1,,,,,,,0,0,DEL_CX4560,0,0,0,0,ONT,,,,,,Transfer Receipt,989DB2B640B0,2026-01-01
WIOM,001-SAKET,WM-03,Wiom ONT_SY-GPON-2000-WADONT-WHITE,Normal BAU,1,0,0,1,1,0,PCS,ELECTRONICS,,008-GORAKHPUR,,GRN/2025/3145,,2026-01-24T17:29:32,,WM-03,,,,TR/2425/28,TR/2425/28,2026-01-24T00:00:00,,Released,,Rahul,Rahul,,,,NOD/2526/6031,SY102941,,0,,2025-09-11T00:00:00,,1950,TO/2025/32,Warehouse,,1,,,,,,,0,0,DEL_CX4543,0,0,0,0,ONT,,,,,,Transfer Receipt,989DB2B629A8,2026-01-01
WIOM,001-SAKET,WM-03,Wiom ONT_SY-GPON-2000-WADONT-WHITE,Normal BAU,1,0,0,1,1,0,PCS,ELECTRONICS,,008-GORAKHPUR,,GRN/2025/3145,,2026-01-24T17:29:32,,WM-03,,,,TR/2425/28,TR/2425/28,2026-01-24T00:00:00,,Released,,Rahul,Rahul,,,,NOD/2526/6031,SY102959,,0,,2025-09-11T00:00:00,,1950,TO/2025/32,Warehouse,,1,,,,,,,0,0,DEL_CX4542,0,0,0,0,ONT,,,,,,Transfer Receipt,989DB2B61B90,2026-01-01
WIOM,001-SAKET,WM-03,Wiom ONT_SY-GPON-2000-WADONT-WHITE,Normal BAU,1,0,0,1,1,0,PCS,ELECTRONICS,,008-GORAKHPUR,,GRN/2025/3145,,2026-01-24T17:29:32,,WM-03,,,,TR/2425/28,TR/2425/28,2026-01-24T00:00:00,,Released,,Rahul,Rahul,,,,NOD/2526/6031,SY103407,,0,,2025-09-11T00:00:00,,1950,TO/2025/32,Warehouse,,1,,,,,,,0,0,DEL_CX4560,0,0,0,0,ONT,,,,,,Transfer Receipt,989DB2B63750,2026-01-01
WIOM,001-SAKET,WM-03,Wiom ONT_SY-GPON-2000-WADONT-WHITE,Normal BAU,1,0,0,1,1,0,PCS,ELECTRONICS,,008-GORAKHPUR,,GRN/2025/3145,,2026-01-24T17:29:32,,WM-03,,,,TR/2425/28,TR/2425/28,2026-01-24T00:00:00,,Released,,Rahul,Rahul,,,,NOD/2526/6031,SY102951,,0,,2025-09-11T00:00:00,,1950,TO/2025/32,Warehouse,,1,,,,,,,0,0,DEL_CX4542,0,0,0,0,ONT,,,,,,Transfer Receipt,989DB2B63180,2026-01-01
WIOM,001-SAKET,WM-03,Wiom ONT_SY-GPON-2000-WADONT-WHITE,Normal BAU,1,0,0,1,1,0,PCS,ELECTRONICS,,008-GORAKHPUR,,GRN/2025/3145,,2026-01-24T17:29:32,,WM-03,,,,TR/2425/28,TR/2425/28,2026-01-24T00:00:00,,Released,,Rahul,Rahul,,,,NOD/2526/6031,SY103044,,0,,2025-09-11T00:00:00,,1950,TO/2025/32,Warehouse,,1,,,,,,,0,0,DEL_CX4542,0,0,0,0,ONT,,,,,,Transfer Receipt,989DB2B63140,2026-01-01
WIOM,001-SAKET,WM-03,Wiom ONT_SY-GPON-2000-WADONT-WHITE,Normal BAU,1,0,0,1,1,0,PCS,ELECTRONICS,,008-GORAKHPUR,,GRN/2025/3145,,2026-01-24T17:29:32,,WM-03,,,,TR/2425/28,TR/2425/28,2026-01-24T00:00:00,,Released,,Rahul,Rahul,,,,NOD/2526/6031,SY103048,,0,,2025-09-11T00:00:00,,1950,TO/2025/32,Warehouse,,1,,,,,,,0,0,DEL_CX4542,0,0,0,0,ONT,,,,,,Transfer Receipt,989DB2B63370,2026-01-01
WIOM,001-SAKET,WM-03,Wiom ONT_SY-GPON-2000-WADONT-WHITE,Normal BAU,1,0,0,1,1,0,PCS,ELECTRONICS,,008-GORAKHPUR,,GRN/2025/3145,,2026-01-24T17:29:32,,WM-03,,,,TR/2425/28,TR/2425/28,2026-01-24T00:00:00,,Released,,Rahul,Rahul,,,,NOD/2526/6031,SY102943,,0,,2025-09-11T00:00:00,,1950,TO/2025/32,Warehouse,,1,,,,,,,0,0,DEL_CX4542,0,0,0,0,ONT,,,,,,Transfer Receipt,989DB2B629E8,2026-01-01
WIOM,001-SAKET,WM-03,Wiom ONT_SY-GPON-2000-WADONT-WHITE,Normal BAU,1,0,0,1,1,0,PCS,ELECTRONICS,,008-GORAKHPUR,,GRN/2025/3145,,2026-01-24T17:29:32,,WM-03,,,,TR/2425/28,TR/2425/28,2026-01-24T00:00:00,,Released,,Rahul,Rahul,,,,NOD/2526/6031,SY103285,,0,,2025-09-11T00:00:00,,1950,TO/2025/32,Warehouse,,1,,,,,,,0,0,DEL_CX4579,0,0,0,0,ONT,,,,,,Transfer Receipt,989DB2B64018,2026-01-01
WIOM,001-SAKET,WM-03,Wiom ONT_SY-GPON-2000-WADONT-WHITE,Normal BAU,1,0,0,1,1,0,PCS,ELECTRONICS,,008-GORAKHPUR,,GRN/2025/3145,,2026-01-24T17:29:32,,WM-03,,,,TR/2425/28,TR/2425/28,2026-01-24T00:00:00,,Released,,Rahul,Rahul,,,,NOD/2526/6031,SY102993,,0,,2025-09-11T00:00:00,,1950,TO/2025/32,Warehouse,,1,,,,,,,0,0,DEL_CX4543,0,0,0,0,ONT,,,,,,Transfer Receipt,989DB2B630A8,2026-01-01
WIOM,001-SAKET,WM-03,Wiom ONT_SY-GPON-2000-WADONT-WHITE,Normal BAU,1,0,0,1,1,0,PCS,ELECTRONICS,,008-GORAKHPUR,,GRN/2025/3145,,2026-01-24T17:29:32,,WM-03,,,,TR/2425/28,TR/2425/28,2026-01-24T00:00:00,,Released,,Rahul,Rahul,,,,NOD/2526/6031,SY103293,,0,,2025-09-11T00:00:00,,1950,TO/2025/32,Warehouse,,1,,,,,,,0,0,DEL_CX4579,0,0,0,0,ONT,,,,,,Transfer Receipt,989DB2B63BF0,2026-01-01
WIOM,001-SAKET,WM-03,Wiom ONT_SY-GPON-2000-WADONT-WHITE,Normal BAU,1,0,0,1,1,0,PCS,ELECTRONICS,,008-GORAKHPUR,,GRN/2025/3145,,2026-01-24T17:29:32,,WM-03,,,,TR/2425/28,TR/2425/28,2026-01-24T00:00:00,,Released,,Rahul,Rahul,,,,NOD/2526/6031,SY103295,,0,,2025-09-11T00:00:00,,1950,TO/2025/32,Warehouse,,1,,,,,,,0,0,DEL_CX4579,0,0,0,0,ONT,,,,,,Transfer Receipt,989DB2B63528,2026-01-01
WIOM,001-SAKET,WM-03,Wiom ONT_SY-GPON-2000-WADONT-WHITE,Normal BAU,1,0,0,1,1,0,PCS,ELECTRONICS,,008-GORAKHPUR,,GRN/2025/3145,,2026-01-24T17:29:32,,WM-03,,,,TR/2425/28,TR/2425/28,2026-01-24T00:00:00,,Released,,Rahul,Rahul,,,,NOD/2526/6031,SY102955,,0,,2025-09-11T00:00:00,,1950,TO/2025/32,Warehouse,,1,,,,,,,0,0,DEL_CX4542,0,0,0,0,ONT,,,,,,Transfer Receipt,989DB2B60DB8,2026-01-01
WIOM,001-SAKET,WM-03,Wiom ONT_SY-GPON-2000-WADONT-WHITE,Normal BAU,1,0,0,1,1,0,PCS,ELECTRONICS,,008-GORAKHPUR,,GRN/2025/3145,,2026-01-24T17:29:32,,WM-03,,,,TR/2425/28,TR/2425/28,2026-01-24T00:00:00,,Released,,Rahul,Rahul,,,,NOD/2526/6031,SY102981,,0,,2025-09-11T00:00:00,,1950,TO/2025/32,Warehouse,,1,,,,,,,0,0,DEL_CX4543,0,0,0,0,ONT,,,,,,Transfer Receipt,989DB2B63240,2026-01-01
WIOM,001-SAKET,WM-03,Wiom ONT_SY-GPON-2000-WADONT-WHITE,Normal BAU,1,0,0,1,1,0,PCS,ELECTRONICS,,008-GORAKHPUR,,GRN/2025/3145,,2026-01-24T17:29:32,,WM-03,,,,TR/2425/28,TR/2425/28,2026-01-24T00:00:00,,Released,,Rahul,Rahul,,,,NOD/2526/6031,SY103415,,0,,2025-09-11T00:00:00,,1950,TO/2025/32,Warehouse,,1,,,,,,,0,0,DEL_CX4560,0,0,0,0,ONT,,,,,,Transfer Receipt,989DB2B63EA8,2026-01-01
WIOM,001-SAKET,WM-03,Wiom ONT_SY-GPON-2000-WADONT-WHITE,Normal BAU,1,0,0,1,1,0,PCS,ELECTRONICS,,008-GORAKHPUR,,GRN/2025/3145,,2026-01-24T17:29:32,,WM-03,,,,TR/2425/28,TR/2425/28,2026-01-24T00:00:00,,Released,,Rahul,Rahul,,,,NOD/2526/6031,SY103052,,0,,2025-09-11T00:00:00,,1950,TO/2025/32,Warehouse,,1,,,,,,,0,0,DEL_CX4542,0,0,0,0,ONT,,,,,,Transfer Receipt,989DB2B62750,2026-01-01
WIOM,001-SAKET,WM-03,Wiom ONT_SY-GPON-2000-WADONT-WHITE,Normal BAU,1,0,0,1,1,0,PCS,ELECTRONICS,,008-GORAKHPUR,,GRN/2025/3145,,2026-01-24T17:29:32,,WM-03,,,,TR/2425/28,TR/2425/28,2026-01-24T00:00:00,,Released,,Rahul,Rahul,,,,NOD/2526/6031,SY102989,,0,,2025-09-11T00:00:00,,1950,TO/2025/32,Warehouse,,1,,,,,,,0,0,DEL_CX4543,0,0,0,0,ONT,,,,,,Transfer Receipt,989DB2B63198,2026-01-01
WIOM,001-SAKET,WM-03,Wiom ONT_SY-GPON-2000-WADONT-WHITE,Normal BAU,1,0,0,1,1,0,PCS,ELECTRONICS,,008-GORAKHPUR,,GRN/2025/3145,,2026-01-24T17:29:32,,WM-03,,,,TR/2425/28,TR/2425/28,2026-01-24T00:00:00,,Released,,Rahul,Rahul,,,,NOD/2526/6031,SY103575,,0,,2025-09-11T00:00:00,,1950,TO/2025/32,Warehouse,,1,,,,,,,0,0,DEL_CX4560,0,0,0,0,ONT,,,,,,Transfer Receipt,989DB2B62870,2026-01-01
WIOM,001-SAKET,WM-03,Wiom ONT_SY-GPON-2000-WADONT-WHITE,Normal BAU,1,0,0,1,1,0,PCS,ELECTRONICS,,008-GORAKHPUR,,GRN/2025/3145,,2026-01-24T17:29:32,,WM-03,,,,TR/2425/28,TR/2425/28,2026-01-24T00:00:00,,Released,,Rahul,Rahul,,,,NOD/2526/6031,SY102997,,0,,2025-09-11T00:00:00,,1950,TO/2025/32,Warehouse,,1,,,,,,,0,0,DEL_CX4543,0,0,0,0,ONT,,,,,,Transfer Receipt,989DB2B63278,2026-01-01
WIOM,001-SAKET,WM-03,Wiom ONT_SY-GPON-2000-WADONT-WHITE,Normal BAU,1,0,0,1,1,0,PCS,ELECTRONICS,,008-GORAKHPUR,,GRN/2025/3145,,2026-01-24T17:29:32,,WM-03,,,,TR/2425/28,TR/2425/28,2026-01-24T00:00:00,,Released,,Rahul,Rahul,,,,NOD/2526/6031,SY102958,,0,,2025-09-11T00:00:00,,1950,TO/2025/32,Warehouse,,1,,,,,,,0,0,DEL_CX4543,0,0,0,0,ONT,,,,,,Transfer Receipt,989DB2B62F58,2026-01-01
WIOM,001-SAKET,WM-03,Wiom ONT_SY-GPON-2000-WADONT-WHITE,Normal BAU,1,0,0,1,1,0,PCS,ELECTRONICS,,008-GORAKHPUR,,GRN/2025/3145,,2026-01-24T17:29:32,,WM-03,,,,TR/2425/28,TR/2425/28,2026-01-24T00:00:00,,Released,,Rahul,Rahul,,,,NOD/2526/6031,SY103299,,0,,2025-09-11T00:00:00,,1950,TO/2025/32,Warehouse,,1,,,,,,,0,0,DEL_CX4579,0,0,0,0,ONT,,,,,,Transfer Receipt,989DB2B63638,2026-01-01
WIOM,001-SAKET,WM-03,Wiom ONT_SY-GPON-2000-WADONT-WHITE,Normal BAU,1,0,0,1,1,0,PCS,ELECTRONICS,,008-GORAKHPUR,,GRN/2025/3145,,2026-01-24T17:29:32,,WM-03,,,,TR/2425/28,TR/2425/28,2026-01-24T00:00:00,,Released,,Rahul,Rahul,,,,NOD/2526/6031,SY103300,,0,,2025-09-11T00:00:00,,1950,TO/2025/32,Warehouse,,1,,,,,,,0,0,DEL_CX4579,0,0,0,0,ONT,,,,,,Transfer Receipt,989DB2B64078,2026-01-01
WIOM,001-SAKET,WM-03,Wiom ONT_SY-GPON-2000-WADONT-WHITE,Normal BAU,1,0,0,1,1,0,PCS,ELECTRONICS,,008-GORAKHPUR,,GRN/2025/3145,,2026-01-24T17:29:32,,WM-03,,,,TR/2425/28,TR/2425/28,2026-01-24T00:00:00,,Released,,Rahul,Rahul,,,,NOD/2526/6031,SY103060,,0,,2025-09-11T00:00:00,,1950,TO/2025/32,Warehouse,,1,,,,,,,0,0,DEL_CX4542,0,0,0,0,ONT,,,,,,Transfer Receipt,989DB2B625C8,2026-01-01
WIOM,001-SAKET,WM-03,Wiom ONT_SY-GPON-2000-WADONT-WHITE,Normal BAU,1,0,0,1,1,0,PCS,ELECTRONICS,,008-GORAKHPUR,,GRN/2025/3145,,2026-01-24T17:29:32,,WM-03,,,,TR/2425/28,TR/2425/28,2026-01-24T00:00:00,,Released,,Rahul,Rahul,,,,NOD/2526/6031,SY102954,,0,,2025-09-11T00:00:00,,1950,TO/2025/32,Warehouse,,1,,,,,,,0,0,DEL_CX4543,0,0,0,0,ONT,,,,,,Transfer Receipt,989DB2B62330,2026-01-01
WIOM,001-SAKET,WM-03,Wiom ONT_SY-GPON-2000-WADONT-WHITE,Normal BAU,1,0,0,1,1,0,PCS,ELECTRONICS,,008-GORAKHPUR,,GRN/2025/3145,,2026-01-24T17:29:32,,WM-03,,,,TR/2425/28,TR/2425/28,2026-01-24T00:00:00,,Released,,Rahul,Rahul,,,,NOD/2526/6031,SY103292,,0,,2025-09-11T00:00:00,,1950,TO/2025/32,Warehouse,,1,,,,,,,0,0,DEL_CX4579,0,0,0,0,ONT,,,,,,Transfer Receipt,989DB2B63CA0,2026-01-01
WIOM,001-SAKET,WM-03,Wiom ONT_SY-GPON-2000-WADONT-WHITE,Normal BAU,1,0,0,1,1,0,PCS,ELECTRONICS,,008-GORAKHPUR,,GRN/2025/3145,,2026-01-24T17:29:32,,WM-03,,,,TR/2425/28,TR/2425/28,2026-01-24T00:00:00,,Released,,Rahul,Rahul,,,,NOD/2526/6031,SY102947,,0,,2025-09-11T00:00:00,,1950,TO/2025/32,Warehouse,,1,,,,,,,0,0,DEL_CX4542,0,0,0,0,ONT,,,,,,Transfer Receipt,989DB2B631B8,2026-01-01
WIOM,001-SAKET,WM-03,Wiom ONT_SY-GPON-2000-WADONT-WHITE,Normal BAU,1,0,0,1,1,0,PCS,ELECTRONICS,,008-GORAKHPUR,,GRN/2025/3145,,2026-01-24T17:29:32,,WM-03,,,,TR/2425/28,TR/2425/28,2026-01-24T00:00:00,,Released,,Rahul,Rahul,,,,NOD/2526/6031,SY102945,,0,,2025-09-11T00:00:00,,1950,TO/2025/32,Warehouse,,1,,,,,,,0,0,DEL_CX4543,0,0,0,0,ONT,,,,,,Transfer Receipt,989DB2B63290,2026-01-01
WIOM,001-SAKET,WM-03,Wiom ONT_SY-GPON-2000-WADONT-WHITE,Normal BAU,1,0,0,1,1,0,PCS,ELECTRONICS,,008-GORAKHPUR,,GRN/2025/3145,,2026-01-24T17:29:32,,WM-03,,,,TR/2425/28,TR/2425/28,2026-01-24T00:00:00,,Released,,Rahul,Rahul,,,,NOD/2526/6031,SY103571,,0,,2025-09-11T00:00:00,,1950,TO/2025/32,Warehouse,,1,,,,,,,0,0,DEL_CX4560,0,0,0,0,ONT,,,,,,Transfer Receipt,989DB2B62AA0,2026-01-01
WIOM,001-SAKET,WM-03,Wiom ONT_SY-GPON-2000-WADONT-WHITE,Normal BAU,1,0,0,1,1,0,PCS,ELECTRONICS,,008-GORAKHPUR,,GRN/2025/3145,,2026-01-24T17:29:32,,WM-03,,,,TR/2425/28,TR/2425/28,2026-01-24T00:00:00,,Released,,Rahul,Rahul,,,,NOD/2526/6031,SY103403,,0,,2025-09-11T00:00:00,,1950,TO/2025/32,Warehouse,,1,,,,,,,0,0,DEL_CX4560,0,0,0,0,ONT,,,,,,Transfer Receipt,989DB2B63A40,2026-01-01
WIOM,001-SAKET,WM-03,Wiom ONT_SY-GPON-2000-WADONT-WHITE,Normal BAU,1,0,0,1,1,0,PCS,ELECTRONICS,,008-GORAKHPUR,,GRN/2025/3145,,2026-01-24T17:29:32,,WM-03,,,,TR/2425/28,TR/2425/28,2026-01-24T00:00:00,,Released,,Rahul,Rahul,,,,NOD/2526/6031,SY103291,,0,,2025-09-11T00:00:00,,1950,TO/2025/32,Warehouse,,1,,,,,,,0,0,DEL_CX4579,0,0,0,0,ONT,,,,,,Transfer Receipt,989DB2B63C88,2026-01-01
WIOM,001-SAKET,WM-03,Wiom ONT_SY-GPON-2000-WADONT-WHITE,Normal BAU,1,0,0,1,1,0,PCS,ELECTRONICS,,008-GORAKHPUR,,GRN/2025/3145,,2026-01-24T17:29:32,,WM-03,,,,TR/2425/28,TR/2425/28,2026-01-24T00:00:00,,Released,,Rahul,Rahul,,,,NOD/2526/6031,SY103296,,0,,2025-09-11T00:00:00,,1950,TO/2025/32,Warehouse,,1,,,,,,,0,0,DEL_CX4579,0,0,0,0,ONT,,,,,,Transfer Receipt,989DB2B64040,2026-01-01
WIOM,001-SAKET,WM-03,Wiom ONT_SY-GPON-2000-WADONT-WHITE,Normal BAU,1,0,0,1,1,0,PCS,ELECTRONICS,,008-GORAKHPUR,,GRN/2025/3145,,2026-01-24T17:29:32,,WM-03,,,,TR/2425/28,TR/2425/28,2026-01-24T00:00:00,,Released,,Rahul,Rahul,,,,NOD/2526/6031,SY103289,,0,,2025-09-11T00:00:00,,1950,TO/2025/32,Warehouse,,1,,,,,,,0,0,DEL_CX4579,0,0,0,0,ONT,,,,,,Transfer Receipt,989DB2B61678,2026-01-01
WIOM,001-SAKET,WM-02,Wiom ONT_GX-Titanium E20/Earth 2022,Normal BAU,1,0,0,1,1,0,PCS,ELECTRONICS,,008-GORAKHPUR,,GRN/2025/3144,,2026-01-24T17:28:35,,WM-02,,,,TR/2425/27,TR/2425/27,2026-01-24T00:00:00,,Released,,Rahul,Rahul,,,,GX/G/25-26/528,GX144184,,0,,2025-10-17T00:00:00,,2200,TO/2025/33,Warehouse,,1,,,,,,,0,0,DEL_CX7441,0,0,0,0,ONT,,,,,,Transfer Receipt,B486189404D2,2026-01-01
WIOM,001-SAKET,WM-02,Wiom ONT_GX-Titanium E20/Earth 2022,Normal BAU,1,0,0,1,1,0,PCS,ELECTRONICS,,008-GORAKHPUR,,GRN/2025/3144,,2026-01-24T17:28:35,,WM-02,,,,TR/2425/27,TR/2425/27,2026-01-24T00:00:00,,Released,,Rahul,Rahul,,,,GX/G/25-26/533,GX141937,,0,,2025-10-24T00:00:00,,2200,TO/2025/33,Warehouse,,1,,,,,,,0,0,DEL_CX7439,0,0,0,0,ONT,,,,,,Transfer Receipt,B4861892BFF2,2026-01-01
WIOM,001-SAKET,WM-02,Wiom ONT_GX-Titanium E20/Earth 2022,Normal BAU,1,0,0,1,1,0,PCS,ELECTRONICS,,008-GORAKHPUR,,GRN/2025/3144,,2026-01-24T17:28:35,,WM-02,,,,TR/2425/27,TR/2425/27,2026-01-24T00:00:00,,Released,,Rahul,Rahul,,,,GX/G/25-26/531,GX144739,,0,,2025-10-18T00:00:00,,2200,TO/2025/33,Warehouse,,1,,,,,,,0,0,DEL_CX7429,0,0,0,0,ONT,,,,,,Transfer Receipt,B48618946212,2026-01-01
WIOM,001-SAKET,WM-02,Wiom ONT_GX-Titanium E20/Earth 2022,Normal BAU,1,0,0,1,1,0,PCS,ELECTRONICS,,008-GORAKHPUR,,GRN/2025/3144,,2026-01-24T17:28:35,,WM-02,,,,TR/2425/27,TR/2425/27,2026-01-24T00:00:00,,Released,,Rahul,Rahul,,,,GX/G/25-26/528,GX144034,,0,,2025-10-17T00:00:00,,2200,TO/2025/33,Warehouse,,1,,,,,,,0,0,DEL_CX7441,0,0,0,0,ONT,,,,,,Transfer Receipt,B48618941E22,2026-01-01
WIOM,001-SAKET,WM-02,Wiom ONT_GX-Titanium E20/Earth 2022,Normal BAU,1,0,0,1,1,0,PCS,ELECTRONICS,,008-GORAKHPUR,,GRN/2025/3144,,2026-01-24T17:28:35,,WM-02,,,,TR/2425/27,TR/2425/27,2026-01-24T00:00:00,,Released,,Rahul,Rahul,,,,GX/G/25-26/531,GX144719,,0,,2025-10-18T00:00:00,,2200,TO/2025/33,Warehouse,,1,,,,,,,0,0,DEL_CX7428,0,0,0,0,ONT,,,,,,Transfer Receipt,B48618934DB2,2026-01-01
WIOM,001-SAKET,WM-02,Wiom ONT_GX-Titanium E20/Earth 2022,Normal BAU,1,0,0,1,1,0,PCS,ELECTRONICS,,008-GORAKHPUR,,GRN/2025/3144,,2026-01-24T17:28:35,,WM-02,,,,TR/2425/27,TR/2425/27,2026-01-24T00:00:00,,Released,,Rahul,Rahul,,,,GX/G/25-26/531,GX144779,,0,,2025-10-18T00:00:00,,2200,TO/2025/33,Warehouse,,1,,,,,,,0,0,DEL_CX7428,0,0,0,0,ONT,,,,,,Transfer Receipt,B4861893F462,2026-01-01
WIOM,001-SAKET,WM-02,Wiom ONT_GX-Titanium E20/Earth 2022,Normal BAU,1,0,0,1,1,0,PCS,ELECTRONICS,,008-GORAKHPUR,,GRN/2025/3144,,2026-01-24T17:28:35,,WM-02,,,,TR/2425/27,TR/2425/27,2026-01-24T00:00:00,,Released,,Rahul,Rahul,,,,GX/G/25-26/531,GX142018,,0,,2025-10-18T00:00:00,,2200,TO/2025/33,Warehouse,,1,,,,,,,0,0,DEL_CX7427,0,0,0,0,ONT,,,,,,Transfer Receipt,B48618938BE2,2026-01-01
WIOM,001-SAKET,WM-02,Wiom ONT_GX-Titanium E20/Earth 2022,Normal BAU,1,0,0,1,1,0,PCS,ELECTRONICS,,008-GORAKHPUR,,GRN/2025/3144,,2026-01-24T17:28:35,,WM-02,,,,TR/2425/27,TR/2425/27,2026-01-24T00:00:00,,Released,,Rahul,Rahul,,,,GX/G/25-26/531,GX144671,,0,,2025-10-18T00:00:00,,2200,TO/2025/33,Warehouse,,1,,,,,,,0,0,DEL_CX7431,0,0,0,0,ONT,,,,,,Transfer Receipt,B486189453F2,2026-01-01
WIOM,001-SAKET,WM-02,Wiom ONT_GX-Titanium E20/Earth 2022,Normal BAU,1,0,0,1,1,0,PCS,ELECTRONICS,,008-GORAKHPUR,,GRN/2025/3144,,2026-01-24T17:28:35,,WM-02,,,,TR/2425/27,TR/2425/27,2026-01-24T00:00:00,,Released,,Rahul,Rahul,,,,GX/G/25-26/531,GX143867,,0,,2025-10-18T00:00:00,,2200,TO/2025/33,Warehouse,,1,,,,,,,0,0,DEL_CX7438,0,0,0,0,ONT,,,,,,Transfer Receipt,B486189330D2,2026-01-01
WIOM,001-SAKET,WM-02,Wiom ONT_GX-Titanium E20/Earth 2022,Normal BAU,1,0,0,1,1,0,PCS,ELECTRONICS,,008-GORAKHPUR,,GRN/2025/3144,,2026-01-24T17:28:35,,WM-02,,,,TR/2425/27,TR/2425/27,2026-01-24T00:00:00,,Released,,Rahul,Rahul,,,,GX/G/25-26/531,GX144778,,0,,2025-10-18T00:00:00,,2200,TO/2025/33,Warehouse,,1,,,,,,,0,0,DEL_CX7428,0,0,0,0,ONT,,,,,,Transfer Receipt,B48618943022,2026-01-01
WIOM,001-SAKET,WM-02,Wiom ONT_GX-Titanium E20/Earth 2022,Normal BAU,1,0,0,1,1,0,PCS,ELECTRONICS,,008-GORAKHPUR,,GRN/2025/3144,,2026-01-24T17:28:35,,WM-02,,,,TR/2425/27,TR/2425/27,2026-01-24T00:00:00,,Released,,Rahul,Rahul,,,,GX/G/25-26/531,GX143104,,0,,2025-10-18T00:00:00,,2200,TO/2025/33,Warehouse,,1,,,,,,,0,0,DEL_CX7430,0,0,0,0,ONT,,,,,,Transfer Receipt,B4861893B4F2,2026-01-01
WIOM,001-SAKET,WM-02,Wiom ONT_GX-Titanium E20/Earth 2022,Normal BAU,1,0,0,1,1,0,PCS,ELECTRONICS,,008-GORAKHPUR,,GRN/2025/3144,,2026-01-24T17:28:35,,WM-02,,,,TR/2425/27,TR/2425/27,2026-01-24T00:00:00,,Released,,Rahul,Rahul,,,,GX/G/25-26/531,GX144864,,0,,2025-10-18T00:00:00,,2200,TO/2025/33,Warehouse,,1,,,,,,,0,0,DEL_CX7430,0,0,0,0,ONT,,,,,,Transfer Receipt,B48618936D82,2026-01-01
WIOM,001-SAKET,WM-02,Wiom ONT_GX-Titanium E20/Earth 2022,Normal BAU,1,0,0,1,1,0,PCS,ELECTRONICS,,008-GORAKHPUR,,GRN/2025/3144,,2026-01-24T17:28:35,,WM-02,,,,TR/2425/27,TR/2425/27,2026-01-24T00:00:00,,Released,,Rahul,Rahul,,,,GX/G/25-26/531,GX143120,,0,,2025-10-18T00:00:00,,2200,TO/2025/33,Warehouse,,1,,,,,,,0,0,DEL_CX7431,0,0,0,0,ONT,,,,,,Transfer Receipt,B486189369C2,2026-01-01
WIOM,001-SAKET,WM-02,Wiom ONT_GX-Titanium E20/Earth 2022,Normal BAU,1,0,0,1,1,0,PCS,ELECTRONICS,,008-GORAKHPUR,,GRN/2025/3144,,2026-01-24T17:28:35,,WM-02,,,,TR/2425/27,TR/2425/27,2026-01-24T00:00:00,,Released,,Rahul,Rahul,,,,GX/G/25-26/533,GX141986,,0,,2025-10-24T00:00:00,,2200,TO/2025/33,Warehouse,,1,,,,,,,0,0,DEL_CX7440,0,0,0,0,ONT,,,,,,Transfer Receipt,B48618949EE2,2026-01-01
WIOM,001-SAKET,WM-02,Wiom ONT_GX-Titanium E20/Earth 2022,Normal BAU,1,0,0,1,1,0,PCS,ELECTRONICS,,008-GORAKHPUR,,GRN/2025/3144,,2026-01-24T17:28:35,,WM-02,,,,TR/2425/27,TR/2425/27,2026-01-24T00:00:00,,Released,,Rahul,Rahul,,,,GX/G/25-26/531,GX143999,,0,,2025-10-18T00:00:00,,2200,TO/2025/33,Warehouse,,1,,,,,,,0,0,DEL_CX7438,0,0,0,0,ONT,,,,,,Transfer Receipt,B48618931B82,2026-01-01
WIOM,001-SAKET,WM-02,Wiom ONT_GX-Titanium E20/Earth 2022,Normal BAU,1,0,0,1,1,0,PCS,ELECTRONICS,,008-GORAKHPUR,,GRN/2025/3144,,2026-01-24T17:28:35,,WM-02,,,,TR/2425/27,TR/2425/27,2026-01-24T00:00:00,,Released,,Rahul,Rahul,,,,GX/G/25-26/531,GX143123,,0,,2025-10-18T00:00:00,,2200,TO/2025/33,Warehouse,,1,,,,,,,0,0,DEL_CX7430,0,0,0,0,ONT,,,,,,Transfer Receipt,B4861893CA62,2026-01-01
WIOM,001-SAKET,WM-02,Wiom ONT_GX-Titanium E20/Earth 2022,Normal BAU,1,0,0,1,1,0,PCS,ELECTRONICS,,008-GORAKHPUR,,GRN/2025/3144,,2026-01-24T17:28:35,,WM-02,,,,TR/2425/27,TR/2425/27,2026-01-24T00:00:00,,Released,,Rahul,Rahul,,,,GX/G/25-26/533,GX141903,,0,,2025-10-24T00:00:00,,2200,TO/2025/33,Warehouse,,1,,,,,,,0,0,DEL_CX7440,0,0,0,0,ONT,,,,,,Transfer Receipt,B4861893F7F2,2026-01-01
WIOM,001-SAKET,WM-02,Wiom ONT_GX-Titanium E20/Earth 2022,Normal BAU,1,0,0,1,1,0,PCS,ELECTRONICS,,008-GORAKHPUR,,GRN/2025/3144,,2026-01-24T17:28:35,,WM-02,,,,TR/2425/27,TR/2425/27,2026-01-24T00:00:00,,Released,,Rahul,Rahul,,,,GX/G/25-26/531,GX143452,,0,,2025-10-18T00:00:00,,2200,TO/2025/33,Warehouse,,1,,,,,,,0,0,DEL_CX7438,0,0,0,0,ONT,,,,,,Transfer Receipt,B4861893BF72,2026-01-01
WIOM,001-SAKET,WM-02,Wiom ONT_GX-Titanium E20/Earth 2022,Normal BAU,1,0,0,1,1,0,PCS,ELECTRONICS,,008-GORAKHPUR,,GRN/2025/3144,,2026-01-24T17:28:35,,WM-02,,,,TR/2425/27,TR/2425/27,2026-01-24T00:00:00,,Released,,Rahul,Rahul,,,,GX/G/25-26/531,GX143455,,0,,2025-10-18T00:00:00,,2200,TO/2025/33,Warehouse,,1,,,,,,,0,0,DEL_CX7430,0,0,0,0,ONT,,,,,,Transfer Receipt,B4861893CC62,2026-01-01
WIOM,001-SAKET,WM-02,Wiom ONT_GX-Titanium E20/Earth 2022,Normal BAU,1,0,0,1,1,0,PCS,ELECTRONICS,,008-GORAKHPUR,,GRN/2025/3144,,2026-01-24T17:28:35,,WM-02,,,,TR/2425/27,TR/2425/27,2026-01-24T00:00:00,,Released,,Rahul,Rahul,,,,GX/G/25-26/528,GX144038,,0,,2025-10-17T00:00:00,,2200,TO/2025/33,Warehouse,,1,,,,,,,0,0,DEL_CX7441,0,0,0,0,ONT,,,,,,Transfer Receipt,B48618941F32,2026-01-01
WIOM,001-SAKET,WM-02,Wiom ONT_GX-Titanium E20/Earth 2022,Normal BAU,1,0,0,1,1,0,PCS,ELECTRONICS,,008-GORAKHPUR,,GRN/2025/3144,,2026-01-24T17:28:35,,WM-02,,,,TR/2425/27,TR/2425/27,2026-01-24T00:00:00,,Released,,Rahul,Rahul,,,,GX/G/25-26/533,GX141952,,0,,2025-10-24T00:00:00,,2200,TO/2025/33,Warehouse,,1,,,,,,,0,0,DEL_CX7439,0,0,0,0,ONT,,,,,,Transfer Receipt,B4861892BBB2,2026-01-01
WIOM,001-SAKET,WM-02,Wiom ONT_GX-Titanium E20/Earth 2022,Normal BAU,1,0,0,1,1,0,PCS,ELECTRONICS,,008-GORAKHPUR,,GRN/2025/3144,,2026-01-24T17:28:35,,WM-02,,,,TR/2425/27,TR/2425/27,2026-01-24T00:00:00,,Released,,Rahul,Rahul,,,,GX/G/25-26/531,GX143585,,0,,2025-10-18T00:00:00,,2200,TO/2025/33,Warehouse,,1,,,,,,,0,0,DEL_CX7430,0,0,0,0,ONT,,,,,,Transfer Receipt,B486189392E2,2026-01-01
WIOM,001-SAKET,WM-02,Wiom ONT_GX-Titanium E20/Earth 2022,Normal BAU,1,0,0,1,1,0,PCS,ELECTRONICS,,008-GORAKHPUR,,GRN/2025/3144,,2026-01-24T17:28:35,,WM-02,,,,TR/2425/27,TR/2425/27,2026-01-24T00:00:00,,Released,,Rahul,Rahul,,,,GX/G/25-26/531,GX143014,,0,,2025-10-18T00:00:00,,2200,TO/2025/33,Warehouse,,1,,,,,,,0,0,DEL_CX7431,0,0,0,0,ONT,,,,,,Transfer Receipt,B4861893E622,2026-01-01
WIOM,001-SAKET,WM-02,Wiom ONT_GX-Titanium E20/Earth 2022,Normal BAU,1,0,0,1,1,0,PCS,ELECTRONICS,,008-GORAKHPUR,,GRN/2025/3144,,2026-01-24T17:28:35,,WM-02,,,,TR/2425/27,TR/2425/27,2026-01-24T00:00:00,,Released,,Rahul,Rahul,,,,GX/G/25-26/528,GX144040,,0,,2025-10-17T00:00:00,,2200,TO/2025/33,Warehouse,,1,,,,,,,0,0,DEL_CX7441,0,0,0,0,ONT,,,,,,Transfer Receipt,B48618940422,2026-01-01
WIOM,001-SAKET,WM-02,Wiom ONT_GX-Titanium E20/Earth 2022,Normal BAU,1,0,0,1,1,0,PCS,ELECTRONICS,,008-GORAKHPUR,,GRN/2025/3144,,2026-01-24T17:28:35,,WM-02,,,,TR/2425/27,TR/2425/27,2026-01-24T00:00:00,,Released,,Rahul,Rahul,,,,GX/G/25-26/531,GX143614,,0,,2025-10-18T00:00:00,,2200,TO/2025/33,Warehouse,,1,,,,,,,0,0,DEL_CX7438,0,0,0,0,ONT,,,,,,Transfer Receipt,B48618945422,2026-01-01
WIOM,001-SAKET,WM-02,Wiom ONT_GX-Titanium E20/Earth 2022,Normal BAU,1,0,0,1,1,0,PCS,ELECTRONICS,,008-GORAKHPUR,,GRN/2025/3144,,2026-01-24T17:28:35,,WM-02,,,,TR/2425/27,TR/2425/27,2026-01-24T00:00:00,,Released,,Rahul,Rahul,,,,GX/G/25-26/531,GX143970,,0,,2025-10-18T00:00:00,,2200,TO/2025/33,Warehouse,,1,,,,,,,0,0,DEL_CX7438,0,0,0,0,ONT,,,,,,Transfer Receipt,B48618945432,2026-01-01
WIOM,001-SAKET,WM-02,Wiom ONT_GX-Titanium E20/Earth 2022,Normal BAU,1,0,0,1,1,0,PCS,ELECTRONICS,,008-GORAKHPUR,,GRN/2025/3144,,2026-01-24T17:28:35,,WM-02,,,,TR/2425/27,TR/2425/27,2026-01-24T00:00:00,,Released,,Rahul,Rahul,,,,GX/G/25-26/531,GX144601,,0,,2025-10-18T00:00:00,,2200,TO/2025/33,Warehouse,,1,,,,,,,0,0,DEL_CX7428,0,0,0,0,ONT,,,,,,Transfer Receipt,B48618938FF2,2026-01-01
WIOM,001-SAKET,WM-02,Wiom ONT_GX-Titanium E20/Earth 2022,Normal BAU,1,0,0,1,1,0,PCS,ELECTRONICS,,008-GORAKHPUR,,GRN/2025/3144,,2026-01-24T17:28:35,,WM-02,,,,TR/2425/27,TR/2425/27,2026-01-24T00:00:00,,Released,,Rahul,Rahul,,,,GX/G/25-26/531,GX143655,,0,,2025-10-18T00:00:00,,2200,TO/2025/33,Warehouse,,1,,,,,,,0,0,DEL_CX7429,0,0,0,0,ONT,,,,,,Transfer Receipt,B48618938B02,2026-01-01
WIOM,001-SAKET,WM-02,Wiom ONT_GX-Titanium E20/Earth 2022,Normal BAU,1,0,0,1,1,0,PCS,ELECTRONICS,,008-GORAKHPUR,,GRN/2025/3144,,2026-01-24T17:28:35,,WM-02,,,,TR/2425/27,TR/2425/27,2026-01-24T00:00:00,,Released,,Rahul,Rahul,,,,GX/G/25-26/531,GX144666,,0,,2025-10-18T00:00:00,,2200,TO/2025/33,Warehouse,,1,,,,,,,0,0,DEL_CX7430,0,0,0,0,ONT,,,,,,Transfer Receipt,B486189431D2,2026-01-01
WIOM,001-SAKET,WM-02,Wiom ONT_GX-Titanium E20/Earth 2022,Normal BAU,1,0,0,1,1,0,PCS,ELECTRONICS,,008-GORAKHPUR,,GRN/2025/3144,,2026-01-24T17:28:35,,WM-02,,,,TR/2425/27,TR/2425/27,2026-01-24T00:00:00,,Released,,Rahul,Rahul,,,,GX/G/25-26/531,GX143726,,0,,2025-10-18T00:00:00,,2200,TO/2025/33,Warehouse,,1,,,,,,,0,0,DEL_CX7429,0,0,0,0,ONT,,,,,,Transfer Receipt,B48618933992,2026-01-01
WIOM,001-SAKET,WM-02,Wiom ONT_GX-Titanium E20/Earth 2022,Normal BAU,1,0,0,1,1,0,PCS,ELECTRONICS,,008-GORAKHPUR,,GRN/2025/3144,,2026-01-24T17:28:35,,WM-02,,,,TR/2425/27,TR/2425/27,2026-01-24T00:00:00,,Released,,Rahul,Rahul,,,,GX/G/25-26/533,GX141961,,0,,2025-10-24T00:00:00,,2200,TO/2025/33,Warehouse,,1,,,,,,,0,0,DEL_CX7440,0,0,0,0,ONT,,,,,,Transfer Receipt,B4861892C1A2,2026-01-01
WIOM,001-SAKET,WM-02,Wiom ONT_GX-Titanium E20/Earth 2022,Normal BAU,1,0,0,1,1,0,PCS,ELECTRONICS,,008-GORAKHPUR,,GRN/2025/3144,,2026-01-24T17:28:35,,WM-02,,,,TR/2425/27,TR/2425/27,2026-01-24T00:00:00,,Released,,Rahul,Rahul,,,,GX/G/25-26/531,GX142123,,0,,2025-10-18T00:00:00,,2200,TO/2025/33,Warehouse,,1,,,,,,,0,0,DEL_CX7427,0,0,0,0,ONT,,,,,,Transfer Receipt,B48618944C42,2026-01-01
WIOM,001-SAKET,WM-02,Wiom ONT_GX-Titanium E20/Earth 2022,Normal BAU,1,0,0,1,1,0,PCS,ELECTRONICS,,008-GORAKHPUR,,GRN/2025/3144,,2026-01-24T17:28:35,,WM-02,,,,TR/2425/27,TR/2425/27,2026-01-24T00:00:00,,Released,,Rahul,Rahul,,,,GX/G/25-26/533,GX141846,,0,,2025-10-24T00:00:00,,2200,TO/2025/33,Warehouse,,1,,,,,,,0,0,DEL_CX7439,0,0,0,0,ONT,,,,,,Transfer Receipt,B4861892BFB2,2026-01-01
WIOM,001-SAKET,WM-02,Wiom ONT_GX-Titanium E20/Earth 2022,Normal BAU,1,0,0,1,1,0,PCS,ELECTRONICS,,008-GORAKHPUR,,GRN/2025/3144,,2026-01-24T17:28:35,,WM-02,,,,TR/2425/27,TR/2425/27,2026-01-24T00:00:00,,Released,,Rahul,Rahul,,,,GX/G/25-26/531,GX143901,,0,,2025-10-18T00:00:00,,2200,TO/2025/33,Warehouse,,1,,,,,,,0,0,DEL_CX7438,0,0,0,0,ONT,,,,,,Transfer Receipt,B48618943CE2,2026-01-01
WIOM,001-SAKET,WM-02,Wiom ONT_GX-Titanium E20/Earth 2022,Normal BAU,1,0,0,1,1,0,PCS,ELECTRONICS,,008-GORAKHPUR,,GRN/2025/3144,,2026-01-24T17:28:35,,WM-02,,,,TR/2425/27,TR/2425/27,2026-01-24T00:00:00,,Released,,Rahul,Rahul,,,,GX/G/25-26/533,GX141852,,0,,2025-10-24T00:00:00,,2200,TO/2025/33,Warehouse,,1,,,,,,,0,0,DEL_CX7440,0,0,0,0,ONT,,,,,,Transfer Receipt,B4861893E0E2,2026-01-01
WIOM,001-SAKET,WM-02,Wiom ONT_GX-Titanium E20/Earth 2022,Normal BAU,1,0,0,1,1,0,PCS,ELECTRONICS,,008-GORAKHPUR,,GRN/2025/3144,,2026-01-24T17:28:35,,WM-02,,,,TR/2425/27,TR/2425/27,2026-01-24T00:00:00,,Released,,Rahul,Rahul,,,,GX/G/25-26/533,GX141981,,0,,2025-10-24T00:00:00,,2200,TO/2025/33,Warehouse,,1,,,,,,,0,0,DEL_CX7440,0,0,0,0,ONT,,,,,,Transfer Receipt,B48618936802,2026-01-01
WIOM,001-SAKET,WM-02,Wiom ONT_GX-Titanium E20/Earth 2022,Normal BAU,1,0,0,1,1,0,PCS,ELECTRONICS,,008-GORAKHPUR,,GRN/2025/3144,,2026-01-24T17:28:35,,WM-02,,,,TR/2425/27,TR/2425/27,2026-01-24T00:00:00,,Released,,Rahul,Rahul,,,,GX/G/25-26/531,GX144732,,0,,2025-10-18T00:00:00,,2200,TO/2025/33,Warehouse,,1,,,,,,,0,0,DEL_CX7428,0,0,0,0,ONT,,,,,,Transfer Receipt,B48618939522,2026-01-01
WIOM,001-SAKET,WM-02,Wiom ONT_GX-Titanium E20/Earth 2022,Normal BAU,1,0,0,1,1,0,PCS,ELECTRONICS,,008-GORAKHPUR,,GRN/2025/3144,,2026-01-24T17:28:35,,WM-02,,,,TR/2425/27,TR/2425/27,2026-01-24T00:00:00,,Released,,Rahul,Rahul,,,,GX/G/25-26/531,GX144620,,0,,2025-10-18T00:00:00,,2200,TO/2025/33,Warehouse,,1,,,,,,,0,0,DEL_CX7428,0,0,0,0,ONT,,,,,,Transfer Receipt,B4861893CB92,2026-01-01
WIOM,001-SAKET,WM-02,Wiom ONT_GX-Titanium E20/Earth 2022,Normal BAU,1,0,0,1,1,0,PCS,ELECTRONICS,,008-GORAKHPUR,,GRN/2025/3144,,2026-01-24T17:28:35,,WM-02,,,,TR/2425/27,TR/2425/27,2026-01-24T00:00:00,,Released,,Rahul,Rahul,,,,GX/G/25-26/531,GX142022,,0,,2025-10-18T00:00:00,,2200,TO/2025/33,Warehouse,,1,,,,,,,0,0,DEL_CX7427,0,0,0,0,ONT,,,,,,Transfer Receipt,B4861893CCC2,2026-01-01
WIOM,001-SAKET,WM-02,Wiom ONT_GX-Titanium E20/Earth 2022,Normal BAU,1,0,0,1,1,0,PCS,ELECTRONICS,,008-GORAKHPUR,,GRN/2025/3144,,2026-01-24T17:28:35,,WM-02,,,,TR/2425/27,TR/2425/27,2026-01-24T00:00:00,,Released,,Rahul,Rahul,,,,GX/G/25-26/528,GX144183,,0,,2025-10-17T00:00:00,,2200,TO/2025/33,Warehouse,,1,,,,,,,0,0,DEL_CX7441,0,0,0,0,ONT,,,,,,Transfer Receipt,B4861893FE82,2026-01-01
WIOM,001-SAKET,WM-02,Wiom ONT_GX-Titanium E20/Earth 2022,Normal BAU,1,0,0,1,1,0,PCS,ELECTRONICS,,008-GORAKHPUR,,GRN/2025/3144,,2026-01-24T17:28:35,,WM-02,,,,TR/2425/27,TR/2425/27,2026-01-24T00:00:00,,Released,,Rahul,Rahul,,,,GX/G/25-26/533,GX141983,,0,,2025-10-24T00:00:00,,2200,TO/2025/33,Warehouse,,1,,,,,,,0,0,DEL_CX7440,0,0,0,0,ONT,,,,,,Transfer Receipt,B4861893F7A2,2026-01-01
WIOM,001-SAKET,WM-02,Wiom ONT_GX-Titanium E20/Earth 2022,Normal BAU,1,0,0,1,1,0,PCS,ELECTRONICS,,008-GORAKHPUR,,GRN/2025/3144,,2026-01-24T17:28:35,,WM-02,,,,TR/2425/27,TR/2425/27,2026-01-24T00:00:00,,Released,,Rahul,Rahul,,,,GX/G/25-26/533,GX141965,,0,,2025-10-24T00:00:00,,2200,TO/2025/33,Warehouse,,1,,,,,,,0,0,DEL_CX7440,0,0,0,0,ONT,,,,,,Transfer Receipt,B4861892F092,2026-01-01
WIOM,001-SAKET,WM-02,Wiom ONT_GX-Titanium E20/Earth 2022,Normal BAU,1,0,0,1,1,0,PCS,ELECTRONICS,,008-GORAKHPUR,,GRN/2025/3144,,2026-01-24T17:28:35,,WM-02,,,,TR/2425/27,TR/2425/27,2026-01-24T00:00:00,,Released,,Rahul,Rahul,,,,GX/G/25-26/528,GX144044,,0,,2025-10-17T00:00:00,,2200,TO/2025/33,Warehouse,,1,,,,,,,0,0,DEL_CX7441,0,0,0,0,ONT,,,,,,Transfer Receipt,B48618935CE2,2026-01-01
WIOM,001-SAKET,WM-02,Wiom ONT_GX-Titanium E20/Earth 2022,Normal BAU,1,0,0,1,1,0,PCS,ELECTRONICS,,008-GORAKHPUR,,GRN/2025/3144,,2026-01-24T17:28:35,,WM-02,,,,TR/2425/27,TR/2425/27,2026-01-24T00:00:00,,Released,,Rahul,Rahul,,,,GX/G/25-26/531,GX143732,,0,,2025-10-18T00:00:00,,2200,TO/2025/33,Warehouse,,1,,,,,,,0,0,DEL_CX7429,0,0,0,0,ONT,,,,,,Transfer Receipt,B48618932982,2026-01-01
WIOM,001-SAKET,WM-02,Wiom ONT_GX-Titanium E20/Earth 2022,Normal BAU,1,0,0,1,1,0,PCS,ELECTRONICS,,008-GORAKHPUR,,GRN/2025/3144,,2026-01-24T17:28:35,,WM-02,,,,TR/2425/27,TR/2425/27,2026-01-24T00:00:00,,Released,,Rahul,Rahul,,,,GX/G/25-26/528,GX144062,,0,,2025-10-17T00:00:00,,2200,TO/2025/33,Warehouse,,1,,,,,,,0,0,DEL_CX7441,0,0,0,0,ONT,,,,,,Transfer Receipt,B48618936612,2026-01-01
WIOM,001-SAKET,WM-02,Wiom ONT_GX-Titanium E20/Earth 2022,Normal BAU,1,0,0,1,1,0,PCS,ELECTRONICS,,008-GORAKHPUR,,GRN/2025/3144,,2026-01-24T17:28:35,,WM-02,,,,TR/2425/27,TR/2425/27,2026-01-24T00:00:00,,Released,,Rahul,Rahul,,,,GX/G/25-26/531,GX143748,,0,,2025-10-18T00:00:00,,2200,TO/2025/33,Warehouse,,1,,,,,,,0,0,DEL_CX7427,0,0,0,0,ONT,,,,,,Transfer Receipt,B48618937342,2026-01-01
WIOM,001-SAKET,WM-02,Wiom ONT_GX-Titanium E20/Earth 2022,Normal BAU,1,0,0,1,1,0,PCS,ELECTRONICS,,008-GORAKHPUR,,GRN/2025/3144,,2026-01-24T17:28:35,,WM-02,,,,TR/2425/27,TR/2425/27,2026-01-24T00:00:00,,Released,,Rahul,Rahul,,,,GX/G/25-26/531,GX143968,,0,,2025-10-18T00:00:00,,2200,TO/2025/33,Warehouse,,1,,,,,,,0,0,DEL_CX7438,0,0,0,0,ONT,,,,,,Transfer Receipt,B48618944FD2,2026-01-01
WIOM,001-SAKET,WM-02,Wiom ONT_GX-Titanium E20/Earth 2022,Normal BAU,1,0,0,1,1,0,PCS,ELECTRONICS,,008-GORAKHPUR,,GRN/2025/3144,,2026-01-24T17:28:35,,WM-02,,,,TR/2425/27,TR/2425/27,2026-01-24T00:00:00,,Released,,Rahul,Rahul,,,,GX/G/25-26/528,GX144067,,0,,2025-10-17T00:00:00,,2200,TO/2025/33,Warehouse,,1,,,,,,,0,0,DEL_CX7441,0,0,0,0,ONT,,,,,,Transfer Receipt,B486189405C2,2026-01-01
WIOM,001-SAKET,WM-02,Wiom ONT_GX-Titanium E20/Earth 2022,Normal BAU,1,0,0,1,1,0,PCS,ELECTRONICS,,008-GORAKHPUR,,GRN/2025/3144,,2026-01-24T17:28:35,,WM-02,,,,TR/2425/27,TR/2425/27,2026-01-24T00:00:00,,Released,,Rahul,Rahul,,,,GX/G/25-26/531,GX143828,,0,,2025-10-18T00:00:00,,2200,TO/2025/33,Warehouse,,1,,,,,,,0,0,DEL_CX7429,0,0,0,0,ONT,,,,,,Transfer Receipt,B48618937D02,2026-01-01
WIOM,001-SAKET,WM-02,Wiom ONT_GX-Titanium E20/Earth 2022,Normal BAU,1,0,0,1,1,0,PCS,ELECTRONICS,,008-GORAKHPUR,,GRN/2025/3144,,2026-01-24T17:28:35,,WM-02,,,,TR/2425/27,TR/2425/27,2026-01-24T00:00:00,,Released,,Rahul,Rahul,,,,GX/G/25-26/533,GX141836,,0,,2025-10-24T00:00:00,,2200,TO/2025/33,Warehouse,,1,,,,,,,0,0,DEL_CX7440,0,0,0,0,ONT,,,,,,Transfer Receipt,B4861894A352,2026-01-01
WIOM,001-SAKET,WM-02,Wiom ONT_GX-Titanium E20/Earth 2022,Normal BAU,1,0,0,1,1,0,PCS,ELECTRONICS,,008-GORAKHPUR,,GRN/2025/3144,,2026-01-24T17:28:35,,WM-02,,,,TR/2425/27,TR/2425/27,2026-01-24T00:00:00,,Released,,Rahul,Rahul,,,,GX/G/25-26/531,GX143712,,0,,2025-10-18T00:00:00,,2200,TO/2025/33,Warehouse,,1,,,,,,,0,0,DEL_CX7438,0,0,0,0,ONT,,,,,,Transfer Receipt,B4861893CD02,2026-01-01
WIOM,001-SAKET,WM-02,Wiom ONT_GX-Titanium E20/Earth 2022,Normal BAU,1,0,0,1,1,0,PCS,ELECTRONICS,,008-GORAKHPUR,,GRN/2025/3144,,2026-01-24T17:28:35,,WM-02,,,,TR/2425/27,TR/2425/27,2026-01-24T00:00:00,,Released,,Rahul,Rahul,,,,GX/G/25-26/531,GX143819,,0,,2025-10-18T00:00:00,,2200,TO/2025/33,Warehouse,,1,,,,,,,0,0,DEL_CX7438,0,0,0,0,ONT,,,,,,Transfer Receipt,B486189321A2,2026-01-01
WIOM,001-SAKET,WM-02,Wiom ONT_GX-Titanium E20/Earth 2022,Normal BAU,1,0,0,1,1,0,PCS,ELECTRONICS,,008-GORAKHPUR,,GRN/2025/3144,,2026-01-24T17:28:35,,WM-02,,,,TR/2425/27,TR/2425/27,2026-01-24T00:00:00,,Released,,Rahul,Rahul,,,,GX/G/25-26/531,GX143010,,0,,2025-10-18T00:00:00,,2200,TO/2025/33,Warehouse,,1,,,,,,,0,0,DEL_CX7431,0,0,0,0,ONT,,,,,,Transfer Receipt,B48618940212,2026-01-01
WIOM,001-SAKET,WM-02,Wiom ONT_GX-Titanium E20/Earth 2022,Normal BAU,1,0,0,1,1,0,PCS,ELECTRONICS,,008-GORAKHPUR,,GRN/2025/3144,,2026-01-24T17:28:35,,WM-02,,,,TR/2425/27,TR/2425/27,2026-01-24T00:00:00,,Released,,Rahul,Rahul,,,,GX/G/25-26/531,GX142117,,0,,2025-10-18T00:00:00,,2200,TO/2025/33,Warehouse,,1,,,,,,,0,0,DEL_CX7427,0,0,0,0,ONT,,,,,,Transfer Receipt,B48618932512,2026-01-01
WIOM,001-SAKET,WM-02,Wiom ONT_GX-Titanium E20/Earth 2022,Normal BAU,1,0,0,1,1,0,PCS,ELECTRONICS,,008-GORAKHPUR,,GRN/2025/3144,,2026-01-24T17:28:35,,WM-02,,,,TR/2425/27,TR/2425/27,2026-01-24T00:00:00,,Released,,Rahul,Rahul,,,,GX/G/25-26/533,GX141850,,0,,2025-10-24T00:00:00,,2200,TO/2025/33,Warehouse,,1,,,,,,,0,0,DEL_CX7439,0,0,0,0,ONT,,,,,,Transfer Receipt,B4861892BAF2,2026-01-01
WIOM,001-SAKET,WM-02,Wiom ONT_GX-Titanium E20/Earth 2022,Normal BAU,1,0,0,1,1,0,PCS,ELECTRONICS,,008-GORAKHPUR,,GRN/2025/3144,,2026-01-24T17:28:35,,WM-02,,,,TR/2425/27,TR/2425/27,2026-01-24T00:00:00,,Released,,Rahul,Rahul,,,,GX/G/25-26/533,GX141956,,0,,2025-10-24T00:00:00,,2200,TO/2025/33,Warehouse,,1,,,,,,,0,0,DEL_CX7440,0,0,0,0,ONT,,,,,,Transfer Receipt,B4861892F152,2026-01-01
WIOM,001-SAKET,WM-02,Wiom ONT_GX-Titanium E20/Earth 2022,Normal BAU,1,0,0,1,1,0,PCS,ELECTRONICS,,008-GORAKHPUR,,GRN/2025/3144,,2026-01-24T17:28:35,,WM-02,,,,TR/2425/27,TR/2425/27,2026-01-24T00:00:00,,Released,,Rahul,Rahul,,,,GX/G/25-26/531,GX144596,,0,,2025-10-18T00:00:00,,2200,TO/2025/33,Warehouse,,1,,,,,,,0,0,DEL_CX7429,0,0,0,0,ONT,,,,,,Transfer Receipt,B48618934B22,2026-01-01
WIOM,001-SAKET,WM-02,Wiom ONT_GX-Titanium E20/Earth 2022,Normal BAU,1,0,0,1,1,0,PCS,ELECTRONICS,,008-GORAKHPUR,,GRN/2025/3144,,2026-01-24T17:28:35,,WM-02,,,,TR/2425/27,TR/2425/27,2026-01-24T00:00:00,,Released,,Rahul,Rahul,,,,GX/G/25-26/531,GX144797,,0,,2025-10-18T00:00:00,,2200,TO/2025/33,Warehouse,,1,,,,,,,0,0,DEL_CX7429,0,0,0,0,ONT,,,,,,Transfer Receipt,B486189356A2,2026-01-01
WIOM,001-SAKET,WM-02,Wiom ONT_GX-Titanium E20/Earth 2022,Normal BAU,1,0,0,1,1,0,PCS,ELECTRONICS,,008-GORAKHPUR,,GRN/2025/3144,,2026-01-24T17:28:35,,WM-02,,,,TR/2425/27,TR/2425/27,2026-01-24T00:00:00,,Released,,Rahul,Rahul,,,,GX/G/25-26/531,GX142110,,0,,2025-10-18T00:00:00,,2200,TO/2025/33,Warehouse,,1,,,,,,,0,0,DEL_CX7427,0,0,0,0,ONT,,,,,,Transfer Receipt,B48618942902,2026-01-01
WIOM,001-SAKET,WM-02,Wiom ONT_GX-Titanium E20/Earth 2022,Normal BAU,1,0,0,1,1,0,PCS,ELECTRONICS,,008-GORAKHPUR,,GRN/2025/3144,,2026-01-24T17:28:35,,WM-02,,,,TR/2425/27,TR/2425/27,2026-01-24T00:00:00,,Released,,Rahul,Rahul,,,,GX/G/25-26/531,GX144393,,0,,2025-10-18T00:00:00,,2200,TO/2025/33,Warehouse,,1,,,,,,,0,0,DEL_CX7429,0,0,0,0,ONT,,,,,,Transfer Receipt,B48618930CF2,2026-01-01
WIOM,001-SAKET,WM-02,Wiom ONT_GX-Titanium E20/Earth 2022,Normal BAU,1,0,0,1,1,0,PCS,ELECTRONICS,,008-GORAKHPUR,,GRN/2025/3144,,2026-01-24T17:28:35,,WM-02,,,,TR/2425/27,TR/2425/27,2026-01-24T00:00:00,,Released,,Rahul,Rahul,,,,GX/G/25-26/533,GX141923,,0,,2025-10-24T00:00:00,,2200,TO/2025/33,Warehouse,,1,,,,,,,0,0,DEL_CX7439,0,0,0,0,ONT,,,,,,Transfer Receipt,B4861892BCF2,2026-01-01
WIOM,001-SAKET,WM-02,Wiom ONT_GX-Titanium E20/Earth 2022,Normal BAU,1,0,0,1,1,0,PCS,ELECTRONICS,,008-GORAKHPUR,,GRN/2025/3144,,2026-01-24T17:28:35,,WM-02,,,,TR/2425/27,TR/2425/27,2026-01-24T00:00:00,,Released,,Rahul,Rahul,,,,GX/G/25-26/531,GX144842,,0,,2025-10-18T00:00:00,,2200,TO/2025/33,Warehouse,,1,,,,,,,0,0,DEL_CX7431,0,0,0,0,ONT,,,,,,Transfer Receipt,B4861893CF62,2026-01-01
WIOM,001-SAKET,WM-02,Wiom ONT_GX-Titanium E20/Earth 2022,Normal BAU,1,0,0,1,1,0,PCS,ELECTRONICS,,008-GORAKHPUR,,GRN/2025/3144,,2026-01-24T17:28:35,,WM-02,,,,TR/2425/27,TR/2425/27,2026-01-24T00:00:00,,Released,,Rahul,Rahul,,,,GX/G/25-26/531,GX143013,,0,,2025-10-18T00:00:00,,2200,TO/2025/33,Warehouse,,1,,,,,,,0,0,DEL_CX7431,0,0,0,0,ONT,,,,,,Transfer Receipt,B486189331C2,2026-01-01
WIOM,001-SAKET,WM-02,Wiom ONT_GX-Titanium E20/Earth 2022,Normal BAU,1,0,0,1,1,0,PCS,ELECTRONICS,,008-GORAKHPUR,,GRN/2025/3144,,2026-01-24T17:28:35,,WM-02,,,,TR/2425/27,TR/2425/27,2026-01-24T00:00:00,,Released,,Rahul,Rahul,,,,GX/G/25-26/528,GX144093,,0,,2025-10-17T00:00:00,,2200,TO/2025/33,Warehouse,,1,,,,,,,0,0,DEL_CX7441,0,0,0,0,ONT,,,,,,Transfer Receipt,B486189375E2,2026-01-01
WIOM,001-SAKET,WM-02,Wiom ONT_GX-Titanium E20/Earth 2022,Normal BAU,1,0,0,1,1,0,PCS,ELECTRONICS,,008-GORAKHPUR,,GRN/2025/3144,,2026-01-24T17:28:35,,WM-02,,,,TR/2425/27,TR/2425/27,2026-01-24T00:00:00,,Released,,Rahul,Rahul,,,,GX/G/25-26/531,GX144542,,0,,2025-10-18T00:00:00,,2200,TO/2025/33,Warehouse,,1,,,,,,,0,0,DEL_CX7428,0,0,0,0,ONT,,,,,,Transfer Receipt,B486189436C2,2026-01-01
WIOM,001-SAKET,WM-02,Wiom ONT_GX-Titanium E20/Earth 2022,Normal BAU,1,0,0,1,1,0,PCS,ELECTRONICS,,008-GORAKHPUR,,GRN/2025/3144,,2026-01-24T17:28:35,,WM-02,,,,TR/2425/27,TR/2425/27,2026-01-24T00:00:00,,Released,,Rahul,Rahul,,,,GX/G/25-26/533,GX141924,,0,,2025-10-24T00:00:00,,2200,TO/2025/33,Warehouse,,1,,,,,,,0,0,DEL_CX7439,0,0,0,0,ONT,,,,,,Transfer Receipt,B4861892BA32,2026-01-01
WIOM,001-SAKET,WM-02,Wiom ONT_GX-Titanium E20/Earth 2022,Normal BAU,1,0,0,1,1,0,PCS,ELECTRONICS,,008-GORAKHPUR,,GRN/2025/3144,,2026-01-24T17:28:35,,WM-02,,,,TR/2425/27,TR/2425/27,2026-01-24T00:00:00,,Released,,Rahul,Rahul,,,,GX/G/25-26/531,GX144879,,0,,2025-10-18T00:00:00,,2200,TO/2025/33,Warehouse,,1,,,,,,,0,0,DEL_CX7431,0,0,0,0,ONT,,,,,,Transfer Receipt,B48618947972,2026-01-01
WIOM,001-SAKET,WM-02,Wiom ONT_GX-Titanium E20/Earth 2022,Normal BAU,1,0,0,1,1,0,PCS,ELECTRONICS,,008-GORAKHPUR,,GRN/2025/3144,,2026-01-24T17:28:35,,WM-02,,,,TR/2425/27,TR/2425/27,2026-01-24T00:00:00,,Released,,Rahul,Rahul,,,,GX/G/25-26/533,GX149326,,0,,2025-10-24T00:00:00,,2200,TO/2025/33,Warehouse,,1,,,,,,,0,0,DEL_CX7439,0,0,0,0,ONT,,,,,,Transfer Receipt,B4861892A532,2026-01-01
WIOM,001-SAKET,WM-02,Wiom ONT_GX-Titanium E20/Earth 2022,Normal BAU,1,0,0,1,1,0,PCS,ELECTRONICS,,008-GORAKHPUR,,GRN/2025/3144,,2026-01-24T17:28:35,,WM-02,,,,TR/2425/27,TR/2425/27,2026-01-24T00:00:00,,Released,,Rahul,Rahul,,,,GX/G/25-26/533,GX141919,,0,,2025-10-24T00:00:00,,2200,TO/2025/33,Warehouse,,1,,,,,,,0,0,DEL_CX7439,0,0,0,0,ONT,,,,,,Transfer Receipt,B4861892C082,2026-01-01
WIOM,001-SAKET,WM-02,Wiom ONT_GX-Titanium E20/Earth 2022,Normal BAU,1,0,0,1,1,0,PCS,ELECTRONICS,,008-GORAKHPUR,,GRN/2025/3144,,2026-01-24T17:28:35,,WM-02,,,,TR/2425/27,TR/2425/27,2026-01-24T00:00:00,,Released,,Rahul,Rahul,,,,GX/G/25-26/528,GX145852,,0,,2025-10-17T00:00:00,,2200,TO/2025/33,Warehouse,,1,,,,,,,0,0,DEL_CX7441,0,0,0,0,ONT,,,,,,Transfer Receipt,B48618942102,2026-01-01
WIOM,001-SAKET,WM-02,Wiom ONT_GX-Titanium E20/Earth 2022,Normal BAU,1,0,0,1,1,0,PCS,ELECTRONICS,,008-GORAKHPUR,,GRN/2025/3144,,2026-01-24T17:28:35,,WM-02,,,,TR/2425/27,TR/2425/27,2026-01-24T00:00:00,,Released,,Rahul,Rahul,,,,GX/G/25-26/531,GX144939,,0,,2025-10-18T00:00:00,,2200,TO/2025/33,Warehouse,,1,,,,,,,0,0,DEL_CX7431,0,0,0,0,ONT,,,,,,Transfer Receipt,B486189332B2,2026-01-01
WIOM,001-SAKET,WM-02,Wiom ONT_GX-Titanium E20/Earth 2022,Normal BAU,1,0,0,1,1,0,PCS,ELECTRONICS,,008-GORAKHPUR,,GRN/2025/3144,,2026-01-24T17:28:35,,WM-02,,,,TR/2425/27,TR/2425/27,2026-01-24T00:00:00,,Released,,Rahul,Rahul,,,,GX/G/25-26/531,GX144887,,0,,2025-10-18T00:00:00,,2200,TO/2025/33,Warehouse,,1,,,,,,,0,0,DEL_CX7431,0,0,0,0,ONT,,,,,,Transfer Receipt,B486189433B2,2026-01-01
WIOM,001-SAKET,WM-02,Wiom ONT_GX-Titanium E20/Earth 2022,Normal BAU,1,0,0,1,1,0,PCS,ELECTRONICS,,008-GORAKHPUR,,GRN/2025/3144,,2026-01-24T17:28:35,,WM-02,,,,TR/2425/27,TR/2425/27,2026-01-24T00:00:00,,Released,,Rahul,Rahul,,,,GX/G/25-26/531,GX144993,,0,,2025-10-18T00:00:00,,2200,TO/2025/33,Warehouse,,1,,,,,,,0,0,DEL_CX7430,0,0,0,0,ONT,,,,,,Transfer Receipt,B48618933172,2026-01-01
WIOM,001-SAKET,WM-02,Wiom ONT_GX-Titanium E20/Earth 2022,Normal BAU,1,0,0,1,1,0,PCS,ELECTRONICS,,008-GORAKHPUR,,GRN/2025/3144,,2026-01-24T17:28:35,,WM-02,,,,TR/2425/27,TR/2425/27,2026-01-24T00:00:00,,Released,,Rahul,Rahul,,,,GX/G/25-26/533,GX141844,,0,,2025-10-24T00:00:00,,2200,TO/2025/33,Warehouse,,1,,,,,,,0,0,DEL_CX7440,0,0,0,0,ONT,,,,,,Transfer Receipt,B48618946692,2026-01-01
WIOM,001-SAKET,WM-02,Wiom ONT_GX-Titanium E20/Earth 2022,Normal BAU,1,0,0,1,1,0,PCS,ELECTRONICS,,008-GORAKHPUR,,GRN/2025/3144,,2026-01-24T17:28:35,,WM-02,,,,TR/2425/27,TR/2425/27,2026-01-24T00:00:00,,Released,,Rahul,Rahul,,,,GX/G/25-26/531,GX143587,,0,,2025-10-18T00:00:00,,2200,TO/2025/33,Warehouse,,1,,,,,,,0,0,DEL_CX7430,0,0,0,0,ONT,,,,,,Transfer Receipt,B4861893B562,2026-01-01
WIOM,001-SAKET,WM-02,Wiom ONT_GX-Titanium E20/Earth 2022,Normal BAU,1,0,0,1,1,0,PCS,ELECTRONICS,,008-GORAKHPUR,,GRN/2025/3144,,2026-01-24T17:28:35,,WM-02,,,,TR/2425/27,TR/2425/27,2026-01-24T00:00:00,,Released,,Rahul,Rahul,,,,GX/G/25-26/531,GX143109,,0,,2025-10-18T00:00:00,,2200,TO/2025/33,Warehouse,,1,,,,,,,0,0,DEL_CX7430,0,0,0,0,ONT,,,,,,Transfer Receipt,B486189402F2,2026-01-01
WIOM,001-SAKET,WM-02,Wiom ONT_GX-Titanium E20/Earth 2022,Normal BAU,1,0,0,1,1,0,PCS,ELECTRONICS,,008-GORAKHPUR,,GRN/2025/3144,,2026-01-24T17:28:35,,WM-02,,,,TR/2425/27,TR/2425/27,2026-01-24T00:00:00,,Released,,Rahul,Rahul,,,,GX/G/25-26/531,GX142118,,0,,2025-10-18T00:00:00,,2200,TO/2025/33,Warehouse,,1,,,,,,,0,0,DEL_CX7427,0,0,0,0,ONT,,,,,,Transfer Receipt,B48618939FF2,2026-01-01
WIOM,001-SAKET,WM-02,Wiom ONT_GX-Titanium E20/Earth 2022,Normal BAU,1,0,0,1,1,0,PCS,ELECTRONICS,,008-GORAKHPUR,,GRN/2025/3144,,2026-01-24T17:28:35,,WM-02,,,,TR/2425/27,TR/2425/27,2026-01-24T00:00:00,,Released,,Rahul,Rahul,,,,GX/G/25-26/531,GX144526,,0,,2025-10-18T00:00:00,,2200,TO/2025/33,Warehouse,,1,,,,,,,0,0,DEL_CX7431,0,0,0,0,ONT,,,,,,Transfer Receipt,B48618945AB2,2026-01-01
WIOM,001-SAKET,WM-02,Wiom ONT_GX-Titanium E20/Earth 2022,Normal BAU,1,0,0,1,1,0,PCS,ELECTRONICS,,008-GORAKHPUR,,GRN/2025/3144,,2026-01-24T17:28:35,,WM-02,,,,TR/2425/27,TR/2425/27,2026-01-24T00:00:00,,Released,,Rahul,Rahul,,,,GX/G/25-26/531,GX143755,,0,,2025-10-18T00:00:00,,2200,TO/2025/33,Warehouse,,1,,,,,,,0,0,DEL_CX7427,0,0,0,0,ONT,,,,,,Transfer Receipt,B48618937242,2026-01-01
WIOM,001-SAKET,WM-02,Wiom ONT_GX-Titanium E20/Earth 2022,Normal BAU,1,0,0,1,1,0,PCS,ELECTRONICS,,008-GORAKHPUR,,GRN/2025/3144,,2026-01-24T17:28:35,,WM-02,,,,TR/2425/27,TR/2425/27,2026-01-24T00:00:00,,Released,,Rahul,Rahul,,,,GX/G/25-26/531,GX143749,,0,,2025-10-18T00:00:00,,2200,TO/2025/33,Warehouse,,1,,,,,,,0,0,DEL_CX7427,0,0,0,0,ONT,,,,,,Transfer Receipt,B48618930D62,2026-01-01
WIOM,001-SAKET,WM-02,Wiom ONT_GX-Titanium E20/Earth 2022,Normal BAU,1,0,0,1,1,0,PCS,ELECTRONICS,,008-GORAKHPUR,,GRN/2025/3144,,2026-01-24T17:28:35,,WM-02,,,,TR/2425/27,TR/2425/27,2026-01-24T00:00:00,,Released,,Rahul,Rahul,,,,GX/G/25-26/531,GX143858,,0,,2025-10-18T00:00:00,,2200,TO/2025/33,Warehouse,,1,,,,,,,0,0,DEL_CX7428,0,0,0,0,ONT,,,,,,Transfer Receipt,B48618944D72,2026-01-01
WIOM,001-SAKET,WM-02,Wiom ONT_GX-Titanium E20/Earth 2022,Normal BAU,1,0,0,1,1,0,PCS,ELECTRONICS,,008-GORAKHPUR,,GRN/2025/3144,,2026-01-24T17:28:35,,WM-02,,,,TR/2425/27,TR/2425/27,2026-01-24T00:00:00,,Released,,Rahul,Rahul,,,,GX/G/25-26/531,GX143579,,0,,2025-10-18T00:00:00,,2200,TO/2025/33,Warehouse,,1,,,,,,,0,0,DEL_CX7430,0,0,0,0,ONT,,,,,,Transfer Receipt,B48618932182,2026-01-01
WIOM,001-SAKET,WM-02,Wiom ONT_GX-Titanium E20/Earth 2022,Normal BAU,1,0,0,1,1,0,PCS,ELECTRONICS,,008-GORAKHPUR,,GRN/2025/3144,,2026-01-24T17:28:35,,WM-02,,,,TR/2425/27,TR/2425/27,2026-01-24T00:00:00,,Released,,Rahul,Rahul,,,,GX/G/25-26/531,GX142116,,0,,2025-10-18T00:00:00,,2200,TO/2025/33,Warehouse,,1,,,,,,,0,0,DEL_CX7427,0,0,0,0,ONT,,,,,,Transfer Receipt,B4861893B862,2026-01-01
WIOM,001-SAKET,WM-02,Wiom ONT_GX-Titanium E20/Earth 2022,Normal BAU,1,0,0,1,1,0,PCS,ELECTRONICS,,008-GORAKHPUR,,GRN/2025/3144,,2026-01-24T17:28:35,,WM-02,,,,TR/2425/27,TR/2425/27,2026-01-24T00:00:00,,Released,,Rahul,Rahul,,,,GX/G/25-26/533,GX141921,,0,,2025-10-24T00:00:00,,2200,TO/2025/33,Warehouse,,1,,,,,,,0,0,DEL_CX7439,0,0,0,0,ONT,,,,,,Transfer Receipt,B486189402C2,2026-01-01
WIOM,001-SAKET,WM-02,Wiom ONT_GX-Titanium E20/Earth 2022,Normal BAU,1,0,0,1,1,0,PCS,ELECTRONICS,,008-GORAKHPUR,,GRN/2025/3144,,2026-01-24T17:28:35,,WM-02,,,,TR/2425/27,TR/2425/27,2026-01-24T00:00:00,,Released,,Rahul,Rahul,,,,GX/G/25-26/531,GX144000,,0,,2025-10-18T00:00:00,,2200,TO/2025/33,Warehouse,,1,,,,,,,0,0,DEL_CX7429,0,0,0,0,ONT,,,,,,Transfer Receipt,B48618930E42,2026-01-01
WIOM,001-SAKET,WM-02,Wiom ONT_GX-Titanium E20/Earth 2022,Normal BAU,1,0,0,1,1,0,PCS,ELECTRONICS,,008-GORAKHPUR,,GRN/2025/3144,,2026-01-24T17:28:35,,WM-02,,,,TR/2425/27,TR/2425/27,2026-01-24T00:00:00,,Released,,Rahul,Rahul,,,,GX/G/25-26/531,GX143967,,0,,2025-10-18T00:00:00,,2200,TO/2025/33,Warehouse,,1,,,,,,,0,0,DEL_CX7438,0,0,0,0,ONT,,,,,,Transfer Receipt,B486189453A2,2026-01-01
WIOM,001-SAKET,WM-02,Wiom ONT_GX-Titanium E20/Earth 2022,Normal BAU,1,0,0,1,1,0,PCS,ELECTRONICS,,008-GORAKHPUR,,GRN/2025/3144,,2026-01-24T17:28:35,,WM-02,,,,TR/2425/27,TR/2425/27,2026-01-24T00:00:00,,Released,,Rahul,Rahul,,,,GX/G/25-26/533,GX141957,,0,,2025-10-24T00:00:00,,2200,TO/2025/33,Warehouse,,1,,,,,,,0,0,DEL_CX7439,0,0,0,0,ONT,,,,,,Transfer Receipt,B4861892BF92,2026-01-01
WIOM,001-SAKET,WM-02,Wiom ONT_GX-Titanium E20/Earth 2022,Normal BAU,1,0,0,1,1,0,PCS,ELECTRONICS,,008-GORAKHPUR,,GRN/2025/3144,,2026-01-24T17:28:35,,WM-02,,,,TR/2425/27,TR/2425/27,2026-01-24T00:00:00,,Released,,Rahul,Rahul,,,,GX/G/25-26/531,GX143617,,0,,2025-10-18T00:00:00,,2200,TO/2025/33,Warehouse,,1,,,,,,,0,0,DEL_CX7428,0,0,0,0,ONT,,,,,,Transfer Receipt,B48618933782,2026-01-01
WIOM,001-SAKET,WM-02,Wiom ONT_GX-Titanium E20/Earth 2022,Normal BAU,1,0,0,1,1,0,PCS,ELECTRONICS,,008-GORAKHPUR,,GRN/2025/3144,,2026-01-24T17:28:35,,WM-02,,,,TR/2425/27,TR/2425/27,2026-01-24T00:00:00,,Released,,Rahul,Rahul,,,,GX/G/25-26/531,GX143613,,0,,2025-10-18T00:00:00,,2200,TO/2025/33,Warehouse,,1,,,,,,,0,0,DEL_CX7428,0,0,0,0,ONT,,,,,,Transfer Receipt,B48618932FA2,2026-01-01
WIOM,001-SAKET,WM-02,Wiom ONT_GX-Titanium E20/Earth 2022,Normal BAU,1,0,0,1,1,0,PCS,ELECTRONICS,,008-GORAKHPUR,,GRN/2025/3144,,2026-01-24T17:28:35,,WM-02,,,,TR/2425/27,TR/2425/27,2026-01-24T00:00:00,,Released,,Rahul,Rahul,,,,GX/G/25-26/531,GX143998,,0,,2025-10-18T00:00:00,,2200,TO/2025/33,Warehouse,,1,,,,,,,0,0,DEL_CX7429,0,0,0,0,ONT,,,,,,Transfer Receipt,B48618945092,2026-01-01
WIOM,001-SAKET,WM-03,Wiom ONT_SY-GPON-2000-WADONT-WHITE,Normal BAU,1,0,0,1,0,0,PCS,ELECTRONICS,,005-BAREILLY,,GRN/2025/3103,,2026-01-23T15:52:42,,WM-03,,,,TR/2425/26,TR/2425/26,2026-01-23T00:00:00,,Closed,,Rahul,Pradeep,,,,NOD/2526/7331,SY108248,,0,,2025-10-17T00:00:00,,1950,TO/2025/31,Warehouse,,1,,,,,,,0,0,DEL_CX6138,0,0,0,0,ONT,,,,,,Transfer Receipt,989DB2E29AA0,2026-01-01
WIOM,001-SAKET,WM-03,Wiom ONT_SY-GPON-2000-WADONT-WHITE,Normal BAU,1,0,0,1,0,0,PCS,ELECTRONICS,,005-BAREILLY,,GRN/2025/3103,,2026-01-23T15:52:42,,WM-03,,,,TR/2425/26,TR/2425/26,2026-01-23T00:00:00,,Closed,,Rahul,Pradeep,,,,NOD/2526/7331,SY108249,,0,,2025-10-17T00:00:00,,1950,TO/2025/31,Warehouse,,1,,,,,,,0,0,DEL_CX6138,0,0,0,0,ONT,,,,,,Transfer Receipt,989DB2E28EE0,2026-01-01
WIOM,001-SAKET,WM-03,Wiom ONT_SY-GPON-2000-WADONT-WHITE,Normal BAU,1,0,0,1,0,0,PCS,ELECTRONICS,,005-BAREILLY,,GRN/2025/3103,,2026-01-23T15:52:42,,WM-03,,,,TR/2425/26,TR/2425/26,2026-01-23T00:00:00,,Closed,,Rahul,Pradeep,,,,NOD/2526/7331,SY108243,,0,,2025-10-17T00:00:00,,1950,TO/2025/31,Warehouse,,1,,,,,,,0,0,DEL_CX6138,0,0,0,0,ONT,,,,,,Transfer Receipt,989DB2E29720,2026-01-01
WIOM,001-SAKET,WM-03,Wiom ONT_SY-GPON-2000-WADONT-WHITE,Normal BAU,1,0,0,1,0,0,PCS,ELECTRONICS,,005-BAREILLY,,GRN/2025/3103,,2026-01-23T15:52:42,,WM-03,,,,TR/2425/26,TR/2425/26,2026-01-23T00:00:00,,Closed,,Rahul,Pradeep,,,,NOD/2526/7331,SY108252,,0,,2025-10-17T00:00:00,,1950,TO/2025/31,Warehouse,,1,,,,,,,0,0,DEL_CX6138,0,0,0,0,ONT,,,,,,Transfer Receipt,989DB2E28F70,2026-01-01
WIOM,001-SAKET,WM-03,Wiom ONT_SY-GPON-2000-WADONT-WHITE,Normal BAU,1,0,0,1,0,0,PCS,ELECTRONICS,,005-BAREILLY,,GRN/2025/3103,,2026-01-23T15:52:42,,WM-03,,,,TR/2425/26,TR/2425/26,2026-01-23T00:00:00,,Closed,,Rahul,Pradeep,,,,NOD/2526/7331,SY108251,,0,,2025-10-17T00:00:00,,1950,TO/2025/31,Warehouse,,1,,,,,,,0,0,DEL_CX6138,0,0,0,0,ONT,,,,,,Transfer Receipt,989DB2E28EF8,2026-01-01
WIOM,001-SAKET,WM-03,Wiom ONT_SY-GPON-2000-WADONT-WHITE,Normal BAU,1,0,0,1,0,0,PCS,ELECTRONICS,,005-BAREILLY,,GRN/2025/3103,,2026-01-23T15:52:42,,WM-03,,,,TR/2425/26,TR/2425/26,2026-01-23T00:00:00,,Closed,,Rahul,Pradeep,,,,NOD/2526/7331,SY108254,,0,,2025-10-17T00:00:00,,1950,TO/2025/31,Warehouse,,1,,,,,,,0,0,DEL_CX6138,0,0,0,0,ONT,,,,,,Transfer Receipt,989DB2E28038,2026-01-01
WIOM,001-SAKET,WM-03,Wiom ONT_SY-GPON-2000-WADONT-WHITE,Normal BAU,1,0,0,1,0,0,PCS,ELECTRONICS,,005-BAREILLY,,GRN/2025/3103,,2026-01-23T15:52:42,,WM-03,,,,TR/2425/26,TR/2425/26,2026-01-23T00:00:00,,Closed,,Rahul,Pradeep,,,,NOD/2526/7331,SY108256,,0,,2025-10-17T00:00:00,,1950,TO/2025/31,Warehouse,,1,,,,,,,0,0,DEL_CX6138,0,0,0,0,ONT,,,,,,Transfer Receipt,989DB2E28F48,2026-01-01
WIOM,001-SAKET,WM-03,Wiom ONT_SY-GPON-2000-WADONT-WHITE,Normal BAU,1,0,0,1,0,0,PCS,ELECTRONICS,,005-BAREILLY,,GRN/2025/3103,,2026-01-23T15:52:42,,WM-03,,,,TR/2425/26,TR/2425/26,2026-01-23T00:00:00,,Closed,,Rahul,Pradeep,,,,NOD/2526/7331,SY108255,,0,,2025-10-17T00:00:00,,1950,TO/2025/31,Warehouse,,1,,,,,,,0,0,DEL_CX6138,0,0,0,0,ONT,,,,,,Transfer Receipt,989DB2E29950,2026-01-01
WIOM,001-SAKET,WM-03,Wiom ONT_SY-GPON-2000-WADONT-WHITE,Normal BAU,1,0,0,1,0,0,PCS,ELECTRONICS,,005-BAREILLY,,GRN/2025/3103,,2026-01-23T15:52:42,,WM-03,,,,TR/2425/26,TR/2425/26,2026-01-23T00:00:00,,Closed,,Rahul,Pradeep,,,,NOD/2526/7331,SY108257,,0,,2025-10-17T00:00:00,,1950,TO/2025/31,Warehouse,,1,,,,,,,0,0,DEL_CX6138,0,0,0,0,ONT,,,,,,Transfer Receipt,989DB2E28F38,2026-01-01
WIOM,001-SAKET,WM-03,Wiom ONT_SY-GPON-2000-WADONT-WHITE,Normal BAU,1,0,0,1,0,0,PCS,ELECTRONICS,,005-BAREILLY,,GRN/2025/3103,,2026-01-23T15:52:42,,WM-03,,,,TR/2425/26,TR/2425/26,2026-01-23T00:00:00,,Closed,,Rahul,Pradeep,,,,NOD/2526/7331,SY108250,,0,,2025-10-17T00:00:00,,1950,TO/2025/31,Warehouse,,1,,,,,,,0,0,DEL_CX6138,0,0,0,0,ONT,,,,,,Transfer Receipt,989DB2E28050,2026-01-01
WIOM,001-SAKET,WM-03,Wiom ONT_SY-GPON-2000-WADONT-WHITE,Normal BAU,1,0,0,1,0,0,PCS,ELECTRONICS,,005-BAREILLY,,GRN/2025/3103,,2026-01-23T15:52:42,,WM-03,,,,TR/2425/26,TR/2425/26,2026-01-23T00:00:00,,Closed,,Rahul,Pradeep,,,,NOD/2526/7331,SY108260,,0,,2025-10-17T00:00:00,,1950,TO/2025/31,Warehouse,,1,,,,,,,0,0,DEL_CX6138,0,0,0,0,ONT,,,,,,Transfer Receipt,989DB2E28918,2026-01-01
WIOM,001-SAKET,WM-03,Wiom ONT_SY-GPON-2000-WADONT-WHITE,Normal BAU,1,0,0,1,0,0,PCS,ELECTRONICS,,005-BAREILLY,,GRN/2025/3103,,2026-01-23T15:52:42,,WM-03,,,,TR/2425/26,TR/2425/26,2026-01-23T00:00:00,,Closed,,Rahul,Pradeep,,,,NOD/2526/7331,SY108259,,0,,2025-10-17T00:00:00,,1950,TO/2025/31,Warehouse,,1,,,,,,,0,0,DEL_CX6138,0,0,0,0,ONT,,,,,,Transfer Receipt,989DB2E28F80,2026-01-01
WIOM,001-SAKET,WM-03,Wiom ONT_SY-GPON-2000-WADONT-WHITE,Normal BAU,1,0,0,1,0,0,PCS,ELECTRONICS,,005-BAREILLY,,GRN/2025/3103,,2026-01-23T15:52:42,,WM-03,,,,TR/2425/26,TR/2425/26,2026-01-23T00:00:00,,Closed,,Rahul,Pradeep,,,,NOD/2526/7331,SY108258,,0,,2025-10-17T00:00:00,,1950,TO/2025/31,Warehouse,,1,,,,,,,0,0,DEL_CX6138,0,0,0,0,ONT,,,,,,Transfer Receipt,989DB2E28338,2026-01-01
WIOM,001-SAKET,WM-03,Wiom ONT_SY-GPON-2000-WADONT-WHITE,Normal BAU,1,0,0,1,0,0,PCS,ELECTRONICS,,005-BAREILLY,,GRN/2025/3103,,2026-01-23T15:52:42,,WM-03,,,,TR/2425/26,TR/2425/26,2026-01-23T00:00:00,,Closed,,Rahul,Pradeep,,,,NOD/2526/7331,SY108253,,0,,2025-10-17T00:00:00,,1950,TO/2025/31,Warehouse,,1,,,,,,,0,0,DEL_CX6138,0,0,0,0,ONT,,,,,,Transfer Receipt,989DB2E28950,2026-01-01
WIOM,001-SAKET,WM-03,Wiom ONT_SY-GPON-2000-WADONT-WHITE,Normal BAU,1,0,0,1,0,0,PCS,ELECTRONICS,,005-BAREILLY,,GRN/2025/3103,,2026-01-23T15:52:42,,WM-03,,,,TR/2425/26,TR/2425/26,2026-01-23T00:00:00,,Closed,,Rahul,Pradeep,,,,NOD/2526/7331,SY108247,,0,,2025-10-17T00:00:00,,1950,TO/2025/31,Warehouse,,1,,,,,,,0,0,DEL_CX6138,0,0,0,0,ONT,,,,,,Transfer Receipt,989DB2E28920,2026-01-01
WIOM,001-SAKET,WM-03,Wiom ONT_SY-GPON-2000-WADONT-WHITE,Normal BAU,1,0,0,1,0,0,PCS,ELECTRONICS,,005-BAREILLY,,GRN/2025/3103,,2026-01-23T15:52:42,,WM-03,,,,TR/2425/26,TR/2425/26,2026-01-23T00:00:00,,Closed,,Rahul,Pradeep,,,,NOD/2526/7331,SY108242,,0,,2025-10-17T00:00:00,,1950,TO/2025/31,Warehouse,,1,,,,,,,0,0,DEL_CX6138,0,0,0,0,ONT,,,,,,Transfer Receipt,989DB2E288B0,2026-01-01
WIOM,001-SAKET,WM-03,Wiom ONT_SY-GPON-2000-WADONT-WHITE,Normal BAU,1,0,0,1,0,0,PCS,ELECTRONICS,,005-BAREILLY,,GRN/2025/3103,,2026-01-23T15:52:42,,WM-03,,,,TR/2425/26,TR/2425/26,2026-01-23T00:00:00,,Closed,,Rahul,Pradeep,,,,NOD/2526/7331,SY108241,,0,,2025-10-17T00:00:00,,1950,TO/2025/31,Warehouse,,1,,,,,,,0,0,DEL_CX6138,0,0,0,0,ONT,,,,,,Transfer Receipt,989DB2E283B8,2026-01-01
WIOM,001-SAKET,WM-03,Wiom ONT_SY-GPON-2000-WADONT-WHITE,Normal BAU,1,0,0,1,0,0,PCS,ELECTRONICS,,005-BAREILLY,,GRN/2025/3103,,2026-01-23T15:52:42,,WM-03,,,,TR/2425/26,TR/2425/26,2026-01-23T00:00:00,,Closed,,Rahul,Pradeep,,,,NOD/2526/7331,SY108245,,0,,2025-10-17T00:00:00,,1950,TO/2025/31,Warehouse,,1,,,,,,,0,0,DEL_CX6138,0,0,0,0,ONT,,,,,,Transfer Receipt,989DB2E29218,2026-01-01
WIOM,001-SAKET,WM-03,Wiom ONT_SY-GPON-2000-WADONT-WHITE,Normal BAU,1,0,0,1,0,0,PCS,ELECTRONICS,,005-BAREILLY,,GRN/2025/3103,,2026-01-23T15:52:42,,WM-03,,,,TR/2425/26,TR/2425/26,2026-01-23T00:00:00,,Closed,,Rahul,Pradeep,,,,NOD/2526/7331,SY108244,,0,,2025-10-17T00:00:00,,1950,TO/2025/31,Warehouse,,1,,,,,,,0,0,DEL_CX6138,0,0,0,0,ONT,,,,,,Transfer Receipt,989DB2E28C70,2026-01-01
WIOM,001-SAKET,WM-03,Wiom ONT_SY-GPON-2000-WADONT-WHITE,Normal BAU,1,0,0,1,0,0,PCS,ELECTRONICS,,005-BAREILLY,,GRN/2025/3103,,2026-01-23T15:52:42,,WM-03,,,,TR/2425/26,TR/2425/26,2026-01-23T00:00:00,,Closed,,Rahul,Pradeep,,,,NOD/2526/7331,SY108246,,0,,2025-10-17T00:00:00,,1950,TO/2025/31,Warehouse,,1,,,,,,,0,0,DEL_CX6138,0,0,0,0,ONT,,,,,,Transfer Receipt,989DB2E28F18,2026-01-01
WIOM,001-SAKET,WM-02,Wiom ONT_GX-Titanium E20/Earth 2022,Normal BAU,1,0,0,1,0,0,PCS,ELECTRONICS,,017-BADAUN,,GRN/2025/3101,,2026-01-23T15:45:38,,WM-02,,,,TR/2425/25,TR/2425/25,2026-01-23T00:00:00,,Closed,,Rahul,Pradeep,,,,GX/G/25-26/417,GX127852,,0,,2025-09-05T00:00:00,,2200,TO/2025/30,Warehouse,,1,,,,,,,0,0,DEL_CX4165,0,0,0,0,ONT,,,,,,Transfer Receipt,B486187B2BB2,2026-01-01
WIOM,001-SAKET,WM-02,Wiom ONT_GX-Titanium E20/Earth 2022,Normal BAU,1,0,0,1,0,0,PCS,ELECTRONICS,,017-BADAUN,,GRN/2025/3101,,2026-01-23T15:45:38,,WM-02,,,,TR/2425/25,TR/2425/25,2026-01-23T00:00:00,,Closed,,Rahul,Pradeep,,,,GX/G/25-26/417,GX127643,,0,,2025-09-05T00:00:00,,2200,TO/2025/30,Warehouse,,1,,,,,,,0,0,DEL_CX4165,0,0,0,0,ONT,,,,,,Transfer Receipt,B486187B3F02,2026-01-01
WIOM,001-SAKET,WM-02,Wiom ONT_GX-Titanium E20/Earth 2022,Normal BAU,1,0,0,1,0,0,PCS,ELECTRONICS,,017-BADAUN,,GRN/2025/3101,,2026-01-23T15:45:38,,WM-02,,,,TR/2425/25,TR/2425/25,2026-01-23T00:00:00,,Closed,,Rahul,Pradeep,,,,GX/G/25-26/417,GX127384,,0,,2025-09-05T00:00:00,,2200,TO/2025/30,Warehouse,,1,,,,,,,0,0,DEL_CX4165,0,0,0,0,ONT,,,,,,Transfer Receipt,B486187C78F2,2026-01-01
WIOM,001-SAKET,WM-02,Wiom ONT_GX-Titanium E20/Earth 2022,Normal BAU,1,0,0,1,0,0,PCS,ELECTRONICS,,017-BADAUN,,GRN/2025/3101,,2026-01-23T15:45:38,,WM-02,,,,TR/2425/25,TR/2425/25,2026-01-23T00:00:00,,Closed,,Rahul,Pradeep,,,,GX/G/25-26/417,GX127834,,0,,2025-09-05T00:00:00,,2200,TO/2025/30,Warehouse,,1,,,,,,,0,0,DEL_CX4165,0,0,0,0,ONT,,,,,,Transfer Receipt,B486187AB322,2026-01-01
WIOM,001-SAKET,WM-02,Wiom ONT_GX-Titanium E20/Earth 2022,Normal BAU,1,0,0,1,0,0,PCS,ELECTRONICS,,017-BADAUN,,GRN/2025/3101,,2026-01-23T15:45:38,,WM-02,,,,TR/2425/25,TR/2425/25,2026-01-23T00:00:00,,Closed,,Rahul,Pradeep,,,,GX/G/25-26/417,GX127823,,0,,2025-09-05T00:00:00,,2200,TO/2025/30,Warehouse,,1,,,,,,,0,0,DEL_CX4165,0,0,0,0,ONT,,,,,,Transfer Receipt,B486187B3BB2,2026-01-01
WIOM,001-SAKET,WM-02,Wiom ONT_GX-Titanium E20/Earth 2022,Normal BAU,1,0,0,1,0,0,PCS,ELECTRONICS,,017-BADAUN,,GRN/2025/3101,,2026-01-23T15:45:38,,WM-02,,,,TR/2425/25,TR/2425/25,2026-01-23T00:00:00,,Closed,,Rahul,Pradeep,,,,GX/G/25-26/417,GX127843,,0,,2025-09-05T00:00:00,,2200,TO/2025/30,Warehouse,,1,,,,,,,0,0,DEL_CX4165,0,0,0,0,ONT,,,,,,Transfer Receipt,B4861879C6C2,2026-01-01
WIOM,001-SAKET,WM-02,Wiom ONT_GX-Titanium E20/Earth 2022,Normal BAU,1,0,0,1,0,0,PCS,ELECTRONICS,,017-BADAUN,,GRN/2025/3101,,2026-01-23T15:45:38,,WM-02,,,,TR/2425/25,TR/2425/25,2026-01-23T00:00:00,,Closed,,Rahul,Pradeep,,,,GX/G/25-26/417,GX127850,,0,,2025-09-05T00:00:00,,2200,TO/2025/30,Warehouse,,1,,,,,,,0,0,DEL_CX4165,0,0,0,0,ONT,,,,,,Transfer Receipt,B486187B1212,2026-01-01
WIOM,001-SAKET,WM-02,Wiom ONT_GX-Titanium E20/Earth 2022,Normal BAU,1,0,0,1,0,0,PCS,ELECTRONICS,,017-BADAUN,,GRN/2025/3101,,2026-01-23T15:45:38,,WM-02,,,,TR/2425/25,TR/2425/25,2026-01-23T00:00:00,,Closed,,Rahul,Pradeep,,,,GX/G/25-26/417,GX127635,,0,,2025-09-05T00:00:00,,2200,TO/2025/30,Warehouse,,1,,,,,,,0,0,DEL_CX4165,0,0,0,0,ONT,,,,,,Transfer Receipt,B48618794202,2026-01-01
WIOM,001-SAKET,WM-02,Wiom ONT_GX-Titanium E20/Earth 2022,Normal BAU,1,0,0,1,0,0,PCS,ELECTRONICS,,017-BADAUN,,GRN/2025/3101,,2026-01-23T15:45:38,,WM-02,,,,TR/2425/25,TR/2425/25,2026-01-23T00:00:00,,Closed,,Rahul,Pradeep,,,,GX/G/25-26/417,GX127855,,0,,2025-09-05T00:00:00,,2200,TO/2025/30,Warehouse,,1,,,,,,,0,0,DEL_CX4165,0,0,0,0,ONT,,,,,,Transfer Receipt,B486187AF332,2026-01-01
WIOM,001-SAKET,WM-02,Wiom ONT_GX-Titanium E20/Earth 2022,Normal BAU,1,0,0,1,0,0,PCS,ELECTRONICS,,017-BADAUN,,GRN/2025/3101,,2026-01-23T15:45:38,,WM-02,,,,TR/2425/25,TR/2425/25,2026-01-23T00:00:00,,Closed,,Rahul,Pradeep,,,,GX/G/25-26/417,GX127864,,0,,2025-09-05T00:00:00,,2200,TO/2025/30,Warehouse,,1,,,,,,,0,0,DEL_CX4165,0,0,0,0,ONT,,,,,,Transfer Receipt,B486187B8242,2026-01-01
WIOM,001-SAKET,WM-02,Wiom ONT_GX-Titanium E20/Earth 2022,Normal BAU,1,0,0,1,0,0,PCS,ELECTRONICS,,017-BADAUN,,GRN/2025/3101,,2026-01-23T15:45:38,,WM-02,,,,TR/2425/25,TR/2425/25,2026-01-23T00:00:00,,Closed,,Rahul,Pradeep,,,,GX/G/25-26/417,GX127382,,0,,2025-09-05T00:00:00,,2200,TO/2025/30,Warehouse,,1,,,,,,,0,0,DEL_CX4165,0,0,0,0,ONT,,,,,,Transfer Receipt,B486187C28E2,2026-01-01
WIOM,001-SAKET,WM-02,Wiom ONT_GX-Titanium E20/Earth 2022,Normal BAU,1,0,0,1,0,0,PCS,ELECTRONICS,,017-BADAUN,,GRN/2025/3101,,2026-01-23T15:45:38,,WM-02,,,,TR/2425/25,TR/2425/25,2026-01-23T00:00:00,,Closed,,Rahul,Pradeep,,,,GX/G/25-26/417,GX127354,,0,,2025-09-05T00:00:00,,2200,TO/2025/30,Warehouse,,1,,,,,,,0,0,DEL_CX4165,0,0,0,0,ONT,,,,,,Transfer Receipt,B486187B3C62,2026-01-01
WIOM,001-SAKET,WM-02,Wiom ONT_GX-Titanium E20/Earth 2022,Normal BAU,1,0,0,1,0,0,PCS,ELECTRONICS,,017-BADAUN,,GRN/2025/3101,,2026-01-23T15:45:38,,WM-02,,,,TR/2425/25,TR/2425/25,2026-01-23T00:00:00,,Closed,,Rahul,Pradeep,,,,GX/G/25-26/417,GX127841,,0,,2025-09-05T00:00:00,,2200,TO/2025/30,Warehouse,,1,,,,,,,0,0,DEL_CX4165,0,0,0,0,ONT,,,,,,Transfer Receipt,B486187C6EE2,2026-01-01
WIOM,001-SAKET,WM-02,Wiom ONT_GX-Titanium E20/Earth 2022,Normal BAU,1,0,0,1,0,0,PCS,ELECTRONICS,,017-BADAUN,,GRN/2025/3101,,2026-01-23T15:45:38,,WM-02,,,,TR/2425/25,TR/2425/25,2026-01-23T00:00:00,,Closed,,Rahul,Pradeep,,,,GX/G/25-26/417,GX127602,,0,,2025-09-05T00:00:00,,2200,TO/2025/30,Warehouse,,1,,,,,,,0,0,DEL_CX4165,0,0,0,0,ONT,,,,,,Transfer Receipt,B486187A88F2,2026-01-01
WIOM,001-SAKET,WM-02,Wiom ONT_GX-Titanium E20/Earth 2022,Normal BAU,1,0,0,1,0,0,PCS,ELECTRONICS,,017-BADAUN,,GRN/2025/3101,,2026-01-23T15:45:38,,WM-02,,,,TR/2425/25,TR/2425/25,2026-01-23T00:00:00,,Closed,,Rahul,Pradeep,,,,GX/G/25-26/417,GX127853,,0,,2025-09-05T00:00:00,,2200,TO/2025/30,Warehouse,,1,,,,,,,0,0,DEL_CX4165,0,0,0,0,ONT,,,,,,Transfer Receipt,B48618792962,2026-01-01
WIOM,001-SAKET,WM-02,Wiom ONT_GX-Titanium E20/Earth 2022,Normal BAU,1,0,0,1,0,0,PCS,ELECTRONICS,,017-BADAUN,,GRN/2025/3101,,2026-01-23T15:45:38,,WM-02,,,,TR/2425/25,TR/2425/25,2026-01-23T00:00:00,,Closed,,Rahul,Pradeep,,,,GX/G/25-26/417,GX127654,,0,,2025-09-05T00:00:00,,2200,TO/2025/30,Warehouse,,1,,,,,,,0,0,DEL_CX4165,0,0,0,0,ONT,,,,,,Transfer Receipt,B48618799652,2026-01-01
WIOM,001-SAKET,WM-02,Wiom ONT_GX-Titanium E20/Earth 2022,Normal BAU,1,0,0,1,0,0,PCS,ELECTRONICS,,017-BADAUN,,GRN/2025/3101,,2026-01-23T15:45:38,,WM-02,,,,TR/2425/25,TR/2425/25,2026-01-23T00:00:00,,Closed,,Rahul,Pradeep,,,,GX/G/25-26/417,GX127653,,0,,2025-09-05T00:00:00,,2200,TO/2025/30,Warehouse,,1,,,,,,,0,0,DEL_CX4165,0,0,0,0,ONT,,,,,,Transfer Receipt,B48618795332,2026-01-01
WIOM,001-SAKET,WM-02,Wiom ONT_GX-Titanium E20/Earth 2022,Normal BAU,1,0,0,1,0,0,PCS,ELECTRONICS,,017-BADAUN,,GRN/2025/3101,,2026-01-23T15:45:38,,WM-02,,,,TR/2425/25,TR/2425/25,2026-01-23T00:00:00,,Closed,,Rahul,Pradeep,,,,GX/G/25-26/417,GX125543,,0,,2025-09-05T00:00:00,,2200,TO/2025/30,Warehouse,,1,,,,,,,0,0,DEL_CX4165,0,0,0,0,ONT,,,,,,Transfer Receipt,B486187A3692,2026-01-01
WIOM,001-SAKET,WM-02,Wiom ONT_GX-Titanium E20/Earth 2022,Normal BAU,1,0,0,1,0,0,PCS,ELECTRONICS,,017-BADAUN,,GRN/2025/3101,,2026-01-23T15:45:38,,WM-02,,,,TR/2425/25,TR/2425/25,2026-01-23T00:00:00,,Closed,,Rahul,Pradeep,,,,GX/G/25-26/417,GX127604,,0,,2025-09-05T00:00:00,,2200,TO/2025/30,Warehouse,,1,,,,,,,0,0,DEL_CX4165,0,0,0,0,ONT,,,,,,Transfer Receipt,B486187AF032,2026-01-01
WIOM,001-SAKET,WM-02,Wiom ONT_GX-Titanium E20/Earth 2022,Normal BAU,1,0,0,1,0,0,PCS,ELECTRONICS,,017-BADAUN,,GRN/2025/3101,,2026-01-23T15:45:38,,WM-02,,,,TR/2425/25,TR/2425/25,2026-01-23T00:00:00,,Closed,,Rahul,Pradeep,,,,GX/G/25-26/417,GX127854,,0,,2025-09-05T00:00:00,,2200,TO/2025/30,Warehouse,,1,,,,,,,0,0,DEL_CX4165,0,0,0,0,ONT,,,,,,Transfer Receipt,B486187AF122,2026-01-01
WIOM,001-SAKET,WM-02,Wiom ONT_GX-Titanium E20/Earth 2022,Normal BAU,1,0,0,1,0,0,PCS,ELECTRONICS,,004-ALIGARH,,GRN/2025/3094,,2026-01-22T17:41:47,,WM-02,,,,TR/2425/24,TR2425/24,2026-01-22T00:00:00,,Closed,,Rahul,Rahul,,,,GX/G/25-26/492,GX137118,,0,,2025-09-26T00:00:00,,2200,TO/2025/29,Warehouse,,1,,,,,,,0,0,DEL_CX5690,0,0,0,0,ONT,,,,,,Transfer Receipt,B486187C5A12,2026-01-01
WIOM,001-SAKET,WM-02,Wiom ONT_GX-Titanium E20/Earth 2022,Normal BAU,1,0,0,1,0,0,PCS,ELECTRONICS,,004-ALIGARH,,GRN/2025/3094,,2026-01-22T17:41:47,,WM-02,,,,TR/2425/24,TR2425/24,2026-01-22T00:00:00,,Closed,,Rahul,Rahul,,,,GX/G/25-26/492,GX137334,,0,,2025-09-26T00:00:00,,2200,TO/2025/29,Warehouse,,1,,,,,,,0,0,DEL_CX5690,0,0,0,0,ONT,,,,,,Transfer Receipt,B486187C78D2,2026-01-01
WIOM,001-SAKET,WM-02,Wiom ONT_GX-Titanium E20/Earth 2022,Normal BAU,1,0,0,1,0,0,PCS,ELECTRONICS,,004-ALIGARH,,GRN/2025/3094,,2026-01-22T17:41:47,,WM-02,,,,TR/2425/24,TR2425/24,2026-01-22T00:00:00,,Closed,,Rahul,Rahul,,,,GX/G/25-26/492,GX137460,,0,,2025-09-26T00:00:00,,2200,TO/2025/29,Warehouse,,1,,,,,,,0,0,DEL_CX5659,0,0,0,0,ONT,,,,,,Transfer Receipt,B48618842B42,2026-01-01
WIOM,001-SAKET,WM-02,Wiom ONT_GX-Titanium E20/Earth 2022,Normal BAU,1,0,0,1,0,0,PCS,ELECTRONICS,,004-ALIGARH,,GRN/2025/3094,,2026-01-22T17:41:47,,WM-02,,,,TR/2425/24,TR2425/24,2026-01-22T00:00:00,,Closed,,Rahul,Rahul,,,,GX/G/25-26/492,GX137845,,0,,2025-09-26T00:00:00,,2200,TO/2025/29,Warehouse,,1,,,,,,,0,0,DEL_CX5659,0,0,0,0,ONT,,,,,,Transfer Receipt,B48618841B12,2026-01-01
WIOM,001-SAKET,WM-02,Wiom ONT_GX-Titanium E20/Earth 2022,Normal BAU,1,0,0,1,0,0,PCS,ELECTRONICS,,004-ALIGARH,,GRN/2025/3094,,2026-01-22T17:41:47,,WM-02,,,,TR/2425/24,TR2425/24,2026-01-22T00:00:00,,Closed,,Rahul,Rahul,,,,GX/G/25-26/492,GX137336,,0,,2025-09-26T00:00:00,,2200,TO/2025/29,Warehouse,,1,,,,,,,0,0,DEL_CX5690,0,0,0,0,ONT,,,,,,Transfer Receipt,B48618796EC2,2026-01-01
WIOM,001-SAKET,WM-02,Wiom ONT_GX-Titanium E20/Earth 2022,Normal BAU,1,0,0,1,0,0,PCS,ELECTRONICS,,004-ALIGARH,,GRN/2025/3094,,2026-01-22T17:41:47,,WM-02,,,,TR/2425/24,TR2425/24,2026-01-22T00:00:00,,Closed,,Rahul,Rahul,,,,GX/G/25-26/492,GX137878,,0,,2025-09-26T00:00:00,,2200,TO/2025/29,Warehouse,,1,,,,,,,0,0,DEL_CX5659,0,0,0,0,ONT,,,,,,Transfer Receipt,B48618843302,2026-01-01
WIOM,001-SAKET,WM-02,Wiom ONT_GX-Titanium E20/Earth 2022,Normal BAU,1,0,0,1,0,0,PCS,ELECTRONICS,,004-ALIGARH,,GRN/2025/3094,,2026-01-22T17:41:47,,WM-02,,,,TR/2425/24,TR2425/24,2026-01-22T00:00:00,,Closed,,Rahul,Rahul,,,,GX/G/25-26/492,GX137337,,0,,2025-09-26T00:00:00,,2200,TO/2025/29,Warehouse,,1,,,,,,,0,0,DEL_CX5690,0,0,0,0,ONT,,,,,,Transfer Receipt,B486187C5682,2026-01-01
WIOM,001-SAKET,WM-02,Wiom ONT_GX-Titanium E20/Earth 2022,Normal BAU,1,0,0,1,0,0,PCS,ELECTRONICS,,004-ALIGARH,,GRN/2025/3094,,2026-01-22T17:41:47,,WM-02,,,,TR/2425/24,TR2425/24,2026-01-22T00:00:00,,Closed,,Rahul,Rahul,,,,GX/G/25-26/492,GX138117,,0,,2025-09-26T00:00:00,,2200,TO/2025/29,Warehouse,,1,,,,,,,0,0,DEL_CX5659,0,0,0,0,ONT,,,,,,Transfer Receipt,B486188425F2,2026-01-01
WIOM,001-SAKET,WM-02,Wiom ONT_GX-Titanium E20/Earth 2022,Normal BAU,1,0,0,1,0,0,PCS,ELECTRONICS,,004-ALIGARH,,GRN/2025/3094,,2026-01-22T17:41:47,,WM-02,,,,TR/2425/24,TR2425/24,2026-01-22T00:00:00,,Closed,,Rahul,Rahul,,,,GX/G/25-26/492,GX137415,,0,,2025-09-26T00:00:00,,2200,TO/2025/29,Warehouse,,1,,,,,,,0,0,DEL_CX5659,0,0,0,0,ONT,,,,,,Transfer Receipt,B4861881F472,2026-01-01
WIOM,001-SAKET,WM-02,Wiom ONT_GX-Titanium E20/Earth 2022,Normal BAU,1,0,0,1,0,0,PCS,ELECTRONICS,,004-ALIGARH,,GRN/2025/3094,,2026-01-22T17:41:47,,WM-02,,,,TR/2425/24,TR2425/24,2026-01-22T00:00:00,,Closed,,Rahul,Rahul,,,,GX/G/25-26/492,GX137339,,0,,2025-09-26T00:00:00,,2200,TO/2025/29,Warehouse,,1,,,,,,,0,0,DEL_CX5690,0,0,0,0,ONT,,,,,,Transfer Receipt,B4861879D492,2026-01-01
WIOM,001-SAKET,WM-02,Wiom ONT_GX-Titanium E20/Earth 2022,Normal BAU,1,0,0,1,0,0,PCS,ELECTRONICS,,004-ALIGARH,,GRN/2025/3094,,2026-01-22T17:41:47,,WM-02,,,,TR/2425/24,TR2425/24,2026-01-22T00:00:00,,Closed,,Rahul,Rahul,,,,GX/G/25-26/380,GX123108,,0,,2025-08-25T00:00:00,,2200,TO/2025/29,Warehouse,,1,,,,,,,0,0,DEL_CX3441,0,0,0,0,ONT,,,,,,Transfer Receipt,B486187A4B42,2026-01-01
WIOM,001-SAKET,WM-02,Wiom ONT_GX-Titanium E20/Earth 2022,Normal BAU,1,0,0,1,0,0,PCS,ELECTRONICS,,004-ALIGARH,,GRN/2025/3094,,2026-01-22T17:41:47,,WM-02,,,,TR/2425/24,TR2425/24,2026-01-22T00:00:00,,Closed,,Rahul,Rahul,,,,GX/G/25-26/492,GX137659,,0,,2025-09-26T00:00:00,,2200,TO/2025/29,Warehouse,,1,,,,,,,0,0,DEL_CX5659,0,0,0,0,ONT,,,,,,Transfer Receipt,B4861883EF52,2026-01-01
WIOM,001-SAKET,WM-02,Wiom ONT_GX-Titanium E20/Earth 2022,Normal BAU,1,0,0,1,0,0,PCS,ELECTRONICS,,004-ALIGARH,,GRN/2025/3094,,2026-01-22T17:41:47,,WM-02,,,,TR/2425/24,TR2425/24,2026-01-22T00:00:00,,Closed,,Rahul,Rahul,,,,GX/G/25-26/492,GX137458,,0,,2025-09-26T00:00:00,,2200,TO/2025/29,Warehouse,,1,,,,,,,0,0,DEL_CX5659,0,0,0,0,ONT,,,,,,Transfer Receipt,B48618843D62,2026-01-01
WIOM,001-SAKET,WM-02,Wiom ONT_GX-Titanium E20/Earth 2022,Normal BAU,1,0,0,1,0,0,PCS,ELECTRONICS,,004-ALIGARH,,GRN/2025/3094,,2026-01-22T17:41:47,,WM-02,,,,TR/2425/24,TR2425/24,2026-01-22T00:00:00,,Closed,,Rahul,Rahul,,,,GX/G/25-26/492,GX139035,,0,,2025-09-26T00:00:00,,2200,TO/2025/29,Warehouse,,1,,,,,,,0,0,DEL_CX5690,0,0,0,0,ONT,,,,,,Transfer Receipt,B48618799382,2026-01-01
WIOM,001-SAKET,WM-02,Wiom ONT_GX-Titanium E20/Earth 2022,Normal BAU,1,0,0,1,0,0,PCS,ELECTRONICS,,004-ALIGARH,,GRN/2025/3094,,2026-01-22T17:41:47,,WM-02,,,,TR/2425/24,TR2425/24,2026-01-22T00:00:00,,Closed,,Rahul,Rahul,,,,GX/G/25-26/492,GX139193,,0,,2025-09-26T00:00:00,,2200,TO/2025/29,Warehouse,,1,,,,,,,0,0,DEL_CX5690,0,0,0,0,ONT,,,,,,Transfer Receipt,B486187C1E52,2026-01-01
WIOM,001-SAKET,WM-02,Wiom ONT_GX-Titanium E20/Earth 2022,Normal BAU,1,0,0,1,0,0,PCS,ELECTRONICS,,004-ALIGARH,,GRN/2025/3094,,2026-01-22T17:41:47,,WM-02,,,,TR/2425/24,TR2425/24,2026-01-22T00:00:00,,Closed,,Rahul,Rahul,,,,GX/G/25-26/492,GX139196,,0,,2025-09-26T00:00:00,,2200,TO/2025/29,Warehouse,,1,,,,,,,0,0,DEL_CX5690,0,0,0,0,ONT,,,,,,Transfer Receipt,B486187BBDD2,2026-01-01
WIOM,001-SAKET,WM-02,Wiom ONT_GX-Titanium E20/Earth 2022,Normal BAU,1,0,0,1,0,0,PCS,ELECTRONICS,,004-ALIGARH,,GRN/2025/3094,,2026-01-22T17:41:47,,WM-02,,,,TR/2425/24,TR2425/24,2026-01-22T00:00:00,,Closed,,Rahul,Rahul,,,,GX/G/25-26/492,GX138116,,0,,2025-09-26T00:00:00,,2200,TO/2025/29,Warehouse,,1,,,,,,,0,0,DEL_CX5659,0,0,0,0,ONT,,,,,,Transfer Receipt,B4861883F1A2,2026-01-01
WIOM,001-SAKET,WM-02,Wiom ONT_GX-Titanium E20/Earth 2022,Normal BAU,1,0,0,1,0,0,PCS,ELECTRONICS,,004-ALIGARH,,GRN/2025/3094,,2026-01-22T17:41:47,,WM-02,,,,TR/2425/24,TR2425/24,2026-01-22T00:00:00,,Closed,,Rahul,Rahul,,,,GX/G/25-26/380,GX123106,,0,,2025-08-25T00:00:00,,2200,TO/2025/29,Warehouse,,1,,,,,,,0,0,DEL_CX3441,0,0,0,0,ONT,,,,,,Transfer Receipt,B486187BA532,2026-01-01
WIOM,001-SAKET,WM-02,Wiom ONT_GX-Titanium E20/Earth 2022,Normal BAU,1,0,0,1,0,0,PCS,ELECTRONICS,,004-ALIGARH,,GRN/2025/3094,,2026-01-22T17:41:47,,WM-02,,,,TR/2425/24,TR2425/24,2026-01-22T00:00:00,,Closed,,Rahul,Rahul,,,,GX/G/25-26/380,GX123101,,0,,2025-08-25T00:00:00,,2200,TO/2025/29,Warehouse,,1,,,,,,,0,0,DEL_CX3441,0,0,0,0,ONT,,,,,,Transfer Receipt,B486187A9DD2,2026-01-01
WIOM,001-SAKET,WM-02,Wiom ONT_GX-Titanium E20/Earth 2022,Normal BAU,1,0,0,1,0,0,PCS,ELECTRONICS,,004-ALIGARH,,GRN/2025/3094,,2026-01-22T17:41:47,,WM-02,,,,TR/2425/24,TR2425/24,2026-01-22T00:00:00,,Closed,,Rahul,Rahul,,,,GX/G/25-26/380,GX122763,,0,,2025-08-25T00:00:00,,2200,TO/2025/29,Warehouse,,1,,,,,,,0,0,DEL_CX3441,0,0,0,0,ONT,,,,,,Transfer Receipt,B486187BB0C2,2026-01-01
WIOM,001-SAKET,WM-02,Wiom ONT_GX-Titanium E20/Earth 2022,Normal BAU,1,0,0,1,0,0,PCS,ELECTRONICS,,004-ALIGARH,,GRN/2025/3094,,2026-01-22T17:41:47,,WM-02,,,,TR/2425/24,TR2425/24,2026-01-22T00:00:00,,Closed,,Rahul,Rahul,,,,GX/G/25-26/492,GX139205,,0,,2025-09-26T00:00:00,,2200,TO/2025/29,Warehouse,,1,,,,,,,0,0,DEL_CX5690,0,0,0,0,ONT,,,,,,Transfer Receipt,B486187BBC62,2026-01-01
WIOM,001-SAKET,WM-02,Wiom ONT_GX-Titanium E20/Earth 2022,Normal BAU,1,0,0,1,0,0,PCS,ELECTRONICS,,004-ALIGARH,,GRN/2025/3094,,2026-01-22T17:41:47,,WM-02,,,,TR/2425/24,TR2425/24,2026-01-22T00:00:00,,Closed,,Rahul,Rahul,,,,GX/G/25-26/380,GX123019,,0,,2025-08-25T00:00:00,,2200,TO/2025/29,Warehouse,,1,,,,,,,0,0,DEL_CX3441,0,0,0,0,ONT,,,,,,Transfer Receipt,B486187A1932,2026-01-01
WIOM,001-SAKET,WM-02,Wiom ONT_GX-Titanium E20/Earth 2022,Normal BAU,1,0,0,1,0,0,PCS,ELECTRONICS,,004-ALIGARH,,GRN/2025/3094,,2026-01-22T17:41:47,,WM-02,,,,TR/2425/24,TR2425/24,2026-01-22T00:00:00,,Closed,,Rahul,Rahul,,,,GX/G/25-26/380,GX123099,,0,,2025-08-25T00:00:00,,2200,TO/2025/29,Warehouse,,1,,,,,,,0,0,DEL_CX3441,0,0,0,0,ONT,,,,,,Transfer Receipt,B486187AC902,2026-01-01
WIOM,001-SAKET,WM-02,Wiom ONT_GX-Titanium E20/Earth 2022,Normal BAU,1,0,0,1,0,0,PCS,ELECTRONICS,,004-ALIGARH,,GRN/2025/3094,,2026-01-22T17:41:47,,WM-02,,,,TR/2425/24,TR2425/24,2026-01-22T00:00:00,,Closed,,Rahul,Rahul,,,,GX/G/25-26/380,GX123093,,0,,2025-08-25T00:00:00,,2200,TO/2025/29,Warehouse,,1,,,,,,,0,0,DEL_CX3441,0,0,0,0,ONT,,,,,,Transfer Receipt,B486187BC192,2026-01-01
WIOM,001-SAKET,WM-02,Wiom ONT_GX-Titanium E20/Earth 2022,Normal BAU,1,0,0,1,0,0,PCS,ELECTRONICS,,004-ALIGARH,,GRN/2025/3094,,2026-01-22T17:41:47,,WM-02,,,,TR/2425/24,TR2425/24,2026-01-22T00:00:00,,Closed,,Rahul,Rahul,,,,GX/G/25-26/380,GX123132,,0,,2025-08-25T00:00:00,,2200,TO/2025/29,Warehouse,,1,,,,,,,0,0,DEL_CX3441,0,0,0,0,ONT,,,,,,Transfer Receipt,B486187AAB62,2026-01-01
WIOM,001-SAKET,WM-02,Wiom ONT_GX-Titanium E20/Earth 2022,Normal BAU,1,0,0,1,0,0,PCS,ELECTRONICS,,004-ALIGARH,,GRN/2025/3094,,2026-01-22T17:41:47,,WM-02,,,,TR/2425/24,TR2425/24,2026-01-22T00:00:00,,Closed,,Rahul,Rahul,,,,GX/G/25-26/380,GX123102,,0,,2025-08-25T00:00:00,,2200,TO/2025/29,Warehouse,,1,,,,,,,0,0,DEL_CX3441,0,0,0,0,ONT,,,,,,Transfer Receipt,B486187B8672,2026-01-01
WIOM,001-SAKET,WM-02,Wiom ONT_GX-Titanium E20/Earth 2022,Normal BAU,1,0,0,1,0,0,PCS,ELECTRONICS,,004-ALIGARH,,GRN/2025/3094,,2026-01-22T17:41:47,,WM-02,,,,TR/2425/24,TR2425/24,2026-01-22T00:00:00,,Closed,,Rahul,Rahul,,,,GX/G/25-26/380,GX123548,,0,,2025-08-25T00:00:00,,2200,TO/2025/29,Warehouse,,1,,,,,,,0,0,DEL_CX3441,0,0,0,0,ONT,,,,,,Transfer Receipt,B486187A7262,2026-01-01
WIOM,001-SAKET,WM-02,Wiom ONT_GX-Titanium E20/Earth 2022,Normal BAU,1,0,0,1,0,0,PCS,ELECTRONICS,,004-ALIGARH,,GRN/2025/3094,,2026-01-22T17:41:47,,WM-02,,,,TR/2425/24,TR2425/24,2026-01-22T00:00:00,,Closed,,Rahul,Rahul,,,,GX/G/25-26/380,GX123116,,0,,2025-08-25T00:00:00,,2200,TO/2025/29,Warehouse,,1,,,,,,,0,0,DEL_CX3441,0,0,0,0,ONT,,,,,,Transfer Receipt,B486187A4C62,2026-01-01
WIOM,001-SAKET,WM-02,Wiom ONT_GX-Titanium E20/Earth 2022,Normal BAU,1,0,0,1,0,0,PCS,ELECTRONICS,,004-ALIGARH,,GRN/2025/3094,,2026-01-22T17:41:47,,WM-02,,,,TR/2425/24,TR2425/24,2026-01-22T00:00:00,,Closed,,Rahul,Rahul,,,,GX/G/25-26/380,GX123122,,0,,2025-08-25T00:00:00,,2200,TO/2025/29,Warehouse,,1,,,,,,,0,0,DEL_CX3441,0,0,0,0,ONT,,,,,,Transfer Receipt,B486187AD632,2026-01-01
WIOM,001-SAKET,WM-02,Wiom ONT_GX-Titanium E20/Earth 2022,Normal BAU,1,0,0,1,0,0,PCS,ELECTRONICS,,004-ALIGARH,,GRN/2025/3094,,2026-01-22T17:41:47,,WM-02,,,,TR/2425/24,TR2425/24,2026-01-22T00:00:00,,Closed,,Rahul,Rahul,,,,GX/G/25-26/380,GX123130,,0,,2025-08-25T00:00:00,,2200,TO/2025/29,Warehouse,,1,,,,,,,0,0,DEL_CX3441,0,0,0,0,ONT,,,,,,Transfer Receipt,B486187B7092,2026-01-01
WIOM,001-SAKET,WM-02,Wiom ONT_GX-Titanium E20/Earth 2022,Normal BAU,1,0,0,1,0,0,PCS,ELECTRONICS,,004-ALIGARH,,GRN/2025/3094,,2026-01-22T17:41:47,,WM-02,,,,TR/2425/24,TR2425/24,2026-01-22T00:00:00,,Closed,,Rahul,Rahul,,,,GX/G/25-26/380,GX123545,,0,,2025-08-25T00:00:00,,2200,TO/2025/29,Warehouse,,1,,,,,,,0,0,DEL_CX3441,0,0,0,0,ONT,,,,,,Transfer Receipt,B486187AF552,2026-01-01
WIOM,001-SAKET,WM-02,Wiom ONT_GX-Titanium E20/Earth 2022,Normal BAU,1,0,0,1,0,0,PCS,ELECTRONICS,,004-ALIGARH,,GRN/2025/3094,,2026-01-22T17:41:47,,WM-02,,,,TR/2425/24,TR2425/24,2026-01-22T00:00:00,,Closed,,Rahul,Rahul,,,,GX/G/25-26/380,GX123244,,0,,2025-08-25T00:00:00,,2200,TO/2025/29,Warehouse,,1,,,,,,,0,0,DEL_CX3441,0,0,0,0,ONT,,,,,,Transfer Receipt,B486187B72F2,2026-01-01
WIOM,001-SAKET,WM-02,Wiom ONT_GX-Titanium E20/Earth 2022,Normal BAU,1,0,0,1,0,0,PCS,ELECTRONICS,,004-ALIGARH,,GRN/2025/3094,,2026-01-22T17:41:47,,WM-02,,,,TR/2425/24,TR2425/24,2026-01-22T00:00:00,,Closed,,Rahul,Rahul,,,,GX/G/25-26/380,GX123264,,0,,2025-08-25T00:00:00,,2200,TO/2025/29,Warehouse,,1,,,,,,,0,0,DEL_CX3441,0,0,0,0,ONT,,,,,,Transfer Receipt,B486187B5E22,2026-01-01
WIOM,001-SAKET,WM-02,Wiom ONT_GX-Titanium E20/Earth 2022,Normal BAU,1,0,0,1,0,0,PCS,ELECTRONICS,,004-ALIGARH,,GRN/2025/3094,,2026-01-22T17:41:47,,WM-02,,,,TR/2425/24,TR2425/24,2026-01-22T00:00:00,,Closed,,Rahul,Rahul,,,,GX/G/25-26/492,GX139197,,0,,2025-09-26T00:00:00,,2200,TO/2025/29,Warehouse,,1,,,,,,,0,0,DEL_CX5690,0,0,0,0,ONT,,,,,,Transfer Receipt,B48618797B72,2026-01-01
WIOM,001-SAKET,WM-02,Wiom ONT_GX-Titanium E20/Earth 2022,Normal BAU,1,0,0,1,0,0,PCS,ELECTRONICS,,004-ALIGARH,,GRN/2025/3094,,2026-01-22T17:41:47,,WM-02,,,,TR/2425/24,TR2425/24,2026-01-22T00:00:00,,Closed,,Rahul,Rahul,,,,GX/G/25-26/492,GX130969,,0,,2025-09-26T00:00:00,,2200,TO/2025/29,Warehouse,,1,,,,,,,0,0,DEL_CX5690,0,0,0,0,ONT,,,,,,Transfer Receipt,B486187C8EE2,2026-01-01
WIOM,001-SAKET,WM-02,Wiom ONT_GX-Titanium E20/Earth 2022,Normal BAU,1,0,0,1,0,0,PCS,ELECTRONICS,,004-ALIGARH,,GRN/2025/3094,,2026-01-22T17:41:47,,WM-02,,,,TR/2425/24,TR2425/24,2026-01-22T00:00:00,,Closed,,Rahul,Rahul,,,,GX/G/25-26/492,GX130967,,0,,2025-09-26T00:00:00,,2200,TO/2025/29,Warehouse,,1,,,,,,,0,0,DEL_CX5690,0,0,0,0,ONT,,,,,,Transfer Receipt,B486187C4DC2,2026-01-01
WIOM,001-SAKET,WM-02,Wiom ONT_GX-Titanium E20/Earth 2022,Normal BAU,1,0,0,1,0,0,PCS,ELECTRONICS,,004-ALIGARH,,GRN/2025/3094,,2026-01-22T17:41:47,,WM-02,,,,TR/2425/24,TR2425/24,2026-01-22T00:00:00,,Closed,,Rahul,Rahul,,,,GX/G/25-26/492,GX137523,,0,,2025-09-26T00:00:00,,2200,TO/2025/29,Warehouse,,1,,,,,,,0,0,DEL_CX5690,0,0,0,0,ONT,,,,,,Transfer Receipt,B486187C7BD2,2026-01-01
WIOM,001-SAKET,WM-02,Wiom ONT_GX-Titanium E20/Earth 2022,Normal BAU,1,0,0,1,0,0,PCS,ELECTRONICS,,004-ALIGARH,,GRN/2025/3094,,2026-01-22T17:41:47,,WM-02,,,,TR/2425/24,TR2425/24,2026-01-22T00:00:00,,Closed,,Rahul,Rahul,,,,GX/G/25-26/492,GX137122,,0,,2025-09-26T00:00:00,,2200,TO/2025/29,Warehouse,,1,,,,,,,0,0,DEL_CX5690,0,0,0,0,ONT,,,,,,Transfer Receipt,B486187C58D2,2026-01-01
WIOM,001-SAKET,WM-02,Wiom ONT_GX-Titanium E20/Earth 2022,Normal BAU,1,0,0,1,0,0,PCS,ELECTRONICS,,004-ALIGARH,,GRN/2025/3094,,2026-01-22T17:41:47,,WM-02,,,,TR/2425/24,TR2425/24,2026-01-22T00:00:00,,Closed,,Rahul,Rahul,,,,GX/G/25-26/492,GX137881,,0,,2025-09-26T00:00:00,,2200,TO/2025/29,Warehouse,,1,,,,,,,0,0,DEL_CX5659,0,0,0,0,ONT,,,,,,Transfer Receipt,B486188450B2,2026-01-01
WIOM,001-SAKET,WM-02,Wiom ONT_GX-Titanium E20/Earth 2022,Normal BAU,1,0,0,1,0,0,PCS,ELECTRONICS,,004-ALIGARH,,GRN/2025/3094,,2026-01-22T17:41:47,,WM-02,,,,TR/2425/24,TR2425/24,2026-01-22T00:00:00,,Closed,,Rahul,Rahul,,,,GX/G/25-26/492,GX137510,,0,,2025-09-26T00:00:00,,2200,TO/2025/29,Warehouse,,1,,,,,,,0,0,DEL_CX5690,0,0,0,0,ONT,,,,,,Transfer Receipt,B486187B4372,2026-01-01
WIOM,001-SAKET,WM-02,Wiom ONT_GX-Titanium E20/Earth 2022,Normal BAU,1,0,0,1,0,0,PCS,ELECTRONICS,,004-ALIGARH,,GRN/2025/3094,,2026-01-22T17:41:47,,WM-02,,,,TR/2425/24,TR2425/24,2026-01-22T00:00:00,,Closed,,Rahul,Rahul,,,,GX/G/25-26/492,GX130985,,0,,2025-09-26T00:00:00,,2200,TO/2025/29,Warehouse,,1,,,,,,,0,0,DEL_CX5690,0,0,0,0,ONT,,,,,,Transfer Receipt,B486187B3042,2026-01-01
WIOM,001-SAKET,WM-02,Wiom ONT_GX-Titanium E20/Earth 2022,Normal BAU,1,0,0,1,0,0,PCS,ELECTRONICS,,004-ALIGARH,,GRN/2025/3094,,2026-01-22T17:41:47,,WM-02,,,,TR/2425/24,TR2425/24,2026-01-22T00:00:00,,Closed,,Rahul,Rahul,,,,GX/G/25-26/492,GX137527,,0,,2025-09-26T00:00:00,,2200,TO/2025/29,Warehouse,,1,,,,,,,0,0,DEL_CX5690,0,0,0,0,ONT,,,,,,Transfer Receipt,B486187C6692,2026-01-01
WIOM,001-SAKET,WM-02,Wiom ONT_GX-Titanium E20/Earth 2022,Normal BAU,1,0,0,1,0,0,PCS,ELECTRONICS,,004-ALIGARH,,GRN/2025/3094,,2026-01-22T17:41:47,,WM-02,,,,TR/2425/24,TR2425/24,2026-01-22T00:00:00,,Closed,,Rahul,Rahul,,,,GX/G/25-26/492,GX139199,,0,,2025-09-26T00:00:00,,2200,TO/2025/29,Warehouse,,1,,,,,,,0,0,DEL_CX5690,0,0,0,0,ONT,,,,,,Transfer Receipt,B486187AE292,2026-01-01
WIOM,001-SAKET,WM-02,Wiom ONT_GX-Titanium E20/Earth 2022,Normal BAU,1,0,0,1,0,0,PCS,ELECTRONICS,,004-ALIGARH,,GRN/2025/3094,,2026-01-22T17:41:47,,WM-02,,,,TR/2425/24,TR2425/24,2026-01-22T00:00:00,,Closed,,Rahul,Rahul,,,,GX/G/25-26/492,GX137706,,0,,2025-09-26T00:00:00,,2200,TO/2025/29,Warehouse,,1,,,,,,,0,0,DEL_CX5659,0,0,0,0,ONT,,,,,,Transfer Receipt,B48618843852,2026-01-01
WIOM,001-SAKET,WM-02,Wiom ONT_GX-Titanium E20/Earth 2022,Normal BAU,1,0,0,1,0,0,PCS,ELECTRONICS,,004-ALIGARH,,GRN/2025/3094,,2026-01-22T17:41:47,,WM-02,,,,TR/2425/24,TR2425/24,2026-01-22T00:00:00,,Closed,,Rahul,Rahul,,,,GX/G/25-26/492,GX137688,,0,,2025-09-26T00:00:00,,2200,TO/2025/29,Warehouse,,1,,,,,,,0,0,DEL_CX5659,0,0,0,0,ONT,,,,,,Transfer Receipt,B4861883DFB2,2026-01-01
WIOM,001-SAKET,WM-02,Wiom ONT_GX-Titanium E20/Earth 2022,Normal BAU,1,0,0,1,0,0,PCS,ELECTRONICS,,004-ALIGARH,,GRN/2025/3094,,2026-01-22T17:41:47,,WM-02,,,,TR/2425/24,TR2425/24,2026-01-22T00:00:00,,Closed,,Rahul,Rahul,,,,GX/G/25-26/492,GX137820,,0,,2025-09-26T00:00:00,,2200,TO/2025/29,Warehouse,,1,,,,,,,0,0,DEL_CX5659,0,0,0,0,ONT,,,,,,Transfer Receipt,B48618825B32,2026-01-01
WIOM,001-SAKET,WM-02,Wiom ONT_GX-Titanium E20/Earth 2022,Normal BAU,1,0,0,1,0,0,PCS,ELECTRONICS,,004-ALIGARH,,GRN/2025/3094,,2026-01-22T17:41:47,,WM-02,,,,TR/2425/24,TR2425/24,2026-01-22T00:00:00,,Closed,,Rahul,Rahul,,,,GX/G/25-26/492,GX137825,,0,,2025-09-26T00:00:00,,2200,TO/2025/29,Warehouse,,1,,,,,,,0,0,DEL_CX5659,0,0,0,0,ONT,,,,,,Transfer Receipt,B48618844662,2026-01-01
WIOM,001-SAKET,WM-02,Wiom ONT_GX-Titanium E20/Earth 2022,Normal BAU,1,0,0,1,0,0,PCS,ELECTRONICS,,004-ALIGARH,,GRN/2025/3094,,2026-01-22T17:41:47,,WM-02,,,,TR/2425/24,TR2425/24,2026-01-22T00:00:00,,Closed,,Rahul,Rahul,,,,GX/G/25-26/380,GX123551,,0,,2025-08-25T00:00:00,,2200,TO/2025/29,Warehouse,,1,,,,,,,0,0,DEL_CX3441,0,0,0,0,ONT,,,,,,Transfer Receipt,B486187A8CE2,2026-01-01
WIOM,001-SAKET,WM-02,Wiom ONT_GX-Titanium E20/Earth 2022,Normal BAU,1,0,0,1,0,0,PCS,ELECTRONICS,,004-ALIGARH,,GRN/2025/3094,,2026-01-22T17:41:47,,WM-02,,,,TR/2425/24,TR2425/24,2026-01-22T00:00:00,,Closed,,Rahul,Rahul,,,,GX/G/25-26/492,GX137701,,0,,2025-09-26T00:00:00,,2200,TO/2025/29,Warehouse,,1,,,,,,,0,0,DEL_CX5659,0,0,0,0,ONT,,,,,,Transfer Receipt,B48618829132,2026-01-01
WIOM,001-SAKET,WM-02,Wiom ONT_GX-Titanium E20/Earth 2022,Normal BAU,1,0,0,1,0,0,PCS,ELECTRONICS,,004-ALIGARH,,GRN/2025/3094,,2026-01-22T17:41:47,,WM-02,,,,TR/2425/24,TR2425/24,2026-01-22T00:00:00,,Closed,,Rahul,Rahul,,,,GX/G/25-26/492,GX137827,,0,,2025-09-26T00:00:00,,2200,TO/2025/29,Warehouse,,1,,,,,,,0,0,DEL_CX5659,0,0,0,0,ONT,,,,,,Transfer Receipt,B48618844D22,2026-01-01
WIOM,001-SAKET,WM-02,Wiom ONT_GX-Titanium E20/Earth 2022,Normal BAU,1,0,0,1,0,0,PCS,ELECTRONICS,,004-ALIGARH,,GRN/2025/3094,,2026-01-22T17:41:47,,WM-02,,,,TR/2425/24,TR2425/24,2026-01-22T00:00:00,,Closed,,Rahul,Rahul,,,,GX/G/25-26/492,GX137826,,0,,2025-09-26T00:00:00,,2200,TO/2025/29,Warehouse,,1,,,,,,,0,0,DEL_CX5659,0,0,0,0,ONT,,,,,,Transfer Receipt,B48618842CE2,2026-01-01
WIOM,001-SAKET,WM-02,Wiom ONT_GX-Titanium E20/Earth 2022,Normal BAU,1,0,0,1,0,0,PCS,ELECTRONICS,,004-ALIGARH,,GRN/2025/3094,,2026-01-22T17:41:47,,WM-02,,,,TR/2425/24,TR2425/24,2026-01-22T00:00:00,,Closed,,Rahul,Rahul,,,,GX/G/25-26/492,GX137871,,0,,2025-09-26T00:00:00,,2200,TO/2025/29,Warehouse,,1,,,,,,,0,0,DEL_CX5659,0,0,0,0,ONT,,,,,,Transfer Receipt,B48618842492,2026-01-01
WIOM,001-SAKET,WM-02,Wiom ONT_GX-Titanium E20/Earth 2022,Normal BAU,1,0,0,1,0,0,PCS,ELECTRONICS,,004-ALIGARH,,GRN/2025/3094,,2026-01-22T17:41:47,,WM-02,,,,TR/2425/24,TR2425/24,2026-01-22T00:00:00,,Closed,,Rahul,Rahul,,,,GX/G/25-26/492,GX139208,,0,,2025-09-26T00:00:00,,2200,TO/2025/29,Warehouse,,1,,,,,,,0,0,DEL_CX5690,0,0,0,0,ONT,,,,,,Transfer Receipt,B486187C7FD2,2026-01-01
WIOM,001-SAKET,WM-02,Wiom ONT_GX-Titanium E20/Earth 2022,Normal BAU,1,0,0,1,0,0,PCS,ELECTRONICS,,004-ALIGARH,,GRN/2025/3094,,2026-01-22T17:41:47,,WM-02,,,,TR/2425/24,TR2425/24,2026-01-22T00:00:00,,Closed,,Rahul,Rahul,,,,GX/G/25-26/492,GX137850,,0,,2025-09-26T00:00:00,,2200,TO/2025/29,Warehouse,,1,,,,,,,0,0,DEL_CX5659,0,0,0,0,ONT,,,,,,Transfer Receipt,B48618843532,2026-01-01
WIOM,001-SAKET,WM-02,Wiom ONT_GX-Titanium E20/Earth 2022,Normal BAU,1,0,0,1,0,0,PCS,ELECTRONICS,,004-ALIGARH,,GRN/2025/3094,,2026-01-22T17:41:47,,WM-02,,,,TR/2425/24,TR2425/24,2026-01-22T00:00:00,,Closed,,Rahul,Rahul,,,,GX/G/25-26/380,GX123564,,0,,2025-08-25T00:00:00,,2200,TO/2025/29,Warehouse,,1,,,,,,,0,0,DEL_CX3441,0,0,0,0,ONT,,,,,,Transfer Receipt,B486187A96F2,2026-01-01
WIOM,001-SAKET,WM-02,Wiom ONT_GX-Titanium E20/Earth 2022,Normal BAU,1,0,0,1,0,0,PCS,ELECTRONICS,,004-ALIGARH,,GRN/2025/3094,,2026-01-22T17:41:47,,WM-02,,,,TR/2425/24,TR2425/24,2026-01-22T00:00:00,,Closed,,Rahul,Rahul,,,,GX/G/25-26/492,GX137333,,0,,2025-09-26T00:00:00,,2200,TO/2025/29,Warehouse,,1,,,,,,,0,0,DEL_CX5690,0,0,0,0,ONT,,,,,,Transfer Receipt,B486187976F2,2026-01-01
WIOM,001-SAKET,WM-02,Wiom ONT_GX-Titanium E20/Earth 2022,Normal BAU,1,0,0,1,0,0,PCS,ELECTRONICS,,004-ALIGARH,,GRN/2025/3094,,2026-01-22T17:41:47,,WM-02,,,,TR/2425/24,TR2425/24,2026-01-22T00:00:00,,Closed,,Rahul,Rahul,,,,GX/G/25-26/492,GX137875,,0,,2025-09-26T00:00:00,,2200,TO/2025/29,Warehouse,,1,,,,,,,0,0,DEL_CX5659,0,0,0,0,ONT,,,,,,Transfer Receipt,B48618843502,2026-01-01
WIOM,001-SAKET,WM-02,Wiom ONT_GX-Titanium E20/Earth 2022,Normal BAU,1,0,0,1,0,0,PCS,ELECTRONICS,,004-ALIGARH,,GRN/2025/3094,,2026-01-22T17:41:47,,WM-02,,,,TR/2425/24,TR2425/24,2026-01-22T00:00:00,,Closed,,Rahul,Rahul,,,,GX/G/25-26/380,GX123256,,0,,2025-08-25T00:00:00,,2200,TO/2025/29,Warehouse,,1,,,,,,,0,0,DEL_CX3441,0,0,0,0,ONT,,,,,,Transfer Receipt,B486187A3A42,2026-01-01
WIOM,001-SAKET,WM-02,Wiom ONT_GX-Titanium E20/Earth 2022,Normal BAU,1,0,0,1,0,0,PCS,ELECTRONICS,,004-ALIGARH,,GRN/2025/3094,,2026-01-22T17:41:47,,WM-02,,,,TR/2425/24,TR2425/24,2026-01-22T00:00:00,,Closed,,Rahul,Rahul,,,,GX/G/25-26/492,GX137862,,0,,2025-09-26T00:00:00,,2200,TO/2025/29,Warehouse,,1,,,,,,,0,0,DEL_CX5659,0,0,0,0,ONT,,,,,,Transfer Receipt,B48618842DB2,2026-01-01
WIOM,001-SAKET,WM-02,Wiom ONT_GX-Titanium E20/Earth 2022,Normal BAU,1,0,0,1,0,0,PCS,ELECTRONICS,,004-ALIGARH,,GRN/2025/3094,,2026-01-22T17:41:47,,WM-02,,,,TR/2425/24,TR2425/24,2026-01-22T00:00:00,,Closed,,Rahul,Rahul,,,,GX/G/25-26/380,GX123563,,0,,2025-08-25T00:00:00,,2200,TO/2025/29,Warehouse,,1,,,,,,,0,0,DEL_CX3441,0,0,0,0,ONT,,,,,,Transfer Receipt,B486187AE582,2026-01-01
WIOM,001-SAKET,WM-03,Wiom ONT_SY-GPON-2000-WADONT-WHITE,Normal BAU,1,0,0,1,0,0,PCS,ELECTRONICS,,004-ALIGARH,,GRN/2025/3093,,2026-01-22T17:40:38,,WM-03,,,,TR/2425/23,TR/2425/23,2026-01-22T00:00:00,,Closed,,Rahul,Rahul,,,,NOD/2526/7331,SY108476,,0,,2025-10-17T00:00:00,,1950,TO/2025/28,Warehouse,,1,,,,,,,0,0,DEL_CX6130,0,0,0,0,ONT,,,,,,Transfer Receipt,989DB2E28268,2026-01-01
WIOM,001-SAKET,WM-03,Wiom ONT_SY-GPON-2000-WADONT-WHITE,Normal BAU,1,0,0,1,0,0,PCS,ELECTRONICS,,004-ALIGARH,,GRN/2025/3093,,2026-01-22T17:40:38,,WM-03,,,,TR/2425/23,TR/2425/23,2026-01-22T00:00:00,,Closed,,Rahul,Rahul,,,,NOD/2526/7331,SY108479,,0,,2025-10-17T00:00:00,,1950,TO/2025/28,Warehouse,,1,,,,,,,0,0,DEL_CX6130,0,0,0,0,ONT,,,,,,Transfer Receipt,989DB2E28AC8,2026-01-01
WIOM,001-SAKET,WM-03,Wiom ONT_SY-GPON-2000-WADONT-WHITE,Normal BAU,1,0,0,1,0,0,PCS,ELECTRONICS,,004-ALIGARH,,GRN/2025/3093,,2026-01-22T17:40:38,,WM-03,,,,TR/2425/23,TR/2425/23,2026-01-22T00:00:00,,Closed,,Rahul,Rahul,,,,NOD/2526/7331,SY108469,,0,,2025-10-17T00:00:00,,1950,TO/2025/28,Warehouse,,1,,,,,,,0,0,DEL_CX6130,0,0,0,0,ONT,,,,,,Transfer Receipt,989DB2E28208,2026-01-01
WIOM,001-SAKET,WM-03,Wiom ONT_SY-GPON-2000-WADONT-WHITE,Normal BAU,1,0,0,1,0,0,PCS,ELECTRONICS,,004-ALIGARH,,GRN/2025/3093,,2026-01-22T17:40:38,,WM-03,,,,TR/2425/23,TR/2425/23,2026-01-22T00:00:00,,Closed,,Rahul,Rahul,,,,NOD/2526/7331,SY108478,,0,,2025-10-17T00:00:00,,1950,TO/2025/28,Warehouse,,1,,,,,,,0,0,DEL_CX6130,0,0,0,0,ONT,,,,,,Transfer Receipt,989DB2E28160,2026-01-01
WIOM,001-SAKET,WM-03,Wiom ONT_SY-GPON-2000-WADONT-WHITE,Normal BAU,1,0,0,1,0,0,PCS,ELECTRONICS,,004-ALIGARH,,GRN/2025/3093,,2026-01-22T17:40:38,,WM-03,,,,TR/2425/23,TR/2425/23,2026-01-22T00:00:00,,Closed,,Rahul,Rahul,,,,NOD/2526/7331,SY108474,,0,,2025-10-17T00:00:00,,1950,TO/2025/28,Warehouse,,1,,,,,,,0,0,DEL_CX6130,0,0,0,0,ONT,,,,,,Transfer Receipt,989DB2E2A0C8,2026-01-01
WIOM,001-SAKET,WM-03,Wiom ONT_SY-GPON-2000-WADONT-WHITE,Normal BAU,1,0,0,1,0,0,PCS,ELECTRONICS,,004-ALIGARH,,GRN/2025/3093,,2026-01-22T17:40:38,,WM-03,,,,TR/2425/23,TR/2425/23,2026-01-22T00:00:00,,Closed,,Rahul,Rahul,,,,NOD/2526/7331,SY108308,,0,,2025-10-17T00:00:00,,1950,TO/2025/28,Warehouse,,1,,,,,,,0,0,DEL_CX6126,0,0,0,0,ONT,,,,,,Transfer Receipt,989DB2E28228,2026-01-01
WIOM,001-SAKET,WM-03,Wiom ONT_SY-GPON-2000-WADONT-WHITE,Normal BAU,1,0,0,1,0,0,PCS,ELECTRONICS,,004-ALIGARH,,GRN/2025/3093,,2026-01-22T17:40:38,,WM-03,,,,TR/2425/23,TR/2425/23,2026-01-22T00:00:00,,Closed,,Rahul,Rahul,,,,NOD/2526/7331,SY108472,,0,,2025-10-17T00:00:00,,1950,TO/2025/28,Warehouse,,1,,,,,,,0,0,DEL_CX6130,0,0,0,0,ONT,,,,,,Transfer Receipt,989DB2E2A0A8,2026-01-01
WIOM,001-SAKET,WM-03,Wiom ONT_SY-GPON-2000-WADONT-WHITE,Normal BAU,1,0,0,1,0,0,PCS,ELECTRONICS,,004-ALIGARH,,GRN/2025/3093,,2026-01-22T17:40:38,,WM-03,,,,TR/2425/23,TR/2425/23,2026-01-22T00:00:00,,Closed,,Rahul,Rahul,,,,NOD/2526/7331,SY107842,,0,,2025-10-17T00:00:00,,1950,TO/2025/28,Warehouse,,1,,,,,,,0,0,DEL_CX6129,0,0,0,0,ONT,,,,,,Transfer Receipt,989DB2E27AE8,2026-01-01
WIOM,001-SAKET,WM-03,Wiom ONT_SY-GPON-2000-WADONT-WHITE,Normal BAU,1,0,0,1,0,0,PCS,ELECTRONICS,,004-ALIGARH,,GRN/2025/3093,,2026-01-22T17:40:38,,WM-03,,,,TR/2425/23,TR/2425/23,2026-01-22T00:00:00,,Closed,,Rahul,Rahul,,,,NOD/2526/7331,SY107843,,0,,2025-10-17T00:00:00,,1950,TO/2025/28,Warehouse,,1,,,,,,,0,0,DEL_CX6129,0,0,0,0,ONT,,,,,,Transfer Receipt,989DB2E29530,2026-01-01
WIOM,001-SAKET,WM-03,Wiom ONT_SY-GPON-2000-WADONT-WHITE,Normal BAU,1,0,0,1,0,0,PCS,ELECTRONICS,,004-ALIGARH,,GRN/2025/3093,,2026-01-22T17:40:38,,WM-03,,,,TR/2425/23,TR/2425/23,2026-01-22T00:00:00,,Closed,,Rahul,Rahul,,,,NOD/2526/7331,SY108045,,0,,2025-10-17T00:00:00,,1950,TO/2025/28,Warehouse,,1,,,,,,,0,0,DEL_CX6147,0,0,0,0,ONT,,,,,,Transfer Receipt,989DB2E2A3E0,2026-01-01
WIOM,001-SAKET,WM-03,Wiom ONT_SY-GPON-2000-WADONT-WHITE,Normal BAU,1,0,0,1,0,0,PCS,ELECTRONICS,,004-ALIGARH,,GRN/2025/3093,,2026-01-22T17:40:38,,WM-03,,,,TR/2425/23,TR/2425/23,2026-01-22T00:00:00,,Closed,,Rahul,Rahul,,,,NOD/2526/7331,SY108057,,0,,2025-10-17T00:00:00,,1950,TO/2025/28,Warehouse,,1,,,,,,,0,0,DEL_CX6147,0,0,0,0,ONT,,,,,,Transfer Receipt,989DB2E27C30,2026-01-01
WIOM,001-SAKET,WM-03,Wiom ONT_SY-GPON-2000-WADONT-WHITE,Normal BAU,1,0,0,1,0,0,PCS,ELECTRONICS,,004-ALIGARH,,GRN/2025/3093,,2026-01-22T17:40:38,,WM-03,,,,TR/2425/23,TR/2425/23,2026-01-22T00:00:00,,Closed,,Rahul,Rahul,,,,NOD/2526/7331,SY108053,,0,,2025-10-17T00:00:00,,1950,TO/2025/28,Warehouse,,1,,,,,,,0,0,DEL_CX6147,0,0,0,0,ONT,,,,,,Transfer Receipt,989DB2E2A550,2026-01-01
WIOM,001-SAKET,WM-03,Wiom ONT_SY-GPON-2000-WADONT-WHITE,Normal BAU,1,0,0,1,0,0,PCS,ELECTRONICS,,004-ALIGARH,,GRN/2025/3093,,2026-01-22T17:40:38,,WM-03,,,,TR/2425/23,TR/2425/23,2026-01-22T00:00:00,,Closed,,Rahul,Rahul,,,,NOD/2526/7331,SY108316,,0,,2025-10-17T00:00:00,,1950,TO/2025/28,Warehouse,,1,,,,,,,0,0,DEL_CX6126,0,0,0,0,ONT,,,,,,Transfer Receipt,989DB2E29FF8,2026-01-01
WIOM,001-SAKET,WM-03,Wiom ONT_SY-GPON-2000-WADONT-WHITE,Normal BAU,1,0,0,1,0,0,PCS,ELECTRONICS,,004-ALIGARH,,GRN/2025/3093,,2026-01-22T17:40:38,,WM-03,,,,TR/2425/23,TR/2425/23,2026-01-22T00:00:00,,Closed,,Rahul,Rahul,,,,NOD/2526/7331,SY108470,,0,,2025-10-17T00:00:00,,1950,TO/2025/28,Warehouse,,1,,,,,,,0,0,DEL_CX6130,0,0,0,0,ONT,,,,,,Transfer Receipt,989DB2E2A320,2026-01-01
WIOM,001-SAKET,WM-03,Wiom ONT_SY-GPON-2000-WADONT-WHITE,Normal BAU,1,0,0,1,0,0,PCS,ELECTRONICS,,004-ALIGARH,,GRN/2025/3093,,2026-01-22T17:40:38,,WM-03,,,,TR/2425/23,TR/2425/23,2026-01-22T00:00:00,,Closed,,Rahul,Rahul,,,,NOD/2526/7331,SY108461,,0,,2025-10-17T00:00:00,,1950,TO/2025/28,Warehouse,,1,,,,,,,0,0,DEL_CX6130,0,0,0,0,ONT,,,,,,Transfer Receipt,989DB2E29DF0,2026-01-01
WIOM,001-SAKET,WM-03,Wiom ONT_SY-GPON-2000-WADONT-WHITE,Normal BAU,1,0,0,1,0,0,PCS,ELECTRONICS,,004-ALIGARH,,GRN/2025/3093,,2026-01-22T17:40:38,,WM-03,,,,TR/2425/23,TR/2425/23,2026-01-22T00:00:00,,Closed,,Rahul,Rahul,,,,NOD/2526/7331,SY107857,,0,,2025-10-17T00:00:00,,1950,TO/2025/28,Warehouse,,1,,,,,,,0,0,DEL_CX6129,0,0,0,0,ONT,,,,,,Transfer Receipt,989DB2E28440,2026-01-01
WIOM,001-SAKET,WM-03,Wiom ONT_SY-GPON-2000-WADONT-WHITE,Normal BAU,1,0,0,1,0,0,PCS,ELECTRONICS,,004-ALIGARH,,GRN/2025/3093,,2026-01-22T17:40:38,,WM-03,,,,TR/2425/23,TR/2425/23,2026-01-22T00:00:00,,Closed,,Rahul,Rahul,,,,NOD/2526/7331,SY107860,,0,,2025-10-17T00:00:00,,1950,TO/2025/28,Warehouse,,1,,,,,,,0,0,DEL_CX6129,0,0,0,0,ONT,,,,,,Transfer Receipt,989DB2E28990,2026-01-01
WIOM,001-SAKET,WM-03,Wiom ONT_SY-GPON-2000-WADONT-WHITE,Normal BAU,1,0,0,1,0,0,PCS,ELECTRONICS,,004-ALIGARH,,GRN/2025/3093,,2026-01-22T17:40:38,,WM-03,,,,TR/2425/23,TR/2425/23,2026-01-22T00:00:00,,Closed,,Rahul,Rahul,,,,NOD/2526/7331,SY108056,,0,,2025-10-17T00:00:00,,1950,TO/2025/28,Warehouse,,1,,,,,,,0,0,DEL_CX6147,0,0,0,0,ONT,,,,,,Transfer Receipt,989DB2E2A4C0,2026-01-01
WIOM,001-SAKET,WM-03,Wiom ONT_SY-GPON-2000-WADONT-WHITE,Normal BAU,1,0,0,1,0,0,PCS,ELECTRONICS,,004-ALIGARH,,GRN/2025/3093,,2026-01-22T17:40:38,,WM-03,,,,TR/2425/23,TR/2425/23,2026-01-22T00:00:00,,Closed,,Rahul,Rahul,,,,NOD/2526/7331,SY108050,,0,,2025-10-17T00:00:00,,1950,TO/2025/28,Warehouse,,1,,,,,,,0,0,DEL_CX6147,0,0,0,0,ONT,,,,,,Transfer Receipt,989DB2E29F78,2026-01-01
WIOM,001-SAKET,WM-03,Wiom ONT_SY-GPON-2000-WADONT-WHITE,Normal BAU,1,0,0,1,0,0,PCS,ELECTRONICS,,004-ALIGARH,,GRN/2025/3093,,2026-01-22T17:40:38,,WM-03,,,,TR/2425/23,TR/2425/23,2026-01-22T00:00:00,,Closed,,Rahul,Rahul,,,,NOD/2526/7331,SY108301,,0,,2025-10-17T00:00:00,,1950,TO/2025/28,Warehouse,,1,,,,,,,0,0,DEL_CX6126,0,0,0,0,ONT,,,,,,Transfer Receipt,989DB2E2A4E8,2026-01-01
WIOM,001-SAKET,WM-03,Wiom ONT_SY-GPON-2000-WADONT-WHITE,Normal BAU,1,0,0,1,0,0,PCS,ELECTRONICS,,004-ALIGARH,,GRN/2025/3093,,2026-01-22T17:40:38,,WM-03,,,,TR/2425/23,TR/2425/23,2026-01-22T00:00:00,,Closed,,Rahul,Rahul,,,,NOD/2526/7331,SY108475,,0,,2025-10-17T00:00:00,,1950,TO/2025/28,Warehouse,,1,,,,,,,0,0,DEL_CX6130,0,0,0,0,ONT,,,,,,Transfer Receipt,989DB2E29E08,2026-01-01
WIOM,001-SAKET,WM-03,Wiom ONT_SY-GPON-2000-WADONT-WHITE,Normal BAU,1,0,0,1,0,0,PCS,ELECTRONICS,,004-ALIGARH,,GRN/2025/3093,,2026-01-22T17:40:38,,WM-03,,,,TR/2425/23,TR/2425/23,2026-01-22T00:00:00,,Closed,,Rahul,Rahul,,,,NOD/2526/7331,SY108307,,0,,2025-10-17T00:00:00,,1950,TO/2025/28,Warehouse,,1,,,,,,,0,0,DEL_CX6126,0,0,0,0,ONT,,,,,,Transfer Receipt,989DB2E2A4F8,2026-01-01
WIOM,001-SAKET,WM-03,Wiom ONT_SY-GPON-2000-WADONT-WHITE,Normal BAU,1,0,0,1,0,0,PCS,ELECTRONICS,,004-ALIGARH,,GRN/2025/3093,,2026-01-22T17:40:38,,WM-03,,,,TR/2425/23,TR/2425/23,2026-01-22T00:00:00,,Closed,,Rahul,Rahul,,,,NOD/2526/7331,SY108465,,0,,2025-10-17T00:00:00,,1950,TO/2025/28,Warehouse,,1,,,,,,,0,0,DEL_CX6130,0,0,0,0,ONT,,,,,,Transfer Receipt,989DB2E2A3E8,2026-01-01
WIOM,001-SAKET,WM-03,Wiom ONT_SY-GPON-2000-WADONT-WHITE,Normal BAU,1,0,0,1,0,0,PCS,ELECTRONICS,,004-ALIGARH,,GRN/2025/3093,,2026-01-22T17:40:38,,WM-03,,,,TR/2425/23,TR/2425/23,2026-01-22T00:00:00,,Closed,,Rahul,Rahul,,,,NOD/2526/7331,SY108477,,0,,2025-10-17T00:00:00,,1950,TO/2025/28,Warehouse,,1,,,,,,,0,0,DEL_CX6130,0,0,0,0,ONT,,,,,,Transfer Receipt,989DB2E29F68,2026-01-01
WIOM,001-SAKET,WM-03,Wiom ONT_SY-GPON-2000-WADONT-WHITE,Normal BAU,1,0,0,1,0,0,PCS,ELECTRONICS,,004-ALIGARH,,GRN/2025/3093,,2026-01-22T17:40:38,,WM-03,,,,TR/2425/23,TR/2425/23,2026-01-22T00:00:00,,Closed,,Rahul,Rahul,,,,NOD/2526/7331,SY107856,,0,,2025-10-17T00:00:00,,1950,TO/2025/28,Warehouse,,1,,,,,,,0,0,DEL_CX6129,0,0,0,0,ONT,,,,,,Transfer Receipt,989DB2E285A8,2026-01-01
WIOM,001-SAKET,WM-03,Wiom ONT_SY-GPON-2000-WADONT-WHITE,Normal BAU,1,0,0,1,0,0,PCS,ELECTRONICS,,004-ALIGARH,,GRN/2025/3093,,2026-01-22T17:40:38,,WM-03,,,,TR/2425/23,TR/2425/23,2026-01-22T00:00:00,,Closed,,Rahul,Rahul,,,,NOD/2526/7331,SY108060,,0,,2025-10-17T00:00:00,,1950,TO/2025/28,Warehouse,,1,,,,,,,0,0,DEL_CX6147,0,0,0,0,ONT,,,,,,Transfer Receipt,989DB2E28CB0,2026-01-01
WIOM,001-SAKET,WM-03,Wiom ONT_SY-GPON-2000-WADONT-WHITE,Normal BAU,1,0,0,1,0,0,PCS,ELECTRONICS,,004-ALIGARH,,GRN/2025/3093,,2026-01-22T17:40:38,,WM-03,,,,TR/2425/23,TR/2425/23,2026-01-22T00:00:00,,Closed,,Rahul,Rahul,,,,NOD/2526/7331,SY108052,,0,,2025-10-17T00:00:00,,1950,TO/2025/28,Warehouse,,1,,,,,,,0,0,DEL_CX6147,0,0,0,0,ONT,,,,,,Transfer Receipt,989DB2E2A358,2026-01-01
WIOM,001-SAKET,WM-03,Wiom ONT_SY-GPON-2000-WADONT-WHITE,Normal BAU,1,0,0,1,0,0,PCS,ELECTRONICS,,004-ALIGARH,,GRN/2025/3093,,2026-01-22T17:40:38,,WM-03,,,,TR/2425/23,TR/2425/23,2026-01-22T00:00:00,,Closed,,Rahul,Rahul,,,,NOD/2526/7331,SY108044,,0,,2025-10-17T00:00:00,,1950,TO/2025/28,Warehouse,,1,,,,,,,0,0,DEL_CX6147,0,0,0,0,ONT,,,,,,Transfer Receipt,989DB2E2A420,2026-01-01
WIOM,001-SAKET,WM-03,Wiom ONT_SY-GPON-2000-WADONT-WHITE,Normal BAU,1,0,0,1,0,0,PCS,ELECTRONICS,,004-ALIGARH,,GRN/2025/3093,,2026-01-22T17:40:38,,WM-03,,,,TR/2425/23,TR/2425/23,2026-01-22T00:00:00,,Closed,,Rahul,Rahul,,,,NOD/2526/7331,SY108313,,0,,2025-10-17T00:00:00,,1950,TO/2025/28,Warehouse,,1,,,,,,,0,0,DEL_CX6126,0,0,0,0,ONT,,,,,,Transfer Receipt,989DB2E29480,2026-01-01
WIOM,001-SAKET,WM-03,Wiom ONT_SY-GPON-2000-WADONT-WHITE,Normal BAU,1,0,0,1,0,0,PCS,ELECTRONICS,,004-ALIGARH,,GRN/2025/3093,,2026-01-22T17:40:38,,WM-03,,,,TR/2425/23,TR/2425/23,2026-01-22T00:00:00,,Closed,,Rahul,Rahul,,,,NOD/2526/7331,SY108480,,0,,2025-10-17T00:00:00,,1950,TO/2025/28,Warehouse,,1,,,,,,,0,0,DEL_CX6130,0,0,0,0,ONT,,,,,,Transfer Receipt,989DB2E29CB0,2026-01-01
WIOM,001-SAKET,WM-03,Wiom ONT_SY-GPON-2000-WADONT-WHITE,Normal BAU,1,0,0,1,0,0,PCS,ELECTRONICS,,004-ALIGARH,,GRN/2025/3093,,2026-01-22T17:40:38,,WM-03,,,,TR/2425/23,TR/2425/23,2026-01-22T00:00:00,,Closed,,Rahul,Rahul,,,,NOD/2526/7331,SY108473,,0,,2025-10-17T00:00:00,,1950,TO/2025/28,Warehouse,,1,,,,,,,0,0,DEL_CX6130,0,0,0,0,ONT,,,,,,Transfer Receipt,989DB2E2A018,2026-01-01
WIOM,001-SAKET,WM-03,Wiom ONT_SY-GPON-2000-WADONT-WHITE,Normal BAU,1,0,0,1,0,0,PCS,ELECTRONICS,,004-ALIGARH,,GRN/2025/3093,,2026-01-22T17:40:38,,WM-03,,,,TR/2425/23,TR/2425/23,2026-01-22T00:00:00,,Closed,,Rahul,Rahul,,,,NOD/2526/7331,SY107841,,0,,2025-10-17T00:00:00,,1950,TO/2025/28,Warehouse,,1,,,,,,,0,0,DEL_CX6129,0,0,0,0,ONT,,,,,,Transfer Receipt,989DB2E28BB8,2026-01-01
WIOM,001-SAKET,WM-03,Wiom ONT_SY-GPON-2000-WADONT-WHITE,Normal BAU,1,0,0,1,0,0,PCS,ELECTRONICS,,004-ALIGARH,,GRN/2025/3093,,2026-01-22T17:40:38,,WM-03,,,,TR/2425/23,TR/2425/23,2026-01-22T00:00:00,,Closed,,Rahul,Rahul,,,,NOD/2526/7331,SY108319,,0,,2025-10-17T00:00:00,,1950,TO/2025/28,Warehouse,,1,,,,,,,0,0,DEL_CX6126,0,0,0,0,ONT,,,,,,Transfer Receipt,989DB2E280D8,2026-01-01
WIOM,001-SAKET,WM-03,Wiom ONT_SY-GPON-2000-WADONT-WHITE,Normal BAU,1,0,0,1,0,0,PCS,ELECTRONICS,,004-ALIGARH,,GRN/2025/3093,,2026-01-22T17:40:38,,WM-03,,,,TR/2425/23,TR/2425/23,2026-01-22T00:00:00,,Closed,,Rahul,Rahul,,,,NOD/2526/7331,SY107844,,0,,2025-10-17T00:00:00,,1950,TO/2025/28,Warehouse,,1,,,,,,,0,0,DEL_CX6129,0,0,0,0,ONT,,,,,,Transfer Receipt,989DB2E295C8,2026-01-01
WIOM,001-SAKET,WM-03,Wiom ONT_SY-GPON-2000-WADONT-WHITE,Normal BAU,1,0,0,1,0,0,PCS,ELECTRONICS,,004-ALIGARH,,GRN/2025/3093,,2026-01-22T17:40:38,,WM-03,,,,TR/2425/23,TR/2425/23,2026-01-22T00:00:00,,Closed,,Rahul,Rahul,,,,NOD/2526/7331,SY107845,,0,,2025-10-17T00:00:00,,1950,TO/2025/28,Warehouse,,1,,,,,,,0,0,DEL_CX6129,0,0,0,0,ONT,,,,,,Transfer Receipt,989DB2E29550,2026-01-01
WIOM,001-SAKET,WM-03,Wiom ONT_SY-GPON-2000-WADONT-WHITE,Normal BAU,1,0,0,1,0,0,PCS,ELECTRONICS,,004-ALIGARH,,GRN/2025/3093,,2026-01-22T17:40:38,,WM-03,,,,TR/2425/23,TR/2425/23,2026-01-22T00:00:00,,Closed,,Rahul,Rahul,,,,NOD/2526/7331,SY107846,,0,,2025-10-17T00:00:00,,1950,TO/2025/28,Warehouse,,1,,,,,,,0,0,DEL_CX6129,0,0,0,0,ONT,,,,,,Transfer Receipt,989DB2E29348,2026-01-01
WIOM,001-SAKET,WM-03,Wiom ONT_SY-GPON-2000-WADONT-WHITE,Normal BAU,1,0,0,1,0,0,PCS,ELECTRONICS,,004-ALIGARH,,GRN/2025/3093,,2026-01-22T17:40:38,,WM-03,,,,TR/2425/23,TR/2425/23,2026-01-22T00:00:00,,Closed,,Rahul,Rahul,,,,NOD/2526/7331,SY107849,,0,,2025-10-17T00:00:00,,1950,TO/2025/28,Warehouse,,1,,,,,,,0,0,DEL_CX6129,0,0,0,0,ONT,,,,,,Transfer Receipt,989DB2E28A68,2026-01-01
WIOM,001-SAKET,WM-03,Wiom ONT_SY-GPON-2000-WADONT-WHITE,Normal BAU,1,0,0,1,0,0,PCS,ELECTRONICS,,004-ALIGARH,,GRN/2025/3093,,2026-01-22T17:40:38,,WM-03,,,,TR/2425/23,TR/2425/23,2026-01-22T00:00:00,,Closed,,Rahul,Rahul,,,,NOD/2526/7331,SY107852,,0,,2025-10-17T00:00:00,,1950,TO/2025/28,Warehouse,,1,,,,,,,0,0,DEL_CX6129,0,0,0,0,ONT,,,,,,Transfer Receipt,989DB2E29588,2026-01-01
WIOM,001-SAKET,WM-03,Wiom ONT_SY-GPON-2000-WADONT-WHITE,Normal BAU,1,0,0,1,0,0,PCS,ELECTRONICS,,004-ALIGARH,,GRN/2025/3093,,2026-01-22T17:40:38,,WM-03,,,,TR/2425/23,TR/2425/23,2026-01-22T00:00:00,,Closed,,Rahul,Rahul,,,,NOD/2526/7331,SY107851,,0,,2025-10-17T00:00:00,,1950,TO/2025/28,Warehouse,,1,,,,,,,0,0,DEL_CX6129,0,0,0,0,ONT,,,,,,Transfer Receipt,989DB2E295A0,2026-01-01
WIOM,001-SAKET,WM-03,Wiom ONT_SY-GPON-2000-WADONT-WHITE,Normal BAU,1,0,0,1,0,0,PCS,ELECTRONICS,,004-ALIGARH,,GRN/2025/3093,,2026-01-22T17:40:38,,WM-03,,,,TR/2425/23,TR/2425/23,2026-01-22T00:00:00,,Closed,,Rahul,Rahul,,,,NOD/2526/7331,SY107850,,0,,2025-10-17T00:00:00,,1950,TO/2025/28,Warehouse,,1,,,,,,,0,0,DEL_CX6129,0,0,0,0,ONT,,,,,,Transfer Receipt,989DB2E28A70,2026-01-01
WIOM,001-SAKET,WM-03,Wiom ONT_SY-GPON-2000-WADONT-WHITE,Normal BAU,1,0,0,1,0,0,PCS,ELECTRONICS,,004-ALIGARH,,GRN/2025/3093,,2026-01-22T17:40:38,,WM-03,,,,TR/2425/23,TR/2425/23,2026-01-22T00:00:00,,Closed,,Rahul,Rahul,,,,NOD/2526/7331,SY107853,,0,,2025-10-17T00:00:00,,1950,TO/2025/28,Warehouse,,1,,,,,,,0,0,DEL_CX6129,0,0,0,0,ONT,,,,,,Transfer Receipt,989DB2E29590,2026-01-01
WIOM,001-SAKET,WM-03,Wiom ONT_SY-GPON-2000-WADONT-WHITE,Normal BAU,1,0,0,1,0,0,PCS,ELECTRONICS,,004-ALIGARH,,GRN/2025/3093,,2026-01-22T17:40:38,,WM-03,,,,TR/2425/23,TR/2425/23,2026-01-22T00:00:00,,Closed,,Rahul,Rahul,,,,NOD/2526/7331,SY107847,,0,,2025-10-17T00:00:00,,1950,TO/2025/28,Warehouse,,1,,,,,,,0,0,DEL_CX6129,0,0,0,0,ONT,,,,,,Transfer Receipt,989DB2E28A50,2026-01-01
WIOM,001-SAKET,WM-03,Wiom ONT_SY-GPON-2000-WADONT-WHITE,Normal BAU,1,0,0,1,0,0,PCS,ELECTRONICS,,004-ALIGARH,,GRN/2025/3093,,2026-01-22T17:40:38,,WM-03,,,,TR/2425/23,TR/2425/23,2026-01-22T00:00:00,,Closed,,Rahul,Rahul,,,,NOD/2526/7331,SY107858,,0,,2025-10-17T00:00:00,,1950,TO/2025/28,Warehouse,,1,,,,,,,0,0,DEL_CX6129,0,0,0,0,ONT,,,,,,Transfer Receipt,989DB2E284F8,2026-01-01
WIOM,001-SAKET,WM-03,Wiom ONT_SY-GPON-2000-WADONT-WHITE,Normal BAU,1,0,0,1,0,0,PCS,ELECTRONICS,,004-ALIGARH,,GRN/2025/3093,,2026-01-22T17:40:38,,WM-03,,,,TR/2425/23,TR/2425/23,2026-01-22T00:00:00,,Closed,,Rahul,Rahul,,,,NOD/2526/7331,SY107859,,0,,2025-10-17T00:00:00,,1950,TO/2025/28,Warehouse,,1,,,,,,,0,0,DEL_CX6129,0,0,0,0,ONT,,,,,,Transfer Receipt,989DB2E29610,2026-01-01
WIOM,001-SAKET,WM-03,Wiom ONT_SY-GPON-2000-WADONT-WHITE,Normal BAU,1,0,0,1,0,0,PCS,ELECTRONICS,,004-ALIGARH,,GRN/2025/3093,,2026-01-22T17:40:38,,WM-03,,,,TR/2425/23,TR/2425/23,2026-01-22T00:00:00,,Closed,,Rahul,Rahul,,,,NOD/2526/7331,SY107855,,0,,2025-10-17T00:00:00,,1950,TO/2025/28,Warehouse,,1,,,,,,,0,0,DEL_CX6129,0,0,0,0,ONT,,,,,,Transfer Receipt,989DB2E27B60,2026-01-01
WIOM,001-SAKET,WM-03,Wiom ONT_SY-GPON-2000-WADONT-WHITE,Normal BAU,1,0,0,1,0,0,PCS,ELECTRONICS,,004-ALIGARH,,GRN/2025/3093,,2026-01-22T17:40:38,,WM-03,,,,TR/2425/23,TR/2425/23,2026-01-22T00:00:00,,Closed,,Rahul,Rahul,,,,NOD/2526/7331,SY108041,,0,,2025-10-17T00:00:00,,1950,TO/2025/28,Warehouse,,1,,,,,,,0,0,DEL_CX6147,0,0,0,0,ONT,,,,,,Transfer Receipt,989DB2E2A2B8,2026-01-01
WIOM,001-SAKET,WM-03,Wiom ONT_SY-GPON-2000-WADONT-WHITE,Normal BAU,1,0,0,1,0,0,PCS,ELECTRONICS,,004-ALIGARH,,GRN/2025/3093,,2026-01-22T17:40:38,,WM-03,,,,TR/2425/23,TR/2425/23,2026-01-22T00:00:00,,Closed,,Rahul,Rahul,,,,NOD/2526/7331,SY108042,,0,,2025-10-17T00:00:00,,1950,TO/2025/28,Warehouse,,1,,,,,,,0,0,DEL_CX6147,0,0,0,0,ONT,,,,,,Transfer Receipt,989DB2E2A3F0,2026-01-01
WIOM,001-SAKET,WM-03,Wiom ONT_SY-GPON-2000-WADONT-WHITE,Normal BAU,1,0,0,1,0,0,PCS,ELECTRONICS,,004-ALIGARH,,GRN/2025/3093,,2026-01-22T17:40:38,,WM-03,,,,TR/2425/23,TR/2425/23,2026-01-22T00:00:00,,Closed,,Rahul,Rahul,,,,NOD/2526/7331,SY108047,,0,,2025-10-17T00:00:00,,1950,TO/2025/28,Warehouse,,1,,,,,,,0,0,DEL_CX6147,0,0,0,0,ONT,,,,,,Transfer Receipt,989DB2E2A388,2026-01-01
WIOM,001-SAKET,WM-03,Wiom ONT_SY-GPON-2000-WADONT-WHITE,Normal BAU,1,0,0,1,0,0,PCS,ELECTRONICS,,004-ALIGARH,,GRN/2025/3093,,2026-01-22T17:40:38,,WM-03,,,,TR/2425/23,TR/2425/23,2026-01-22T00:00:00,,Closed,,Rahul,Rahul,,,,NOD/2526/7331,SY108046,,0,,2025-10-17T00:00:00,,1950,TO/2025/28,Warehouse,,1,,,,,,,0,0,DEL_CX6147,0,0,0,0,ONT,,,,,,Transfer Receipt,989DB2E2A488,2026-01-01
WIOM,001-SAKET,WM-03,Wiom ONT_SY-GPON-2000-WADONT-WHITE,Normal BAU,1,0,0,1,0,0,PCS,ELECTRONICS,,004-ALIGARH,,GRN/2025/3093,,2026-01-22T17:40:38,,WM-03,,,,TR/2425/23,TR/2425/23,2026-01-22T00:00:00,,Closed,,Rahul,Rahul,,,,NOD/2526/7331,SY108048,,0,,2025-10-17T00:00:00,,1950,TO/2025/28,Warehouse,,1,,,,,,,0,0,DEL_CX6147,0,0,0,0,ONT,,,,,,Transfer Receipt,989DB2E2A370,2026-01-01
WIOM,001-SAKET,WM-03,Wiom ONT_SY-GPON-2000-WADONT-WHITE,Normal BAU,1,0,0,1,0,0,PCS,ELECTRONICS,,004-ALIGARH,,GRN/2025/3093,,2026-01-22T17:40:38,,WM-03,,,,TR/2425/23,TR/2425/23,2026-01-22T00:00:00,,Closed,,Rahul,Rahul,,,,NOD/2526/7331,SY108049,,0,,2025-10-17T00:00:00,,1950,TO/2025/28,Warehouse,,1,,,,,,,0,0,DEL_CX6147,0,0,0,0,ONT,,,,,,Transfer Receipt,989DB2E29E18,2026-01-01
WIOM,001-SAKET,WM-03,Wiom ONT_SY-GPON-2000-WADONT-WHITE,Normal BAU,1,0,0,1,0,0,PCS,ELECTRONICS,,004-ALIGARH,,GRN/2025/3093,,2026-01-22T17:40:38,,WM-03,,,,TR/2425/23,TR/2425/23,2026-01-22T00:00:00,,Closed,,Rahul,Rahul,,,,NOD/2526/7331,SY108054,,0,,2025-10-17T00:00:00,,1950,TO/2025/28,Warehouse,,1,,,,,,,0,0,DEL_CX6147,0,0,0,0,ONT,,,,,,Transfer Receipt,989DB2E28658,2026-01-01
WIOM,001-SAKET,WM-03,Wiom ONT_SY-GPON-2000-WADONT-WHITE,Normal BAU,1,0,0,1,0,0,PCS,ELECTRONICS,,004-ALIGARH,,GRN/2025/3093,,2026-01-22T17:40:38,,WM-03,,,,TR/2425/23,TR/2425/23,2026-01-22T00:00:00,,Closed,,Rahul,Rahul,,,,NOD/2526/7331,SY108043,,0,,2025-10-17T00:00:00,,1950,TO/2025/28,Warehouse,,1,,,,,,,0,0,DEL_CX6147,0,0,0,0,ONT,,,,,,Transfer Receipt,989DB2E2A450,2026-01-01
WIOM,001-SAKET,WM-03,Wiom ONT_SY-GPON-2000-WADONT-WHITE,Normal BAU,1,0,0,1,0,0,PCS,ELECTRONICS,,004-ALIGARH,,GRN/2025/3093,,2026-01-22T17:40:38,,WM-03,,,,TR/2425/23,TR/2425/23,2026-01-22T00:00:00,,Closed,,Rahul,Rahul,,,,NOD/2526/7331,SY107854,,0,,2025-10-17T00:00:00,,1950,TO/2025/28,Warehouse,,1,,,,,,,0,0,DEL_CX6129,0,0,0,0,ONT,,,,,,Transfer Receipt,989DB2E29580,2026-01-01
WIOM,001-SAKET,WM-03,Wiom ONT_SY-GPON-2000-WADONT-WHITE,Normal BAU,1,0,0,1,0,0,PCS,ELECTRONICS,,004-ALIGARH,,GRN/2025/3093,,2026-01-22T17:40:38,,WM-03,,,,TR/2425/23,TR/2425/23,2026-01-22T00:00:00,,Closed,,Rahul,Rahul,,,,NOD/2526/7331,SY108055,,0,,2025-10-17T00:00:00,,1950,TO/2025/28,Warehouse,,1,,,,,,,0,0,DEL_CX6147,0,0,0,0,ONT,,,,,,Transfer Receipt,989DB2E293D0,2026-01-01
WIOM,001-SAKET,WM-03,Wiom ONT_SY-GPON-2000-WADONT-WHITE,Normal BAU,1,0,0,1,0,0,PCS,ELECTRONICS,,004-ALIGARH,,GRN/2025/3093,,2026-01-22T17:40:38,,WM-03,,,,TR/2425/23,TR/2425/23,2026-01-22T00:00:00,,Closed,,Rahul,Rahul,,,,NOD/2526/7331,SY108051,,0,,2025-10-17T00:00:00,,1950,TO/2025/28,Warehouse,,1,,,,,,,0,0,DEL_CX6147,0,0,0,0,ONT,,,,,,Transfer Receipt,989DB2E29BD0,2026-01-01
WIOM,001-SAKET,WM-03,Wiom ONT_SY-GPON-2000-WADONT-WHITE,Normal BAU,1,0,0,1,0,0,PCS,ELECTRONICS,,004-ALIGARH,,GRN/2025/3093,,2026-01-22T17:40:38,,WM-03,,,,TR/2425/23,TR/2425/23,2026-01-22T00:00:00,,Closed,,Rahul,Rahul,,,,NOD/2526/7331,SY108058,,0,,2025-10-17T00:00:00,,1950,TO/2025/28,Warehouse,,1,,,,,,,0,0,DEL_CX6147,0,0,0,0,ONT,,,,,,Transfer Receipt,989DB2E29750,2026-01-01
WIOM,001-SAKET,WM-03,Wiom ONT_SY-GPON-2000-WADONT-WHITE,Normal BAU,1,0,0,1,0,0,PCS,ELECTRONICS,,004-ALIGARH,,GRN/2025/3093,,2026-01-22T17:40:38,,WM-03,,,,TR/2425/23,TR/2425/23,2026-01-22T00:00:00,,Closed,,Rahul,Rahul,,,,NOD/2526/7331,SY108302,,0,,2025-10-17T00:00:00,,1950,TO/2025/28,Warehouse,,1,,,,,,,0,0,DEL_CX6126,0,0,0,0,ONT,,,,,,Transfer Receipt,989DB2E2A0A0,2026-01-01
WIOM,001-SAKET,WM-03,Wiom ONT_SY-GPON-2000-WADONT-WHITE,Normal BAU,1,0,0,1,0,0,PCS,ELECTRONICS,,004-ALIGARH,,GRN/2025/3093,,2026-01-22T17:40:38,,WM-03,,,,TR/2425/23,TR/2425/23,2026-01-22T00:00:00,,Closed,,Rahul,Rahul,,,,NOD/2526/7331,SY108059,,0,,2025-10-17T00:00:00,,1950,TO/2025/28,Warehouse,,1,,,,,,,0,0,DEL_CX6147,0,0,0,0,ONT,,,,,,Transfer Receipt,989DB2E28DC0,2026-01-01
WIOM,001-SAKET,WM-03,Wiom ONT_SY-GPON-2000-WADONT-WHITE,Normal BAU,1,0,0,1,0,0,PCS,ELECTRONICS,,004-ALIGARH,,GRN/2025/3093,,2026-01-22T17:40:38,,WM-03,,,,TR/2425/23,TR/2425/23,2026-01-22T00:00:00,,Closed,,Rahul,Rahul,,,,NOD/2526/7331,SY107848,,0,,2025-10-17T00:00:00,,1950,TO/2025/28,Warehouse,,1,,,,,,,0,0,DEL_CX6129,0,0,0,0,ONT,,,,,,Transfer Receipt,989DB2E28C90,2026-01-01
WIOM,001-SAKET,WM-03,Wiom ONT_SY-GPON-2000-WADONT-WHITE,Normal BAU,1,0,0,1,0,0,PCS,ELECTRONICS,,004-ALIGARH,,GRN/2025/3093,,2026-01-22T17:40:38,,WM-03,,,,TR/2425/23,TR/2425/23,2026-01-22T00:00:00,,Closed,,Rahul,Rahul,,,,NOD/2526/7331,SY108303,,0,,2025-10-17T00:00:00,,1950,TO/2025/28,Warehouse,,1,,,,,,,0,0,DEL_CX6126,0,0,0,0,ONT,,,,,,Transfer Receipt,989DB2E2A098,2026-01-01
WIOM,001-SAKET,WM-03,Wiom ONT_SY-GPON-2000-WADONT-WHITE,Normal BAU,1,0,0,1,0,0,PCS,ELECTRONICS,,004-ALIGARH,,GRN/2025/3093,,2026-01-22T17:40:38,,WM-03,,,,TR/2425/23,TR/2425/23,2026-01-22T00:00:00,,Closed,,Rahul,Rahul,,,,NOD/2526/7331,SY108304,,0,,2025-10-17T00:00:00,,1950,TO/2025/28,Warehouse,,1,,,,,,,0,0,DEL_CX6126,0,0,0,0,ONT,,,,,,Transfer Receipt,989DB2E2A4B0,2026-01-01
WIOM,001-SAKET,WM-03,Wiom ONT_SY-GPON-2000-WADONT-WHITE,Normal BAU,1,0,0,1,0,0,PCS,ELECTRONICS,,004-ALIGARH,,GRN/2025/3093,,2026-01-22T17:40:38,,WM-03,,,,TR/2425/23,TR/2425/23,2026-01-22T00:00:00,,Closed,,Rahul,Rahul,,,,NOD/2526/7331,SY108309,,0,,2025-10-17T00:00:00,,1950,TO/2025/28,Warehouse,,1,,,,,,,0,0,DEL_CX6126,0,0,0,0,ONT,,,,,,Transfer Receipt,989DB2E28180,2026-01-01
WIOM,001-SAKET,WM-03,Wiom ONT_SY-GPON-2000-WADONT-WHITE,Normal BAU,1,0,0,1,0,0,PCS,ELECTRONICS,,004-ALIGARH,,GRN/2025/3093,,2026-01-22T17:40:38,,WM-03,,,,TR/2425/23,TR/2425/23,2026-01-22T00:00:00,,Closed,,Rahul,Rahul,,,,NOD/2526/7331,SY108305,,0,,2025-10-17T00:00:00,,1950,TO/2025/28,Warehouse,,1,,,,,,,0,0,DEL_CX6126,0,0,0,0,ONT,,,,,,Transfer Receipt,989DB2E280E8,2026-01-01
WIOM,001-SAKET,WM-03,Wiom ONT_SY-GPON-2000-WADONT-WHITE,Normal BAU,1,0,0,1,0,0,PCS,ELECTRONICS,,004-ALIGARH,,GRN/2025/3093,,2026-01-22T17:40:38,,WM-03,,,,TR/2425/23,TR/2425/23,2026-01-22T00:00:00,,Closed,,Rahul,Rahul,,,,NOD/2526/7331,SY108311,,0,,2025-10-17T00:00:00,,1950,TO/2025/28,Warehouse,,1,,,,,,,0,0,DEL_CX6126,0,0,0,0,ONT,,,,,,Transfer Receipt,989DB2E282B0,2026-01-01
WIOM,001-SAKET,WM-03,Wiom ONT_SY-GPON-2000-WADONT-WHITE,Normal BAU,1,0,0,1,0,0,PCS,ELECTRONICS,,004-ALIGARH,,GRN/2025/3093,,2026-01-22T17:40:38,,WM-03,,,,TR/2425/23,TR/2425/23,2026-01-22T00:00:00,,Closed,,Rahul,Rahul,,,,NOD/2526/7331,SY108310,,0,,2025-10-17T00:00:00,,1950,TO/2025/28,Warehouse,,1,,,,,,,0,0,DEL_CX6126,0,0,0,0,ONT,,,,,,Transfer Receipt,989DB2E29CB8,2026-01-01
WIOM,001-SAKET,WM-03,Wiom ONT_SY-GPON-2000-WADONT-WHITE,Normal BAU,1,0,0,1,0,0,PCS,ELECTRONICS,,004-ALIGARH,,GRN/2025/3093,,2026-01-22T17:40:38,,WM-03,,,,TR/2425/23,TR/2425/23,2026-01-22T00:00:00,,Closed,,Rahul,Rahul,,,,NOD/2526/7331,SY108314,,0,,2025-10-17T00:00:00,,1950,TO/2025/28,Warehouse,,1,,,,,,,0,0,DEL_CX6126,0,0,0,0,ONT,,,,,,Transfer Receipt,989DB2E2A490,2026-01-01
WIOM,001-SAKET,WM-03,Wiom ONT_SY-GPON-2000-WADONT-WHITE,Normal BAU,1,0,0,1,0,0,PCS,ELECTRONICS,,004-ALIGARH,,GRN/2025/3093,,2026-01-22T17:40:38,,WM-03,,,,TR/2425/23,TR/2425/23,2026-01-22T00:00:00,,Closed,,Rahul,Rahul,,,,NOD/2526/7331,SY108306,,0,,2025-10-17T00:00:00,,1950,TO/2025/28,Warehouse,,1,,,,,,,0,0,DEL_CX6126,0,0,0,0,ONT,,,,,,Transfer Receipt,989DB2E2A0C0,2026-01-01
WIOM,001-SAKET,WM-03,Wiom ONT_SY-GPON-2000-WADONT-WHITE,Normal BAU,1,0,0,1,0,0,PCS,ELECTRONICS,,004-ALIGARH,,GRN/2025/3093,,2026-01-22T17:40:38,,WM-03,,,,TR/2425/23,TR/2425/23,2026-01-22T00:00:00,,Closed,,Rahul,Rahul,,,,NOD/2526/7331,SY108312,,0,,2025-10-17T00:00:00,,1950,TO/2025/28,Warehouse,,1,,,,,,,0,0,DEL_CX6126,0,0,0,0,ONT,,,,,,Transfer Receipt,989DB2E2A078,2026-01-01
WIOM,001-SAKET,WM-03,Wiom ONT_SY-GPON-2000-WADONT-WHITE,Normal BAU,1,0,0,1,0,0,PCS,ELECTRONICS,,004-ALIGARH,,GRN/2025/3093,,2026-01-22T17:40:38,,WM-03,,,,TR/2425/23,TR/2425/23,2026-01-22T00:00:00,,Closed,,Rahul,Rahul,,,,NOD/2526/7331,SY108315,,0,,2025-10-17T00:00:00,,1950,TO/2025/28,Warehouse,,1,,,,,,,0,0,DEL_CX6126,0,0,0,0,ONT,,,,,,Transfer Receipt,989DB2E2A4B8,2026-01-01
WIOM,001-SAKET,WM-03,Wiom ONT_SY-GPON-2000-WADONT-WHITE,Normal BAU,1,0,0,1,0,0,PCS,ELECTRONICS,,004-ALIGARH,,GRN/2025/3093,,2026-01-22T17:40:38,,WM-03,,,,TR/2425/23,TR/2425/23,2026-01-22T00:00:00,,Closed,,Rahul,Rahul,,,,NOD/2526/7331,SY108317,,0,,2025-10-17T00:00:00,,1950,TO/2025/28,Warehouse,,1,,,,,,,0,0,DEL_CX6126,0,0,0,0,ONT,,,,,,Transfer Receipt,989DB2E2A070,2026-01-01
WIOM,001-SAKET,WM-03,Wiom ONT_SY-GPON-2000-WADONT-WHITE,Normal BAU,1,0,0,1,0,0,PCS,ELECTRONICS,,004-ALIGARH,,GRN/2025/3093,,2026-01-22T17:40:38,,WM-03,,,,TR/2425/23,TR/2425/23,2026-01-22T00:00:00,,Closed,,Rahul,Rahul,,,,NOD/2526/7331,SY108318,,0,,2025-10-17T00:00:00,,1950,TO/2025/28,Warehouse,,1,,,,,,,0,0,DEL_CX6126,0,0,0,0,ONT,,,,,,Transfer Receipt,989DB2E28288,2026-01-01
WIOM,001-SAKET,WM-03,Wiom ONT_SY-GPON-2000-WADONT-WHITE,Normal BAU,1,0,0,1,0,0,PCS,ELECTRONICS,,004-ALIGARH,,GRN/2025/3093,,2026-01-22T17:40:38,,WM-03,,,,TR/2425/23,TR/2425/23,2026-01-22T00:00:00,,Closed,,Rahul,Rahul,,,,NOD/2526/7331,SY108320,,0,,2025-10-17T00:00:00,,1950,TO/2025/28,Warehouse,,1,,,,,,,0,0,DEL_CX6126,0,0,0,0,ONT,,,,,,Transfer Receipt,989DB2E2A058,2026-01-01
WIOM,001-SAKET,WM-03,Wiom ONT_SY-GPON-2000-WADONT-WHITE,Normal BAU,1,0,0,1,0,0,PCS,ELECTRONICS,,004-ALIGARH,,GRN/2025/3093,,2026-01-22T17:40:38,,WM-03,,,,TR/2425/23,TR/2425/23,2026-01-22T00:00:00,,Closed,,Rahul,Rahul,,,,NOD/2526/7331,SY108463,,0,,2025-10-17T00:00:00,,1950,TO/2025/28,Warehouse,,1,,,,,,,0,0,DEL_CX6130,0,0,0,0,ONT,,,,,,Transfer Receipt,989DB2E28170,2026-01-01
WIOM,001-SAKET,WM-03,Wiom ONT_SY-GPON-2000-WADONT-WHITE,Normal BAU,1,0,0,1,0,0,PCS,ELECTRONICS,,004-ALIGARH,,GRN/2025/3093,,2026-01-22T17:40:38,,WM-03,,,,TR/2425/23,TR/2425/23,2026-01-22T00:00:00,,Closed,,Rahul,Rahul,,,,NOD/2526/7331,SY108462,,0,,2025-10-17T00:00:00,,1950,TO/2025/28,Warehouse,,1,,,,,,,0,0,DEL_CX6130,0,0,0,0,ONT,,,,,,Transfer Receipt,989DB2E282E0,2026-01-01
WIOM,001-SAKET,WM-03,Wiom ONT_SY-GPON-2000-WADONT-WHITE,Normal BAU,1,0,0,1,0,0,PCS,ELECTRONICS,,004-ALIGARH,,GRN/2025/3093,,2026-01-22T17:40:38,,WM-03,,,,TR/2425/23,TR/2425/23,2026-01-22T00:00:00,,Closed,,Rahul,Rahul,,,,NOD/2526/7331,SY108466,,0,,2025-10-17T00:00:00,,1950,TO/2025/28,Warehouse,,1,,,,,,,0,0,DEL_CX6130,0,0,0,0,ONT,,,,,,Transfer Receipt,989DB2E2A040,2026-01-01
WIOM,001-SAKET,WM-03,Wiom ONT_SY-GPON-2000-WADONT-WHITE,Normal BAU,1,0,0,1,0,0,PCS,ELECTRONICS,,004-ALIGARH,,GRN/2025/3093,,2026-01-22T17:40:38,,WM-03,,,,TR/2425/23,TR/2425/23,2026-01-22T00:00:00,,Closed,,Rahul,Rahul,,,,NOD/2526/7331,SY108467,,0,,2025-10-17T00:00:00,,1950,TO/2025/28,Warehouse,,1,,,,,,,0,0,DEL_CX6130,0,0,0,0,ONT,,,,,,Transfer Receipt,989DB2E28248,2026-01-01
WIOM,001-SAKET,WM-03,Wiom ONT_SY-GPON-2000-WADONT-WHITE,Normal BAU,1,0,0,1,0,0,PCS,ELECTRONICS,,004-ALIGARH,,GRN/2025/3093,,2026-01-22T17:40:38,,WM-03,,,,TR/2425/23,TR/2425/23,2026-01-22T00:00:00,,Closed,,Rahul,Rahul,,,,NOD/2526/7331,SY108468,,0,,2025-10-17T00:00:00,,1950,TO/2025/28,Warehouse,,1,,,,,,,0,0,DEL_CX6130,0,0,0,0,ONT,,,,,,Transfer Receipt,989DB2E2A0B8,2026-01-01
WIOM,001-SAKET,WM-03,Wiom ONT_SY-GPON-2000-WADONT-WHITE,Normal BAU,1,0,0,1,0,0,PCS,ELECTRONICS,,004-ALIGARH,,GRN/2025/3093,,2026-01-22T17:40:38,,WM-03,,,,TR/2425/23,TR/2425/23,2026-01-22T00:00:00,,Closed,,Rahul,Rahul,,,,NOD/2526/7331,SY108464,,0,,2025-10-17T00:00:00,,1950,TO/2025/28,Warehouse,,1,,,,,,,0,0,DEL_CX6130,0,0,0,0,ONT,,,,,,Transfer Receipt,989DB2E29D80,2026-01-01
WIOM,001-SAKET,WM-03,Wiom ONT_SY-GPON-2000-WADONT-WHITE,Normal BAU,1,0,0,1,0,0,PCS,ELECTRONICS,,004-ALIGARH,,GRN/2025/3093,,2026-01-22T17:40:38,,WM-03,,,,TR/2425/23,TR/2425/23,2026-01-22T00:00:00,,Closed,,Rahul,Rahul,,,,NOD/2526/7331,SY108471,,0,,2025-10-17T00:00:00,,1950,TO/2025/28,Warehouse,,1,,,,,,,0,0,DEL_CX6130,0,0,0,0,ONT,,,,,,Transfer Receipt,989DB2E29DE0,2026-01-01
WIOM,001-SAKET,WM-02,Wiom ONT_GX-Titanium E20/Earth 2022,Normal BAU,1,0,0,1,0,0,PCS,ELECTRONICS,,017-BADAUN,,GRN/2025/3075,,2026-01-21T17:54:55,,WM-02,,,,TR/2425/22,TR/2425/22,2026-01-21T00:00:00,,Closed,,Rahul,Rahul,,,,GX/G/25-26/417,GX127603,,0,,2025-09-05T00:00:00,,2200,TO/2025/25,Warehouse,,1,,,,,,,0,0,DEL_CX4167,0,0,0,0,ONT,,,,,,Transfer Receipt,B486187B25B2,2026-01-01
WIOM,001-SAKET,WM-02,Wiom ONT_GX-Titanium E20/Earth 2022,Normal BAU,1,0,0,1,0,0,PCS,ELECTRONICS,,017-BADAUN,,GRN/2025/3075,,2026-01-21T17:54:55,,WM-02,,,,TR/2425/22,TR/2425/22,2026-01-21T00:00:00,,Closed,,Rahul,Rahul,,,,GX/G/25-26/417,GX127601,,0,,2025-09-05T00:00:00,,2200,TO/2025/25,Warehouse,,1,,,,,,,0,0,DEL_CX4167,0,0,0,0,ONT,,,,,,Transfer Receipt,B486187BAE92,2026-01-01
WIOM,001-SAKET,WM-02,Wiom ONT_GX-Titanium E20/Earth 2022,Normal BAU,1,0,0,1,0,0,PCS,ELECTRONICS,,017-BADAUN,,GRN/2025/3075,,2026-01-21T17:54:55,,WM-02,,,,TR/2425/22,TR/2425/22,2026-01-21T00:00:00,,Closed,,Rahul,Rahul,,,,GX/G/25-26/417,GX127607,,0,,2025-09-05T00:00:00,,2200,TO/2025/25,Warehouse,,1,,,,,,,0,0,DEL_CX4167,0,0,0,0,ONT,,,,,,Transfer Receipt,B486187B83A2,2026-01-01
WIOM,001-SAKET,WM-02,Wiom ONT_GX-Titanium E20/Earth 2022,Normal BAU,1,0,0,1,0,0,PCS,ELECTRONICS,,017-BADAUN,,GRN/2025/3075,,2026-01-21T17:54:55,,WM-02,,,,TR/2425/22,TR/2425/22,2026-01-21T00:00:00,,Closed,,Rahul,Rahul,,,,GX/G/25-26/417,GX127609,,0,,2025-09-05T00:00:00,,2200,TO/2025/25,Warehouse,,1,,,,,,,0,0,DEL_CX4167,0,0,0,0,ONT,,,,,,Transfer Receipt,B486187B8722,2026-01-01
WIOM,001-SAKET,WM-02,Wiom ONT_GX-Titanium E20/Earth 2022,Normal BAU,1,0,0,1,0,0,PCS,ELECTRONICS,,017-BADAUN,,GRN/2025/3075,,2026-01-21T17:54:55,,WM-02,,,,TR/2425/22,TR/2425/22,2026-01-21T00:00:00,,Closed,,Rahul,Rahul,,,,GX/G/25-26/417,GX127833,,0,,2025-09-05T00:00:00,,2200,TO/2025/25,Warehouse,,1,,,,,,,0,0,DEL_CX4167,0,0,0,0,ONT,,,,,,Transfer Receipt,B486187B4992,2026-01-01
WIOM,001-SAKET,WM-02,Wiom ONT_GX-Titanium E20/Earth 2022,Normal BAU,1,0,0,1,0,0,PCS,ELECTRONICS,,017-BADAUN,,GRN/2025/3075,,2026-01-21T17:54:55,,WM-02,,,,TR/2425/22,TR/2425/22,2026-01-21T00:00:00,,Closed,,Rahul,Rahul,,,,GX/G/25-26/417,GX129105,,0,,2025-09-05T00:00:00,,2200,TO/2025/25,Warehouse,,1,,,,,,,0,0,DEL_CX4170,0,0,0,0,ONT,,,,,,Transfer Receipt,B486187C8B02,2026-01-01
WIOM,001-SAKET,WM-02,Wiom ONT_GX-Titanium E20/Earth 2022,Normal BAU,1,0,0,1,0,0,PCS,ELECTRONICS,,017-BADAUN,,GRN/2025/3075,,2026-01-21T17:54:55,,WM-02,,,,TR/2425/22,TR/2425/22,2026-01-21T00:00:00,,Closed,,Rahul,Rahul,,,,GX/G/25-26/417,GX129292,,0,,2025-09-05T00:00:00,,2200,TO/2025/25,Warehouse,,1,,,,,,,0,0,DEL_CX4170,0,0,0,0,ONT,,,,,,Transfer Receipt,B486187C81F2,2026-01-01
WIOM,001-SAKET,WM-02,Wiom ONT_GX-Titanium E20/Earth 2022,Normal BAU,1,0,0,1,0,0,PCS,ELECTRONICS,,017-BADAUN,,GRN/2025/3075,,2026-01-21T17:54:55,,WM-02,,,,TR/2425/22,TR/2425/22,2026-01-21T00:00:00,,Closed,,Rahul,Rahul,,,,GX/G/25-26/417,GX129290,,0,,2025-09-05T00:00:00,,2200,TO/2025/25,Warehouse,,1,,,,,,,0,0,DEL_CX4170,0,0,0,0,ONT,,,,,,Transfer Receipt,B486187980F2,2026-01-01
WIOM,001-SAKET,WM-02,Wiom ONT_GX-Titanium E20/Earth 2022,Normal BAU,1,0,0,1,0,0,PCS,ELECTRONICS,,017-BADAUN,,GRN/2025/3075,,2026-01-21T17:54:55,,WM-02,,,,TR/2425/22,TR/2425/22,2026-01-21T00:00:00,,Closed,,Rahul,Rahul,,,,GX/G/25-26/417,GX129979,,0,,2025-09-05T00:00:00,,2200,TO/2025/25,Warehouse,,1,,,,,,,0,0,DEL_CX4170,0,0,0,0,ONT,,,,,,Transfer Receipt,B486187BC1E2,2026-01-01
WIOM,001-SAKET,WM-02,Wiom ONT_GX-Titanium E20/Earth 2022,Normal BAU,1,0,0,1,0,0,PCS,ELECTRONICS,,017-BADAUN,,GRN/2025/3075,,2026-01-21T17:54:55,,WM-02,,,,TR/2425/22,TR/2425/22,2026-01-21T00:00:00,,Closed,,Rahul,Rahul,,,,GX/G/25-26/398,GX116630,,0,,2025-08-30T00:00:00,,2200,TO/2025/25,Warehouse,,1,,,,,,,0,0,DEL_CX3997,0,0,0,0,ONT,,,,,,Transfer Receipt,B4861879C0B2,2026-01-01
WIOM,001-SAKET,WM-02,Wiom ONT_GX-Titanium E20/Earth 2022,Normal BAU,1,0,0,1,0,0,PCS,ELECTRONICS,,017-BADAUN,,GRN/2025/3075,,2026-01-21T17:54:55,,WM-02,,,,TR/2425/22,TR/2425/22,2026-01-21T00:00:00,,Closed,,Rahul,Rahul,,,,GX/G/25-26/398,GX121873,,0,,2025-08-30T00:00:00,,2200,TO/2025/25,Warehouse,,1,,,,,,,0,0,DEL_CX3997,0,0,0,0,ONT,,,,,,Transfer Receipt,B486187C3972,2026-01-01
WIOM,001-SAKET,WM-02,Wiom ONT_GX-Titanium E20/Earth 2022,Normal BAU,1,0,0,1,0,0,PCS,ELECTRONICS,,017-BADAUN,,GRN/2025/3075,,2026-01-21T17:54:55,,WM-02,,,,TR/2425/22,TR/2425/22,2026-01-21T00:00:00,,Closed,,Rahul,Rahul,,,,GX/G/25-26/417,GX129981,,0,,2025-09-05T00:00:00,,2200,TO/2025/25,Warehouse,,1,,,,,,,0,0,DEL_CX4170,0,0,0,0,ONT,,,,,,Transfer Receipt,B486187942A2,2026-01-01
WIOM,001-SAKET,WM-02,Wiom ONT_GX-Titanium E20/Earth 2022,Normal BAU,1,0,0,1,0,0,PCS,ELECTRONICS,,017-BADAUN,,GRN/2025/3075,,2026-01-21T17:54:55,,WM-02,,,,TR/2425/22,TR/2425/22,2026-01-21T00:00:00,,Closed,,Rahul,Rahul,,,,GX/G/25-26/398,GX124778,,0,,2025-08-30T00:00:00,,2200,TO/2025/25,Warehouse,,1,,,,,,,0,0,DEL_CX3997,0,0,0,0,ONT,,,,,,Transfer Receipt,B486187C6A52,2026-01-01
WIOM,001-SAKET,WM-02,Wiom ONT_GX-Titanium E20/Earth 2022,Normal BAU,1,0,0,1,0,0,PCS,ELECTRONICS,,017-BADAUN,,GRN/2025/3075,,2026-01-21T17:54:55,,WM-02,,,,TR/2425/22,TR/2425/22,2026-01-21T00:00:00,,Closed,,Rahul,Rahul,,,,GX/G/25-26/398,GX124419,,0,,2025-08-30T00:00:00,,2200,TO/2025/25,Warehouse,,1,,,,,,,0,0,DEL_CX3997,0,0,0,0,ONT,,,,,,Transfer Receipt,B486187C5892,2026-01-01
WIOM,001-SAKET,WM-02,Wiom ONT_GX-Titanium E20/Earth 2022,Normal BAU,1,0,0,1,0,0,PCS,ELECTRONICS,,017-BADAUN,,GRN/2025/3075,,2026-01-21T17:54:55,,WM-02,,,,TR/2425/22,TR/2425/22,2026-01-21T00:00:00,,Closed,,Rahul,Rahul,,,,GX/G/25-26/398,GX124933,,0,,2025-08-30T00:00:00,,2200,TO/2025/25,Warehouse,,1,,,,,,,0,0,DEL_CX3997,0,0,0,0,ONT,,,,,,Transfer Receipt,B486187C2792,2026-01-01
WIOM,001-SAKET,WM-02,Wiom ONT_GX-Titanium E20/Earth 2022,Normal BAU,1,0,0,1,0,0,PCS,ELECTRONICS,,017-BADAUN,,GRN/2025/3075,,2026-01-21T17:54:55,,WM-02,,,,TR/2425/22,TR/2425/22,2026-01-21T00:00:00,,Closed,,Rahul,Rahul,,,,GX/G/25-26/398,GX125735,,0,,2025-08-30T00:00:00,,2200,TO/2025/25,Warehouse,,1,,,,,,,0,0,DEL_CX3997,0,0,0,0,ONT,,,,,,Transfer Receipt,B486187BDBE2,2026-01-01
WIOM,001-SAKET,WM-02,Wiom ONT_GX-Titanium E20/Earth 2022,Normal BAU,1,0,0,1,0,0,PCS,ELECTRONICS,,017-BADAUN,,GRN/2025/3075,,2026-01-21T17:54:55,,WM-02,,,,TR/2425/22,TR/2425/22,2026-01-21T00:00:00,,Closed,,Rahul,Rahul,,,,GX/G/25-26/417,GX126814,,0,,2025-09-05T00:00:00,,2200,TO/2025/25,Warehouse,,1,,,,,,,0,0,DEL_CX4170,0,0,0,0,ONT,,,,,,Transfer Receipt,B486187A3752,2026-01-01
WIOM,001-SAKET,WM-02,Wiom ONT_GX-Titanium E20/Earth 2022,Normal BAU,1,0,0,1,0,0,PCS,ELECTRONICS,,017-BADAUN,,GRN/2025/3075,,2026-01-21T17:54:55,,WM-02,,,,TR/2425/22,TR/2425/22,2026-01-21T00:00:00,,Closed,,Rahul,Rahul,,,,GX/G/25-26/417,GX127351,,0,,2025-09-05T00:00:00,,2200,TO/2025/25,Warehouse,,1,,,,,,,0,0,DEL_CX4167,0,0,0,0,ONT,,,,,,Transfer Receipt,B486187AB4C2,2026-01-01
WIOM,001-SAKET,WM-02,Wiom ONT_GX-Titanium E20/Earth 2022,Normal BAU,1,0,0,1,0,0,PCS,ELECTRONICS,,017-BADAUN,,GRN/2025/3075,,2026-01-21T17:54:55,,WM-02,,,,TR/2425/22,TR/2425/22,2026-01-21T00:00:00,,Closed,,Rahul,Rahul,,,,GX/G/25-26/417,GX127304,,0,,2025-09-05T00:00:00,,2200,TO/2025/25,Warehouse,,1,,,,,,,0,0,DEL_CX4167,0,0,0,0,ONT,,,,,,Transfer Receipt,B486187C69C2,2026-01-01
WIOM,001-SAKET,WM-02,Wiom ONT_GX-Titanium E20/Earth 2022,Normal BAU,1,0,0,1,0,0,PCS,ELECTRONICS,,017-BADAUN,,GRN/2025/3075,,2026-01-21T17:54:55,,WM-02,,,,TR/2425/22,TR/2425/22,2026-01-21T00:00:00,,Closed,,Rahul,Rahul,,,,GX/G/25-26/417,GX127559,,0,,2025-09-05T00:00:00,,2200,TO/2025/25,Warehouse,,1,,,,,,,0,0,DEL_CX4167,0,0,0,0,ONT,,,,,,Transfer Receipt,B486187B3F12,2026-01-01
WIOM,001-SAKET,WM-02,Wiom ONT_GX-Titanium E20/Earth 2022,Normal BAU,1,0,0,1,0,0,PCS,ELECTRONICS,,017-BADAUN,,GRN/2025/3075,,2026-01-21T17:54:55,,WM-02,,,,TR/2425/22,TR/2425/22,2026-01-21T00:00:00,,Closed,,Rahul,Rahul,,,,GX/G/25-26/417,GX127782,,0,,2025-09-05T00:00:00,,2200,TO/2025/25,Warehouse,,1,,,,,,,0,0,DEL_CX4167,0,0,0,0,ONT,,,,,,Transfer Receipt,B486187BC962,2026-01-01
WIOM,001-SAKET,WM-02,Wiom ONT_GX-Titanium E20/Earth 2022,Normal BAU,1,0,0,1,0,0,PCS,ELECTRONICS,,017-BADAUN,,GRN/2025/3075,,2026-01-21T17:54:55,,WM-02,,,,TR/2425/22,TR/2425/22,2026-01-21T00:00:00,,Closed,,Rahul,Rahul,,,,GX/G/25-26/417,GX127608,,0,,2025-09-05T00:00:00,,2200,TO/2025/25,Warehouse,,1,,,,,,,0,0,DEL_CX4167,0,0,0,0,ONT,,,,,,Transfer Receipt,B486187C6612,2026-01-01
WIOM,001-SAKET,WM-02,Wiom ONT_GX-Titanium E20/Earth 2022,Normal BAU,1,0,0,1,0,0,PCS,ELECTRONICS,,017-BADAUN,,GRN/2025/3075,,2026-01-21T17:54:55,,WM-02,,,,TR/2425/22,TR/2425/22,2026-01-21T00:00:00,,Closed,,Rahul,Rahul,,,,GX/G/25-26/417,GX127783,,0,,2025-09-05T00:00:00,,2200,TO/2025/25,Warehouse,,1,,,,,,,0,0,DEL_CX4167,0,0,0,0,ONT,,,,,,Transfer Receipt,B486187B57E2,2026-01-01
WIOM,001-SAKET,WM-02,Wiom ONT_GX-Titanium E20/Earth 2022,Normal BAU,1,0,0,1,0,0,PCS,ELECTRONICS,,017-BADAUN,,GRN/2025/3075,,2026-01-21T17:54:55,,WM-02,,,,TR/2425/22,TR/2425/22,2026-01-21T00:00:00,,Closed,,Rahul,Rahul,,,,GX/G/25-26/417,GX127824,,0,,2025-09-05T00:00:00,,2200,TO/2025/25,Warehouse,,1,,,,,,,0,0,DEL_CX4167,0,0,0,0,ONT,,,,,,Transfer Receipt,B486187B2E02,2026-01-01
WIOM,001-SAKET,WM-02,Wiom ONT_GX-Titanium E20/Earth 2022,Normal BAU,1,0,0,1,0,0,PCS,ELECTRONICS,,017-BADAUN,,GRN/2025/3075,,2026-01-21T17:54:55,,WM-02,,,,TR/2425/22,TR/2425/22,2026-01-21T00:00:00,,Closed,,Rahul,Rahul,,,,GX/G/25-26/417,GX129089,,0,,2025-09-05T00:00:00,,2200,TO/2025/25,Warehouse,,1,,,,,,,0,0,DEL_CX4170,0,0,0,0,ONT,,,,,,Transfer Receipt,B48618799482,2026-01-01
WIOM,001-SAKET,WM-02,Wiom ONT_GX-Titanium E20/Earth 2022,Normal BAU,1,0,0,1,0,0,PCS,ELECTRONICS,,017-BADAUN,,GRN/2025/3075,,2026-01-21T17:54:55,,WM-02,,,,TR/2425/22,TR/2425/22,2026-01-21T00:00:00,,Closed,,Rahul,Rahul,,,,GX/G/25-26/417,GX129122,,0,,2025-09-05T00:00:00,,2200,TO/2025/25,Warehouse,,1,,,,,,,0,0,DEL_CX4170,0,0,0,0,ONT,,,,,,Transfer Receipt,B486187C5042,2026-01-01
WIOM,001-SAKET,WM-02,Wiom ONT_GX-Titanium E20/Earth 2022,Normal BAU,1,0,0,1,0,0,PCS,ELECTRONICS,,017-BADAUN,,GRN/2025/3075,,2026-01-21T17:54:55,,WM-02,,,,TR/2425/22,TR/2425/22,2026-01-21T00:00:00,,Closed,,Rahul,Rahul,,,,GX/G/25-26/417,GX129289,,0,,2025-09-05T00:00:00,,2200,TO/2025/25,Warehouse,,1,,,,,,,0,0,DEL_CX4170,0,0,0,0,ONT,,,,,,Transfer Receipt,B486187C9112,2026-01-01
WIOM,001-SAKET,WM-02,Wiom ONT_GX-Titanium E20/Earth 2022,Normal BAU,1,0,0,1,0,0,PCS,ELECTRONICS,,017-BADAUN,,GRN/2025/3075,,2026-01-21T17:54:55,,WM-02,,,,TR/2425/22,TR/2425/22,2026-01-21T00:00:00,,Closed,,Rahul,Rahul,,,,GX/G/25-26/417,GX129293,,0,,2025-09-05T00:00:00,,2200,TO/2025/25,Warehouse,,1,,,,,,,0,0,DEL_CX4170,0,0,0,0,ONT,,,,,,Transfer Receipt,B486187C9152,2026-01-01
WIOM,001-SAKET,WM-02,Wiom ONT_GX-Titanium E20/Earth 2022,Normal BAU,1,0,0,1,0,0,PCS,ELECTRONICS,,017-BADAUN,,GRN/2025/3075,,2026-01-21T17:54:55,,WM-02,,,,TR/2425/22,TR/2425/22,2026-01-21T00:00:00,,Closed,,Rahul,Rahul,,,,GX/G/25-26/417,GX129088,,0,,2025-09-05T00:00:00,,2200,TO/2025/25,Warehouse,,1,,,,,,,0,0,DEL_CX4170,0,0,0,0,ONT,,,,,,Transfer Receipt,B486187C8962,2026-01-01
WIOM,001-SAKET,WM-02,Wiom ONT_GX-Titanium E20/Earth 2022,Normal BAU,1,0,0,1,0,0,PCS,ELECTRONICS,,017-BADAUN,,GRN/2025/3075,,2026-01-21T17:54:55,,WM-02,,,,TR/2425/22,TR/2425/22,2026-01-21T00:00:00,,Closed,,Rahul,Rahul,,,,GX/G/25-26/398,GX112845,,0,,2025-08-30T00:00:00,,2200,TO/2025/25,Warehouse,,1,,,,,,,0,0,DEL_CX3997,0,0,0,0,ONT,,,,,,Transfer Receipt,B486187B71D2,2026-01-01
WIOM,001-SAKET,WM-02,Wiom ONT_GX-Titanium E20/Earth 2022,Normal BAU,1,0,0,1,0,0,PCS,ELECTRONICS,,017-BADAUN,,GRN/2025/3075,,2026-01-21T17:54:55,,WM-02,,,,TR/2425/22,TR/2425/22,2026-01-21T00:00:00,,Closed,,Rahul,Rahul,,,,GX/G/25-26/398,GX116072,,0,,2025-08-30T00:00:00,,2200,TO/2025/25,Warehouse,,1,,,,,,,0,0,DEL_CX3997,0,0,0,0,ONT,,,,,,Transfer Receipt,B486187C04B2,2026-01-01
WIOM,001-SAKET,WM-02,Wiom ONT_GX-Titanium E20/Earth 2022,Normal BAU,1,0,0,1,0,0,PCS,ELECTRONICS,,017-BADAUN,,GRN/2025/3075,,2026-01-21T17:54:55,,WM-02,,,,TR/2425/22,TR/2425/22,2026-01-21T00:00:00,,Closed,,Rahul,Rahul,,,,GX/G/25-26/398,GX121783,,0,,2025-08-30T00:00:00,,2200,TO/2025/25,Warehouse,,1,,,,,,,0,0,DEL_CX3997,0,0,0,0,ONT,,,,,,Transfer Receipt,B486187BD872,2026-01-01
WIOM,001-SAKET,WM-02,Wiom ONT_GX-Titanium E20/Earth 2022,Normal BAU,1,0,0,1,0,0,PCS,ELECTRONICS,,017-BADAUN,,GRN/2025/3075,,2026-01-21T17:54:55,,WM-02,,,,TR/2425/22,TR/2425/22,2026-01-21T00:00:00,,Closed,,Rahul,Rahul,,,,GX/G/25-26/398,GX122171,,0,,2025-08-30T00:00:00,,2200,TO/2025/25,Warehouse,,1,,,,,,,0,0,DEL_CX3997,0,0,0,0,ONT,,,,,,Transfer Receipt,B486187B41A2,2026-01-01
WIOM,001-SAKET,WM-02,Wiom ONT_GX-Titanium E20/Earth 2022,Normal BAU,1,0,0,1,0,0,PCS,ELECTRONICS,,017-BADAUN,,GRN/2025/3075,,2026-01-21T17:54:55,,WM-02,,,,TR/2425/22,TR/2425/22,2026-01-21T00:00:00,,Closed,,Rahul,Rahul,,,,GX/G/25-26/398,GX112848,,0,,2025-08-30T00:00:00,,2200,TO/2025/25,Warehouse,,1,,,,,,,0,0,DEL_CX3997,0,0,0,0,ONT,,,,,,Transfer Receipt,B486187BA872,2026-01-01
WIOM,001-SAKET,WM-02,Wiom ONT_GX-Titanium E20/Earth 2022,Normal BAU,1,0,0,1,0,0,PCS,ELECTRONICS,,017-BADAUN,,GRN/2025/3075,,2026-01-21T17:54:55,,WM-02,,,,TR/2425/22,TR/2425/22,2026-01-21T00:00:00,,Closed,,Rahul,Rahul,,,,GX/G/25-26/398,GX121174,,0,,2025-08-30T00:00:00,,2200,TO/2025/25,Warehouse,,1,,,,,,,0,0,DEL_CX3997,0,0,0,0,ONT,,,,,,Transfer Receipt,B486187C5F02,2026-01-01
WIOM,001-SAKET,WM-02,Wiom ONT_GX-Titanium E20/Earth 2022,Normal BAU,1,0,0,1,0,0,PCS,ELECTRONICS,,017-BADAUN,,GRN/2025/3075,,2026-01-21T17:54:55,,WM-02,,,,TR/2425/22,TR/2425/22,2026-01-21T00:00:00,,Closed,,Rahul,Rahul,,,,GX/G/25-26/398,GX124161,,0,,2025-08-30T00:00:00,,2200,TO/2025/25,Warehouse,,1,,,,,,,0,0,DEL_CX3997,0,0,0,0,ONT,,,,,,Transfer Receipt,B486187BFA82,2026-01-01
WIOM,001-SAKET,WM-02,Wiom ONT_GX-Titanium E20/Earth 2022,Normal BAU,1,0,0,1,0,0,PCS,ELECTRONICS,,017-BADAUN,,GRN/2025/3075,,2026-01-21T17:54:55,,WM-02,,,,TR/2425/22,TR/2425/22,2026-01-21T00:00:00,,Closed,,Rahul,Rahul,,,,GX/G/25-26/398,GX124342,,0,,2025-08-30T00:00:00,,2200,TO/2025/25,Warehouse,,1,,,,,,,0,0,DEL_CX3997,0,0,0,0,ONT,,,,,,Transfer Receipt,B48618798F62,2026-01-01
WIOM,001-SAKET,WM-02,Wiom ONT_GX-Titanium E20/Earth 2022,Normal BAU,1,0,0,1,0,0,PCS,ELECTRONICS,,017-BADAUN,,GRN/2025/3075,,2026-01-21T17:54:55,,WM-02,,,,TR/2425/22,TR/2425/22,2026-01-21T00:00:00,,Closed,,Rahul,Rahul,,,,GX/G/25-26/398,GX124651,,0,,2025-08-30T00:00:00,,2200,TO/2025/25,Warehouse,,1,,,,,,,0,0,DEL_CX3997,0,0,0,0,ONT,,,,,,Transfer Receipt,B486187969C2,2026-01-01
WIOM,001-SAKET,WM-02,Wiom ONT_GX-Titanium E20/Earth 2022,Normal BAU,1,0,0,1,0,0,PCS,ELECTRONICS,,017-BADAUN,,GRN/2025/3075,,2026-01-21T17:54:55,,WM-02,,,,TR/2425/22,TR/2425/22,2026-01-21T00:00:00,,Closed,,Rahul,Rahul,,,,GX/G/25-26/398,GX124791,,0,,2025-08-30T00:00:00,,2200,TO/2025/25,Warehouse,,1,,,,,,,0,0,DEL_CX3997,0,0,0,0,ONT,,,,,,Transfer Receipt,B486187C2C62,2026-01-01
WIOM,001-SAKET,WM-02,Wiom ONT_GX-Titanium E20/Earth 2022,Normal BAU,1,0,0,1,0,0,PCS,ELECTRONICS,,017-BADAUN,,GRN/2025/3075,,2026-01-21T17:54:55,,WM-02,,,,TR/2425/22,TR/2425/22,2026-01-21T00:00:00,,Closed,,Rahul,Rahul,,,,GX/G/25-26/398,GX125249,,0,,2025-08-30T00:00:00,,2200,TO/2025/25,Warehouse,,1,,,,,,,0,0,DEL_CX3997,0,0,0,0,ONT,,,,,,Transfer Receipt,B486187B3742,2026-01-01
WIOM,001-SAKET,WM-02,Wiom ONT_GX-Titanium E20/Earth 2022,Normal BAU,1,0,0,1,0,0,PCS,ELECTRONICS,,017-BADAUN,,GRN/2025/3075,,2026-01-21T17:54:55,,WM-02,,,,TR/2425/22,TR/2425/22,2026-01-21T00:00:00,,Closed,,Rahul,Rahul,,,,GX/G/25-26/398,GX125138,,0,,2025-08-30T00:00:00,,2200,TO/2025/25,Warehouse,,1,,,,,,,0,0,DEL_CX3997,0,0,0,0,ONT,,,,,,Transfer Receipt,B486187C2392,2026-01-01
WIOM,001-SAKET,WM-02,Wiom ONT_GX-Titanium E20/Earth 2022,Normal BAU,1,0,0,1,0,0,PCS,ELECTRONICS,,017-BADAUN,,GRN/2025/3075,,2026-01-21T17:54:55,,WM-02,,,,TR/2425/22,TR/2425/22,2026-01-21T00:00:00,,Closed,,Rahul,Rahul,,,,GX/G/25-26/398,GX125254,,0,,2025-08-30T00:00:00,,2200,TO/2025/25,Warehouse,,1,,,,,,,0,0,DEL_CX3997,0,0,0,0,ONT,,,,,,Transfer Receipt,B486187B9772,2026-01-01
WIOM,001-SAKET,WM-02,Wiom ONT_GX-Titanium E20/Earth 2022,Normal BAU,1,0,0,1,0,0,PCS,ELECTRONICS,,017-BADAUN,,GRN/2025/3075,,2026-01-21T17:54:55,,WM-02,,,,TR/2425/22,TR/2425/22,2026-01-21T00:00:00,,Closed,,Rahul,Rahul,,,,GX/G/25-26/417,GX126605,,0,,2025-09-05T00:00:00,,2200,TO/2025/25,Warehouse,,1,,,,,,,0,0,DEL_CX4170,0,0,0,0,ONT,,,,,,Transfer Receipt,B486187C7AF2,2026-01-01
WIOM,001-SAKET,WM-02,Wiom ONT_GX-Titanium E20/Earth 2022,Normal BAU,1,0,0,1,0,0,PCS,ELECTRONICS,,017-BADAUN,,GRN/2025/3075,,2026-01-21T17:54:55,,WM-02,,,,TR/2425/22,TR/2425/22,2026-01-21T00:00:00,,Closed,,Rahul,Rahul,,,,GX/G/25-26/417,GX126595,,0,,2025-09-05T00:00:00,,2200,TO/2025/25,Warehouse,,1,,,,,,,0,0,DEL_CX4170,0,0,0,0,ONT,,,,,,Transfer Receipt,B48618799142,2026-01-01
WIOM,001-SAKET,WM-02,Wiom ONT_GX-Titanium E20/Earth 2022,Normal BAU,1,0,0,1,0,0,PCS,ELECTRONICS,,017-BADAUN,,GRN/2025/3075,,2026-01-21T17:54:55,,WM-02,,,,TR/2425/22,TR/2425/22,2026-01-21T00:00:00,,Closed,,Rahul,Rahul,,,,GX/G/25-26/417,GX126816,,0,,2025-09-05T00:00:00,,2200,TO/2025/25,Warehouse,,1,,,,,,,0,0,DEL_CX4170,0,0,0,0,ONT,,,,,,Transfer Receipt,B486187C7362,2026-01-01
WIOM,001-SAKET,WM-02,Wiom ONT_GX-Titanium E20/Earth 2022,Normal BAU,1,0,0,1,0,0,PCS,ELECTRONICS,,017-BADAUN,,GRN/2025/3075,,2026-01-21T17:54:55,,WM-02,,,,TR/2425/22,TR/2425/22,2026-01-21T00:00:00,,Closed,,Rahul,Rahul,,,,GX/G/25-26/417,GX126832,,0,,2025-09-05T00:00:00,,2200,TO/2025/25,Warehouse,,1,,,,,,,0,0,DEL_CX4170,0,0,0,0,ONT,,,,,,Transfer Receipt,B486187C7972,2026-01-01
WIOM,001-SAKET,WM-02,Wiom ONT_GX-Titanium E20/Earth 2022,Normal BAU,1,0,0,1,0,0,PCS,ELECTRONICS,,017-BADAUN,,GRN/2025/3075,,2026-01-21T17:54:55,,WM-02,,,,TR/2425/22,TR/2425/22,2026-01-21T00:00:00,,Closed,,Rahul,Rahul,,,,GX/G/25-26/417,GX126829,,0,,2025-09-05T00:00:00,,2200,TO/2025/25,Warehouse,,1,,,,,,,0,0,DEL_CX4170,0,0,0,0,ONT,,,,,,Transfer Receipt,B486187C4C42,2026-01-01
WIOM,001-SAKET,WM-02,Wiom ONT_GX-Titanium E20/Earth 2022,Normal BAU,1,0,0,1,0,0,PCS,ELECTRONICS,,017-BADAUN,,GRN/2025/3075,,2026-01-21T17:54:55,,WM-02,,,,TR/2425/22,TR/2425/22,2026-01-21T00:00:00,,Closed,,Rahul,Rahul,,,,GX/G/25-26/417,GX127349,,0,,2025-09-05T00:00:00,,2200,TO/2025/25,Warehouse,,1,,,,,,,0,0,DEL_CX4167,0,0,0,0,ONT,,,,,,Transfer Receipt,B486187B3E72,2026-01-01
WIOM,001-SAKET,WM-02,Wiom ONT_GX-Titanium E20/Earth 2022,Normal BAU,1,0,0,1,0,0,PCS,ELECTRONICS,,017-BADAUN,,GRN/2025/3075,,2026-01-21T17:54:55,,WM-02,,,,TR/2425/22,TR/2425/22,2026-01-21T00:00:00,,Closed,,Rahul,Rahul,,,,GX/G/25-26/417,GX127352,,0,,2025-09-05T00:00:00,,2200,TO/2025/25,Warehouse,,1,,,,,,,0,0,DEL_CX4167,0,0,0,0,ONT,,,,,,Transfer Receipt,B486187AF0F2,2026-01-01
WIOM,001-SAKET,WM-02,Wiom ONT_GX-Titanium E20/Earth 2022,Normal BAU,1,0,0,1,0,0,PCS,ELECTRONICS,,017-BADAUN,,GRN/2025/3075,,2026-01-21T17:54:55,,WM-02,,,,TR/2425/22,TR/2425/22,2026-01-21T00:00:00,,Closed,,Rahul,Rahul,,,,GX/G/25-26/417,GX127353,,0,,2025-09-05T00:00:00,,2200,TO/2025/25,Warehouse,,1,,,,,,,0,0,DEL_CX4167,0,0,0,0,ONT,,,,,,Transfer Receipt,B486187C1982,2026-01-01
WIOM,001-SAKET,WM-02,Wiom ONT_GX-Titanium E20/Earth 2022,Normal BAU,1,0,0,1,0,0,PCS,ELECTRONICS,,017-BADAUN,,GRN/2025/3075,,2026-01-21T17:54:55,,WM-02,,,,TR/2425/22,TR/2425/22,2026-01-21T00:00:00,,Closed,,Rahul,Rahul,,,,GX/G/25-26/417,GX127356,,0,,2025-09-05T00:00:00,,2200,TO/2025/25,Warehouse,,1,,,,,,,0,0,DEL_CX4167,0,0,0,0,ONT,,,,,,Transfer Receipt,B486187B3662,2026-01-01
WIOM,001-SAKET,WM-02,Wiom ONT_GX-Titanium E20/Earth 2022,Normal BAU,1,0,0,1,0,0,PCS,ELECTRONICS,,017-BADAUN,,GRN/2025/3075,,2026-01-21T17:54:55,,WM-02,,,,TR/2425/22,TR/2425/22,2026-01-21T00:00:00,,Closed,,Rahul,Rahul,,,,GX/G/25-26/417,GX129407,,0,,2025-09-05T00:00:00,,2200,TO/2025/25,Warehouse,,1,,,,,,,0,0,DEL_CX4170,0,0,0,0,ONT,,,,,,Transfer Receipt,B486187C4D22,2026-01-01
WIOM,001-SAKET,WM-02,Wiom ONT_GX-Titanium E20/Earth 2022,Normal BAU,1,0,0,1,0,0,PCS,ELECTRONICS,,017-BADAUN,,GRN/2025/3075,,2026-01-21T17:54:55,,WM-02,,,,TR/2425/22,TR/2425/22,2026-01-21T00:00:00,,Closed,,Rahul,Rahul,,,,GX/G/25-26/398,GX125379,,0,,2025-08-30T00:00:00,,2200,TO/2025/25,Warehouse,,1,,,,,,,0,0,DEL_CX3997,0,0,0,0,ONT,,,,,,Transfer Receipt,B486187B9FB2,2026-01-01
WIOM,001-SAKET,WM-02,Wiom ONT_GX-Titanium E20/Earth 2022,Normal BAU,1,0,0,1,0,0,PCS,ELECTRONICS,,017-BADAUN,,GRN/2025/3075,,2026-01-21T17:54:55,,WM-02,,,,TR/2425/22,TR/2425/22,2026-01-21T00:00:00,,Closed,,Rahul,Rahul,,,,GX/G/25-26/417,GX127359,,0,,2025-09-05T00:00:00,,2200,TO/2025/25,Warehouse,,1,,,,,,,0,0,DEL_CX4167,0,0,0,0,ONT,,,,,,Transfer Receipt,B486187A36D2,2026-01-01
WIOM,001-SAKET,WM-02,Wiom ONT_GX-Titanium E20/Earth 2022,Normal BAU,1,0,0,1,0,0,PCS,ELECTRONICS,,017-BADAUN,,GRN/2025/3075,,2026-01-21T17:54:55,,WM-02,,,,TR/2425/22,TR/2425/22,2026-01-21T00:00:00,,Closed,,Rahul,Rahul,,,,GX/G/25-26/417,GX127357,,0,,2025-09-05T00:00:00,,2200,TO/2025/25,Warehouse,,1,,,,,,,0,0,DEL_CX4167,0,0,0,0,ONT,,,,,,Transfer Receipt,B486187B4272,2026-01-01
WIOM,001-SAKET,WM-02,Wiom ONT_GX-Titanium E20/Earth 2022,Normal BAU,1,0,0,1,0,0,PCS,ELECTRONICS,,017-BADAUN,,GRN/2025/3075,,2026-01-21T17:54:55,,WM-02,,,,TR/2425/22,TR/2425/22,2026-01-21T00:00:00,,Closed,,Rahul,Rahul,,,,GX/G/25-26/417,GX127358,,0,,2025-09-05T00:00:00,,2200,TO/2025/25,Warehouse,,1,,,,,,,0,0,DEL_CX4167,0,0,0,0,ONT,,,,,,Transfer Receipt,B486187BEDF2,2026-01-01
WIOM,001-SAKET,WM-02,Wiom ONT_GX-Titanium E20/Earth 2022,Normal BAU,1,0,0,1,0,0,PCS,ELECTRONICS,,017-BADAUN,,GRN/2025/3075,,2026-01-21T17:54:55,,WM-02,,,,TR/2425/22,TR/2425/22,2026-01-21T00:00:00,,Closed,,Rahul,Rahul,,,,GX/G/25-26/417,GX126833,,0,,2025-09-05T00:00:00,,2200,TO/2025/25,Warehouse,,1,,,,,,,0,0,DEL_CX4170,0,0,0,0,ONT,,,,,,Transfer Receipt,B486187AFD52,2026-01-01
WIOM,001-SAKET,WM-02,Wiom ONT_GX-Titanium E20/Earth 2022,Normal BAU,1,0,0,1,0,0,PCS,ELECTRONICS,,017-BADAUN,,GRN/2025/3075,,2026-01-21T17:54:55,,WM-02,,,,TR/2425/22,TR/2425/22,2026-01-21T00:00:00,,Closed,,Rahul,Rahul,,,,GX/G/25-26/417,GX127561,,0,,2025-09-05T00:00:00,,2200,TO/2025/25,Warehouse,,1,,,,,,,0,0,DEL_CX4167,0,0,0,0,ONT,,,,,,Transfer Receipt,B486187BFF22,2026-01-01
WIOM,001-SAKET,WM-02,Wiom ONT_GX-Titanium E20/Earth 2022,Normal BAU,1,0,0,1,0,0,PCS,ELECTRONICS,,017-BADAUN,,GRN/2025/3075,,2026-01-21T17:54:55,,WM-02,,,,TR/2425/22,TR/2425/22,2026-01-21T00:00:00,,Closed,,Rahul,Rahul,,,,GX/G/25-26/417,GX129124,,0,,2025-09-05T00:00:00,,2200,TO/2025/25,Warehouse,,1,,,,,,,0,0,DEL_CX4170,0,0,0,0,ONT,,,,,,Transfer Receipt,B486187C7742,2026-01-01
WIOM,001-SAKET,WM-02,Wiom ONT_GX-Titanium E20/Earth 2022,Normal BAU,1,0,0,1,0,0,PCS,ELECTRONICS,,017-BADAUN,,GRN/2025/3075,,2026-01-21T17:54:55,,WM-02,,,,TR/2425/22,TR/2425/22,2026-01-21T00:00:00,,Closed,,Rahul,Rahul,,,,GX/G/25-26/417,GX126834,,0,,2025-09-05T00:00:00,,2200,TO/2025/25,Warehouse,,1,,,,,,,0,0,DEL_CX4170,0,0,0,0,ONT,,,,,,Transfer Receipt,B486187C9092,2026-01-01
WIOM,001-SAKET,WM-03,Wiom ONT_SY-GPON-2000-WADONT-WHITE,Normal BAU,1,0,0,1,0,0,PCS,ELECTRONICS,,005-BAREILLY,,GRN/2025/3074,,2026-01-21T17:44:35,,WM-03,,,,TR/2425/21,TR/2425/21,2026-01-21T00:00:00,,Closed,,Rahul,Rahul,,,,NOD/2526/7331,SY107706,,0,,2025-10-17T00:00:00,,1950,TO/2025/24,Warehouse,,1,,,,,,,0,0,DEL_CX6132,0,0,0,0,ONT,,,,,,Transfer Receipt,989DB2E299A8,2026-01-01
WIOM,001-SAKET,WM-03,Wiom ONT_SY-GPON-2000-WADONT-WHITE,Normal BAU,1,0,0,1,0,0,PCS,ELECTRONICS,,005-BAREILLY,,GRN/2025/3074,,2026-01-21T17:44:35,,WM-03,,,,TR/2425/21,TR/2425/21,2026-01-21T00:00:00,,Closed,,Rahul,Rahul,,,,NOD/2526/7331,SY107705,,0,,2025-10-17T00:00:00,,1950,TO/2025/24,Warehouse,,1,,,,,,,0,0,DEL_CX6132,0,0,0,0,ONT,,,,,,Transfer Receipt,989DB2E29520,2026-01-01
WIOM,001-SAKET,WM-03,Wiom ONT_SY-GPON-2000-WADONT-WHITE,Normal BAU,1,0,0,1,0,0,PCS,ELECTRONICS,,005-BAREILLY,,GRN/2025/3074,,2026-01-21T17:44:35,,WM-03,,,,TR/2425/21,TR/2425/21,2026-01-21T00:00:00,,Closed,,Rahul,Rahul,,,,NOD/2526/7331,SY107709,,0,,2025-10-17T00:00:00,,1950,TO/2025/24,Warehouse,,1,,,,,,,0,0,DEL_CX6132,0,0,0,0,ONT,,,,,,Transfer Receipt,989DB2E29990,2026-01-01
WIOM,001-SAKET,WM-03,Wiom ONT_SY-GPON-2000-WADONT-WHITE,Normal BAU,1,0,0,1,0,0,PCS,ELECTRONICS,,005-BAREILLY,,GRN/2025/3074,,2026-01-21T17:44:35,,WM-03,,,,TR/2425/21,TR/2425/21,2026-01-21T00:00:00,,Closed,,Rahul,Rahul,,,,NOD/2526/7331,SY107707,,0,,2025-10-17T00:00:00,,1950,TO/2025/24,Warehouse,,1,,,,,,,0,0,DEL_CX6132,0,0,0,0,ONT,,,,,,Transfer Receipt,989DB2E28610,2026-01-01
WIOM,001-SAKET,WM-03,Wiom ONT_SY-GPON-2000-WADONT-WHITE,Normal BAU,1,0,0,1,0,0,PCS,ELECTRONICS,,005-BAREILLY,,GRN/2025/3074,,2026-01-21T17:44:35,,WM-03,,,,TR/2425/21,TR/2425/21,2026-01-21T00:00:00,,Closed,,Rahul,Rahul,,,,NOD/2526/7331,SY107711,,0,,2025-10-17T00:00:00,,1950,TO/2025/24,Warehouse,,1,,,,,,,0,0,DEL_CX6132,0,0,0,0,ONT,,,,,,Transfer Receipt,989DB2E28608,2026-01-01
WIOM,001-SAKET,WM-03,Wiom ONT_SY-GPON-2000-WADONT-WHITE,Normal BAU,1,0,0,1,0,0,PCS,ELECTRONICS,,005-BAREILLY,,GRN/2025/3074,,2026-01-21T17:44:35,,WM-03,,,,TR/2425/21,TR/2425/21,2026-01-21T00:00:00,,Closed,,Rahul,Rahul,,,,NOD/2526/7331,SY107716,,0,,2025-10-17T00:00:00,,1950,TO/2025/24,Warehouse,,1,,,,,,,0,0,DEL_CX6132,0,0,0,0,ONT,,,,,,Transfer Receipt,989DB2E27D78,2026-01-01
WIOM,001-SAKET,WM-03,Wiom ONT_SY-GPON-2000-WADONT-WHITE,Normal BAU,1,0,0,1,0,0,PCS,ELECTRONICS,,005-BAREILLY,,GRN/2025/3074,,2026-01-21T17:44:35,,WM-03,,,,TR/2425/21,TR/2425/21,2026-01-21T00:00:00,,Closed,,Rahul,Rahul,,,,NOD/2526/7331,SY107719,,0,,2025-10-17T00:00:00,,1950,TO/2025/24,Warehouse,,1,,,,,,,0,0,DEL_CX6132,0,0,0,0,ONT,,,,,,Transfer Receipt,989DB2E29260,2026-01-01
WIOM,001-SAKET,WM-03,Wiom ONT_SY-GPON-2000-WADONT-WHITE,Normal BAU,1,0,0,1,0,0,PCS,ELECTRONICS,,005-BAREILLY,,GRN/2025/3074,,2026-01-21T17:44:35,,WM-03,,,,TR/2425/21,TR/2425/21,2026-01-21T00:00:00,,Closed,,Rahul,Rahul,,,,NOD/2526/7331,SY108186,,0,,2025-10-17T00:00:00,,1950,TO/2025/24,Warehouse,,1,,,,,,,0,0,DEL_CX6139,0,0,0,0,ONT,,,,,,Transfer Receipt,989DB2E28968,2026-01-01
WIOM,001-SAKET,WM-03,Wiom ONT_SY-GPON-2000-WADONT-WHITE,Normal BAU,1,0,0,1,0,0,PCS,ELECTRONICS,,005-BAREILLY,,GRN/2025/3074,,2026-01-21T17:44:35,,WM-03,,,,TR/2425/21,TR/2425/21,2026-01-21T00:00:00,,Closed,,Rahul,Rahul,,,,NOD/2526/7331,SY108184,,0,,2025-10-17T00:00:00,,1950,TO/2025/24,Warehouse,,1,,,,,,,0,0,DEL_CX6139,0,0,0,0,ONT,,,,,,Transfer Receipt,989DB2E29620,2026-01-01
WIOM,001-SAKET,WM-03,Wiom ONT_SY-GPON-2000-WADONT-WHITE,Normal BAU,1,0,0,1,0,0,PCS,ELECTRONICS,,005-BAREILLY,,GRN/2025/3074,,2026-01-21T17:44:35,,WM-03,,,,TR/2425/21,TR/2425/21,2026-01-21T00:00:00,,Closed,,Rahul,Rahul,,,,NOD/2526/7331,SY108187,,0,,2025-10-17T00:00:00,,1950,TO/2025/24,Warehouse,,1,,,,,,,0,0,DEL_CX6139,0,0,0,0,ONT,,,,,,Transfer Receipt,989DB2E29600,2026-01-01
WIOM,001-SAKET,WM-03,Wiom ONT_SY-GPON-2000-WADONT-WHITE,Normal BAU,1,0,0,1,0,0,PCS,ELECTRONICS,,005-BAREILLY,,GRN/2025/3074,,2026-01-21T17:44:35,,WM-03,,,,TR/2425/21,TR/2425/21,2026-01-21T00:00:00,,Closed,,Rahul,Rahul,,,,NOD/2526/7331,SY108192,,0,,2025-10-17T00:00:00,,1950,TO/2025/24,Warehouse,,1,,,,,,,0,0,DEL_CX6139,0,0,0,0,ONT,,,,,,Transfer Receipt,989DB2E29398,2026-01-01
WIOM,001-SAKET,WM-03,Wiom ONT_SY-GPON-2000-WADONT-WHITE,Normal BAU,1,0,0,1,0,0,PCS,ELECTRONICS,,005-BAREILLY,,GRN/2025/3074,,2026-01-21T17:44:35,,WM-03,,,,TR/2425/21,TR/2425/21,2026-01-21T00:00:00,,Closed,,Rahul,Rahul,,,,NOD/2526/7331,SY108195,,0,,2025-10-17T00:00:00,,1950,TO/2025/24,Warehouse,,1,,,,,,,0,0,DEL_CX6139,0,0,0,0,ONT,,,,,,Transfer Receipt,989DB2E289E0,2026-01-01
WIOM,001-SAKET,WM-03,Wiom ONT_SY-GPON-2000-WADONT-WHITE,Normal BAU,1,0,0,1,0,0,PCS,ELECTRONICS,,005-BAREILLY,,GRN/2025/3074,,2026-01-21T17:44:35,,WM-03,,,,TR/2425/21,TR/2425/21,2026-01-21T00:00:00,,Closed,,Rahul,Rahul,,,,NOD/2526/7331,SY108199,,0,,2025-10-17T00:00:00,,1950,TO/2025/24,Warehouse,,1,,,,,,,0,0,DEL_CX6139,0,0,0,0,ONT,,,,,,Transfer Receipt,989DB2E28998,2026-01-01
WIOM,001-SAKET,WM-03,Wiom ONT_SY-GPON-2000-WADONT-WHITE,Normal BAU,1,0,0,1,0,0,PCS,ELECTRONICS,,005-BAREILLY,,GRN/2025/3074,,2026-01-21T17:44:35,,WM-03,,,,TR/2425/21,TR/2425/21,2026-01-21T00:00:00,,Closed,,Rahul,Rahul,,,,NOD/2526/7331,SY107702,,0,,2025-10-17T00:00:00,,1950,TO/2025/24,Warehouse,,1,,,,,,,0,0,DEL_CX6132,0,0,0,0,ONT,,,,,,Transfer Receipt,989DB2E299B0,2026-01-01
WIOM,001-SAKET,WM-03,Wiom ONT_SY-GPON-2000-WADONT-WHITE,Normal BAU,1,0,0,1,0,0,PCS,ELECTRONICS,,005-BAREILLY,,GRN/2025/3074,,2026-01-21T17:44:35,,WM-03,,,,TR/2425/21,TR/2425/21,2026-01-21T00:00:00,,Closed,,Rahul,Rahul,,,,NOD/2526/7331,SY107710,,0,,2025-10-17T00:00:00,,1950,TO/2025/24,Warehouse,,1,,,,,,,0,0,DEL_CX6132,0,0,0,0,ONT,,,,,,Transfer Receipt,989DB2E27960,2026-01-01
WIOM,001-SAKET,WM-03,Wiom ONT_SY-GPON-2000-WADONT-WHITE,Normal BAU,1,0,0,1,0,0,PCS,ELECTRONICS,,005-BAREILLY,,GRN/2025/3074,,2026-01-21T17:44:35,,WM-03,,,,TR/2425/21,TR/2425/21,2026-01-21T00:00:00,,Closed,,Rahul,Rahul,,,,NOD/2526/7331,SY107708,,0,,2025-10-17T00:00:00,,1950,TO/2025/24,Warehouse,,1,,,,,,,0,0,DEL_CX6132,0,0,0,0,ONT,,,,,,Transfer Receipt,989DB2E28A18,2026-01-01
WIOM,001-SAKET,WM-03,Wiom ONT_SY-GPON-2000-WADONT-WHITE,Normal BAU,1,0,0,1,0,0,PCS,ELECTRONICS,,005-BAREILLY,,GRN/2025/3074,,2026-01-21T17:44:35,,WM-03,,,,TR/2425/21,TR/2425/21,2026-01-21T00:00:00,,Closed,,Rahul,Rahul,,,,NOD/2526/7331,SY107712,,0,,2025-10-17T00:00:00,,1950,TO/2025/24,Warehouse,,1,,,,,,,0,0,DEL_CX6132,0,0,0,0,ONT,,,,,,Transfer Receipt,989DB2E296A0,2026-01-01
WIOM,001-SAKET,WM-03,Wiom ONT_SY-GPON-2000-WADONT-WHITE,Normal BAU,1,0,0,1,0,0,PCS,ELECTRONICS,,005-BAREILLY,,GRN/2025/3074,,2026-01-21T17:44:35,,WM-03,,,,TR/2425/21,TR/2425/21,2026-01-21T00:00:00,,Closed,,Rahul,Rahul,,,,NOD/2526/7331,SY107714,,0,,2025-10-17T00:00:00,,1950,TO/2025/24,Warehouse,,1,,,,,,,0,0,DEL_CX6132,0,0,0,0,ONT,,,,,,Transfer Receipt,989DB2E29438,2026-01-01
WIOM,001-SAKET,WM-03,Wiom ONT_SY-GPON-2000-WADONT-WHITE,Normal BAU,1,0,0,1,0,0,PCS,ELECTRONICS,,005-BAREILLY,,GRN/2025/3074,,2026-01-21T17:44:35,,WM-03,,,,TR/2425/21,TR/2425/21,2026-01-21T00:00:00,,Closed,,Rahul,Rahul,,,,NOD/2526/7331,SY107715,,0,,2025-10-17T00:00:00,,1950,TO/2025/24,Warehouse,,1,,,,,,,0,0,DEL_CX6132,0,0,0,0,ONT,,,,,,Transfer Receipt,989DB2E29198,2026-01-01
WIOM,001-SAKET,WM-03,Wiom ONT_SY-GPON-2000-WADONT-WHITE,Normal BAU,1,0,0,1,0,0,PCS,ELECTRONICS,,005-BAREILLY,,GRN/2025/3074,,2026-01-21T17:44:35,,WM-03,,,,TR/2425/21,TR/2425/21,2026-01-21T00:00:00,,Closed,,Rahul,Rahul,,,,NOD/2526/7331,SY107717,,0,,2025-10-17T00:00:00,,1950,TO/2025/24,Warehouse,,1,,,,,,,0,0,DEL_CX6132,0,0,0,0,ONT,,,,,,Transfer Receipt,989DB2E28548,2026-01-01
WIOM,001-SAKET,WM-03,Wiom ONT_SY-GPON-2000-WADONT-WHITE,Normal BAU,1,0,0,1,0,0,PCS,ELECTRONICS,,005-BAREILLY,,GRN/2025/3074,,2026-01-21T17:44:35,,WM-03,,,,TR/2425/21,TR/2425/21,2026-01-21T00:00:00,,Closed,,Rahul,Rahul,,,,NOD/2526/7331,SY107720,,0,,2025-10-17T00:00:00,,1950,TO/2025/24,Warehouse,,1,,,,,,,0,0,DEL_CX6132,0,0,0,0,ONT,,,,,,Transfer Receipt,989DB2E289E8,2026-01-01
WIOM,001-SAKET,WM-03,Wiom ONT_SY-GPON-2000-WADONT-WHITE,Normal BAU,1,0,0,1,0,0,PCS,ELECTRONICS,,005-BAREILLY,,GRN/2025/3074,,2026-01-21T17:44:35,,WM-03,,,,TR/2425/21,TR/2425/21,2026-01-21T00:00:00,,Closed,,Rahul,Rahul,,,,NOD/2526/7331,SY107713,,0,,2025-10-17T00:00:00,,1950,TO/2025/24,Warehouse,,1,,,,,,,0,0,DEL_CX6132,0,0,0,0,ONT,,,,,,Transfer Receipt,989DB2E295E8,2026-01-01
WIOM,001-SAKET,WM-03,Wiom ONT_SY-GPON-2000-WADONT-WHITE,Normal BAU,1,0,0,1,0,0,PCS,ELECTRONICS,,005-BAREILLY,,GRN/2025/3074,,2026-01-21T17:44:35,,WM-03,,,,TR/2425/21,TR/2425/21,2026-01-21T00:00:00,,Closed,,Rahul,Rahul,,,,NOD/2526/7331,SY107718,,0,,2025-10-17T00:00:00,,1950,TO/2025/24,Warehouse,,1,,,,,,,0,0,DEL_CX6132,0,0,0,0,ONT,,,,,,Transfer Receipt,989DB2E29540,2026-01-01
WIOM,001-SAKET,WM-03,Wiom ONT_SY-GPON-2000-WADONT-WHITE,Normal BAU,1,0,0,1,0,0,PCS,ELECTRONICS,,005-BAREILLY,,GRN/2025/3074,,2026-01-21T17:44:35,,WM-03,,,,TR/2425/21,TR/2425/21,2026-01-21T00:00:00,,Closed,,Rahul,Rahul,,,,NOD/2526/7331,SY108181,,0,,2025-10-17T00:00:00,,1950,TO/2025/24,Warehouse,,1,,,,,,,0,0,DEL_CX6139,0,0,0,0,ONT,,,,,,Transfer Receipt,989DB2E28B28,2026-01-01
WIOM,001-SAKET,WM-03,Wiom ONT_SY-GPON-2000-WADONT-WHITE,Normal BAU,1,0,0,1,0,0,PCS,ELECTRONICS,,005-BAREILLY,,GRN/2025/3074,,2026-01-21T17:44:35,,WM-03,,,,TR/2425/21,TR/2425/21,2026-01-21T00:00:00,,Closed,,Rahul,Rahul,,,,NOD/2526/7331,SY108182,,0,,2025-10-17T00:00:00,,1950,TO/2025/24,Warehouse,,1,,,,,,,0,0,DEL_CX6139,0,0,0,0,ONT,,,,,,Transfer Receipt,989DB2E28778,2026-01-01
WIOM,001-SAKET,WM-03,Wiom ONT_SY-GPON-2000-WADONT-WHITE,Normal BAU,1,0,0,1,0,0,PCS,ELECTRONICS,,005-BAREILLY,,GRN/2025/3074,,2026-01-21T17:44:35,,WM-03,,,,TR/2425/21,TR/2425/21,2026-01-21T00:00:00,,Closed,,Rahul,Rahul,,,,NOD/2526/7331,SY108185,,0,,2025-10-17T00:00:00,,1950,TO/2025/24,Warehouse,,1,,,,,,,0,0,DEL_CX6139,0,0,0,0,ONT,,,,,,Transfer Receipt,989DB2E295B0,2026-01-01
WIOM,001-SAKET,WM-03,Wiom ONT_SY-GPON-2000-WADONT-WHITE,Normal BAU,1,0,0,1,0,0,PCS,ELECTRONICS,,005-BAREILLY,,GRN/2025/3074,,2026-01-21T17:44:35,,WM-03,,,,TR/2425/21,TR/2425/21,2026-01-21T00:00:00,,Closed,,Rahul,Rahul,,,,NOD/2526/7331,SY108188,,0,,2025-10-17T00:00:00,,1950,TO/2025/24,Warehouse,,1,,,,,,,0,0,DEL_CX6139,0,0,0,0,ONT,,,,,,Transfer Receipt,989DB2E2A360,2026-01-01
WIOM,001-SAKET,WM-03,Wiom ONT_SY-GPON-2000-WADONT-WHITE,Normal BAU,1,0,0,1,0,0,PCS,ELECTRONICS,,005-BAREILLY,,GRN/2025/3074,,2026-01-21T17:44:35,,WM-03,,,,TR/2425/21,TR/2425/21,2026-01-21T00:00:00,,Closed,,Rahul,Rahul,,,,NOD/2526/7331,SY108189,,0,,2025-10-17T00:00:00,,1950,TO/2025/24,Warehouse,,1,,,,,,,0,0,DEL_CX6139,0,0,0,0,ONT,,,,,,Transfer Receipt,989DB2E29390,2026-01-01
WIOM,001-SAKET,WM-03,Wiom ONT_SY-GPON-2000-WADONT-WHITE,Normal BAU,1,0,0,1,0,0,PCS,ELECTRONICS,,005-BAREILLY,,GRN/2025/3074,,2026-01-21T17:44:35,,WM-03,,,,TR/2425/21,TR/2425/21,2026-01-21T00:00:00,,Closed,,Rahul,Rahul,,,,NOD/2526/7331,SY108190,,0,,2025-10-17T00:00:00,,1950,TO/2025/24,Warehouse,,1,,,,,,,0,0,DEL_CX6139,0,0,0,0,ONT,,,,,,Transfer Receipt,989DB2E29C00,2026-01-01
WIOM,001-SAKET,WM-03,Wiom ONT_SY-GPON-2000-WADONT-WHITE,Normal BAU,1,0,0,1,0,0,PCS,ELECTRONICS,,005-BAREILLY,,GRN/2025/3074,,2026-01-21T17:44:35,,WM-03,,,,TR/2425/21,TR/2425/21,2026-01-21T00:00:00,,Closed,,Rahul,Rahul,,,,NOD/2526/7331,SY108191,,0,,2025-10-17T00:00:00,,1950,TO/2025/24,Warehouse,,1,,,,,,,0,0,DEL_CX6139,0,0,0,0,ONT,,,,,,Transfer Receipt,989DB2E289C0,2026-01-01
WIOM,001-SAKET,WM-03,Wiom ONT_SY-GPON-2000-WADONT-WHITE,Normal BAU,1,0,0,1,0,0,PCS,ELECTRONICS,,005-BAREILLY,,GRN/2025/3074,,2026-01-21T17:44:35,,WM-03,,,,TR/2425/21,TR/2425/21,2026-01-21T00:00:00,,Closed,,Rahul,Rahul,,,,NOD/2526/7331,SY108194,,0,,2025-10-17T00:00:00,,1950,TO/2025/24,Warehouse,,1,,,,,,,0,0,DEL_CX6139,0,0,0,0,ONT,,,,,,Transfer Receipt,989DB2E2A088,2026-01-01
WIOM,001-SAKET,WM-03,Wiom ONT_SY-GPON-2000-WADONT-WHITE,Normal BAU,1,0,0,1,0,0,PCS,ELECTRONICS,,005-BAREILLY,,GRN/2025/3074,,2026-01-21T17:44:35,,WM-03,,,,TR/2425/21,TR/2425/21,2026-01-21T00:00:00,,Closed,,Rahul,Rahul,,,,NOD/2526/7331,SY108193,,0,,2025-10-17T00:00:00,,1950,TO/2025/24,Warehouse,,1,,,,,,,0,0,DEL_CX6139,0,0,0,0,ONT,,,,,,Transfer Receipt,989DB2E28DF0,2026-01-01
WIOM,001-SAKET,WM-03,Wiom ONT_SY-GPON-2000-WADONT-WHITE,Normal BAU,1,0,0,1,0,0,PCS,ELECTRONICS,,005-BAREILLY,,GRN/2025/3074,,2026-01-21T17:44:35,,WM-03,,,,TR/2425/21,TR/2425/21,2026-01-21T00:00:00,,Closed,,Rahul,Rahul,,,,NOD/2526/7331,SY108196,,0,,2025-10-17T00:00:00,,1950,TO/2025/24,Warehouse,,1,,,,,,,0,0,DEL_CX6139,0,0,0,0,ONT,,,,,,Transfer Receipt,989DB2E2A278,2026-01-01
WIOM,001-SAKET,WM-03,Wiom ONT_SY-GPON-2000-WADONT-WHITE,Normal BAU,1,0,0,1,0,0,PCS,ELECTRONICS,,005-BAREILLY,,GRN/2025/3074,,2026-01-21T17:44:35,,WM-03,,,,TR/2425/21,TR/2425/21,2026-01-21T00:00:00,,Closed,,Rahul,Rahul,,,,NOD/2526/7331,SY108197,,0,,2025-10-17T00:00:00,,1950,TO/2025/24,Warehouse,,1,,,,,,,0,0,DEL_CX6139,0,0,0,0,ONT,,,,,,Transfer Receipt,989DB2E29BD8,2026-01-01
WIOM,001-SAKET,WM-03,Wiom ONT_SY-GPON-2000-WADONT-WHITE,Normal BAU,1,0,0,1,0,0,PCS,ELECTRONICS,,005-BAREILLY,,GRN/2025/3074,,2026-01-21T17:44:35,,WM-03,,,,TR/2425/21,TR/2425/21,2026-01-21T00:00:00,,Closed,,Rahul,Rahul,,,,NOD/2526/7331,SY108198,,0,,2025-10-17T00:00:00,,1950,TO/2025/24,Warehouse,,1,,,,,,,0,0,DEL_CX6139,0,0,0,0,ONT,,,,,,Transfer Receipt,989DB2E28B98,2026-01-01
WIOM,001-SAKET,WM-03,Wiom ONT_SY-GPON-2000-WADONT-WHITE,Normal BAU,1,0,0,1,0,0,PCS,ELECTRONICS,,005-BAREILLY,,GRN/2025/3074,,2026-01-21T17:44:35,,WM-03,,,,TR/2425/21,TR/2425/21,2026-01-21T00:00:00,,Closed,,Rahul,Rahul,,,,NOD/2526/7331,SY107701,,0,,2025-10-17T00:00:00,,1950,TO/2025/24,Warehouse,,1,,,,,,,0,0,DEL_CX6132,0,0,0,0,ONT,,,,,,Transfer Receipt,989DB2E27CE0,2026-01-01
WIOM,001-SAKET,WM-03,Wiom ONT_SY-GPON-2000-WADONT-WHITE,Normal BAU,1,0,0,1,0,0,PCS,ELECTRONICS,,005-BAREILLY,,GRN/2025/3074,,2026-01-21T17:44:35,,WM-03,,,,TR/2425/21,TR/2425/21,2026-01-21T00:00:00,,Closed,,Rahul,Rahul,,,,NOD/2526/7331,SY108200,,0,,2025-10-17T00:00:00,,1950,TO/2025/24,Warehouse,,1,,,,,,,0,0,DEL_CX6139,0,0,0,0,ONT,,,,,,Transfer Receipt,989DB2E28A00,2026-01-01
WIOM,001-SAKET,WM-03,Wiom ONT_SY-GPON-2000-WADONT-WHITE,Normal BAU,1,0,0,1,0,0,PCS,ELECTRONICS,,005-BAREILLY,,GRN/2025/3074,,2026-01-21T17:44:35,,WM-03,,,,TR/2425/21,TR/2425/21,2026-01-21T00:00:00,,Closed,,Rahul,Rahul,,,,NOD/2526/7331,SY107703,,0,,2025-10-17T00:00:00,,1950,TO/2025/24,Warehouse,,1,,,,,,,0,0,DEL_CX6132,0,0,0,0,ONT,,,,,,Transfer Receipt,989DB2E28628,2026-01-01
WIOM,001-SAKET,WM-03,Wiom ONT_SY-GPON-2000-WADONT-WHITE,Normal BAU,1,0,0,1,0,0,PCS,ELECTRONICS,,005-BAREILLY,,GRN/2025/3074,,2026-01-21T17:44:35,,WM-03,,,,TR/2425/21,TR/2425/21,2026-01-21T00:00:00,,Closed,,Rahul,Rahul,,,,NOD/2526/7331,SY107704,,0,,2025-10-17T00:00:00,,1950,TO/2025/24,Warehouse,,1,,,,,,,0,0,DEL_CX6132,0,0,0,0,ONT,,,,,,Transfer Receipt,989DB2E285F0,2026-01-01
WIOM,001-SAKET,WM-03,Wiom ONT_SY-GPON-2000-WADONT-WHITE,Normal BAU,1,0,0,1,0,0,PCS,ELECTRONICS,,005-BAREILLY,,GRN/2025/3074,,2026-01-21T17:44:35,,WM-03,,,,TR/2425/21,TR/2425/21,2026-01-21T00:00:00,,Closed,,Rahul,Rahul,,,,NOD/2526/7331,SY108183,,0,,2025-10-17T00:00:00,,1950,TO/2025/24,Warehouse,,1,,,,,,,0,0,DEL_CX6139,0,0,0,0,ONT,,,,,,Transfer Receipt,989DB2E2A410,2026-01-01
WIOM,001-SAKET,WM-02,Wiom ONT_GX-Titanium E20/Earth 2022,Normal BAU,1,0,0,1,0,0,PCS,ELECTRONICS,,005-BAREILLY,,GRN/2025/3073,,2026-01-21T17:43:08,,WM-02,,,,TR/2425/20,TR/2425/20,2026-01-21T00:00:00,,Closed,,Rahul,Rahul,,,,GX/G/25-26/380,GX121122,,0,,2025-08-25T00:00:00,,2200,TO/2025/23,Warehouse,,1,,,,,,,0,0,DEL_CX3450,0,0,0,0,ONT,,,,,,Transfer Receipt,B486187BCE42,2026-01-01
WIOM,001-SAKET,WM-02,Wiom ONT_GX-Titanium E20/Earth 2022,Normal BAU,1,0,0,1,0,0,PCS,ELECTRONICS,,005-BAREILLY,,GRN/2025/3073,,2026-01-21T17:43:08,,WM-02,,,,TR/2425/20,TR/2425/20,2026-01-21T00:00:00,,Closed,,Rahul,Rahul,,,,GX/G/25-26/380,GX121159,,0,,2025-08-25T00:00:00,,2200,TO/2025/23,Warehouse,,1,,,,,,,0,0,DEL_CX3450,0,0,0,0,ONT,,,,,,Transfer Receipt,B486187B6982,2026-01-01
WIOM,001-SAKET,WM-02,Wiom ONT_GX-Titanium E20/Earth 2022,Normal BAU,1,0,0,1,0,0,PCS,ELECTRONICS,,005-BAREILLY,,GRN/2025/3073,,2026-01-21T17:43:08,,WM-02,,,,TR/2425/20,TR/2425/20,2026-01-21T00:00:00,,Closed,,Rahul,Rahul,,,,GX/G/25-26/380,GX121306,,0,,2025-08-25T00:00:00,,2200,TO/2025/23,Warehouse,,1,,,,,,,0,0,DEL_CX3450,0,0,0,0,ONT,,,,,,Transfer Receipt,B486187BABD2,2026-01-01
WIOM,001-SAKET,WM-02,Wiom ONT_GX-Titanium E20/Earth 2022,Normal BAU,1,0,0,1,0,0,PCS,ELECTRONICS,,005-BAREILLY,,GRN/2025/3073,,2026-01-21T17:43:08,,WM-02,,,,TR/2425/20,TR/2425/20,2026-01-21T00:00:00,,Closed,,Rahul,Rahul,,,,GX/G/25-26/380,GX121313,,0,,2025-08-25T00:00:00,,2200,TO/2025/23,Warehouse,,1,,,,,,,0,0,DEL_CX3450,0,0,0,0,ONT,,,,,,Transfer Receipt,B486187BBD72,2026-01-01
WIOM,001-SAKET,WM-02,Wiom ONT_GX-Titanium E20/Earth 2022,Normal BAU,1,0,0,1,0,0,PCS,ELECTRONICS,,005-BAREILLY,,GRN/2025/3073,,2026-01-21T17:43:08,,WM-02,,,,TR/2425/20,TR/2425/20,2026-01-21T00:00:00,,Closed,,Rahul,Rahul,,,,GX/G/25-26/380,GX121053,,0,,2025-08-25T00:00:00,,2200,TO/2025/23,Warehouse,,1,,,,,,,0,0,DEL_CX3450,0,0,0,0,ONT,,,,,,Transfer Receipt,B486187AF222,2026-01-01
WIOM,001-SAKET,WM-02,Wiom ONT_GX-Titanium E20/Earth 2022,Normal BAU,1,0,0,1,0,0,PCS,ELECTRONICS,,005-BAREILLY,,GRN/2025/3073,,2026-01-21T17:43:08,,WM-02,,,,TR/2425/20,TR/2425/20,2026-01-21T00:00:00,,Closed,,Rahul,Rahul,,,,GX/G/25-26/380,GX121318,,0,,2025-08-25T00:00:00,,2200,TO/2025/23,Warehouse,,1,,,,,,,0,0,DEL_CX3450,0,0,0,0,ONT,,,,,,Transfer Receipt,B486187C6402,2026-01-01
WIOM,001-SAKET,WM-02,Wiom ONT_GX-Titanium E20/Earth 2022,Normal BAU,1,0,0,1,0,0,PCS,ELECTRONICS,,005-BAREILLY,,GRN/2025/3073,,2026-01-21T17:43:08,,WM-02,,,,TR/2425/20,TR/2425/20,2026-01-21T00:00:00,,Closed,,Rahul,Rahul,,,,GX/G/25-26/380,GX123352,,0,,2025-08-25T00:00:00,,2200,TO/2025/23,Warehouse,,1,,,,,,,0,0,DEL_CX3450,0,0,0,0,ONT,,,,,,Transfer Receipt,B486187AE092,2026-01-01
WIOM,001-SAKET,WM-02,Wiom ONT_GX-Titanium E20/Earth 2022,Normal BAU,1,0,0,1,0,0,PCS,ELECTRONICS,,005-BAREILLY,,GRN/2025/3073,,2026-01-21T17:43:08,,WM-02,,,,TR/2425/20,TR/2425/20,2026-01-21T00:00:00,,Closed,,Rahul,Rahul,,,,GX/G/25-26/380,GX121040,,0,,2025-08-25T00:00:00,,2200,TO/2025/23,Warehouse,,1,,,,,,,0,0,DEL_CX3450,0,0,0,0,ONT,,,,,,Transfer Receipt,B486187B7C22,2026-01-01
WIOM,001-SAKET,WM-02,Wiom ONT_GX-Titanium E20/Earth 2022,Normal BAU,1,0,0,1,0,0,PCS,ELECTRONICS,,005-BAREILLY,,GRN/2025/3073,,2026-01-21T17:43:08,,WM-02,,,,TR/2425/20,TR/2425/20,2026-01-21T00:00:00,,Closed,,Rahul,Rahul,,,,GX/G/25-26/380,GX121308,,0,,2025-08-25T00:00:00,,2200,TO/2025/23,Warehouse,,1,,,,,,,0,0,DEL_CX3450,0,0,0,0,ONT,,,,,,Transfer Receipt,B486187C1872,2026-01-01
WIOM,001-SAKET,WM-02,Wiom ONT_GX-Titanium E20/Earth 2022,Normal BAU,1,0,0,1,0,0,PCS,ELECTRONICS,,005-BAREILLY,,GRN/2025/3073,,2026-01-21T17:43:08,,WM-02,,,,TR/2425/20,TR/2425/20,2026-01-21T00:00:00,,Closed,,Rahul,Rahul,,,,GX/G/25-26/380,GX121314,,0,,2025-08-25T00:00:00,,2200,TO/2025/23,Warehouse,,1,,,,,,,0,0,DEL_CX3450,0,0,0,0,ONT,,,,,,Transfer Receipt,B486187C5432,2026-01-01
WIOM,001-SAKET,WM-02,Wiom ONT_GX-Titanium E20/Earth 2022,Normal BAU,1,0,0,1,0,0,PCS,ELECTRONICS,,005-BAREILLY,,GRN/2025/3073,,2026-01-21T17:43:08,,WM-02,,,,TR/2425/20,TR/2425/20,2026-01-21T00:00:00,,Closed,,Rahul,Rahul,,,,GX/G/25-26/380,GX121315,,0,,2025-08-25T00:00:00,,2200,TO/2025/23,Warehouse,,1,,,,,,,0,0,DEL_CX3450,0,0,0,0,ONT,,,,,,Transfer Receipt,B486187BCDF2,2026-01-01
WIOM,001-SAKET,WM-02,Wiom ONT_GX-Titanium E20/Earth 2022,Normal BAU,1,0,0,1,0,0,PCS,ELECTRONICS,,005-BAREILLY,,GRN/2025/3073,,2026-01-21T17:43:08,,WM-02,,,,TR/2425/20,TR/2425/20,2026-01-21T00:00:00,,Closed,,Rahul,Rahul,,,,GX/G/25-26/380,GX121459,,0,,2025-08-25T00:00:00,,2200,TO/2025/23,Warehouse,,1,,,,,,,0,0,DEL_CX3450,0,0,0,0,ONT,,,,,,Transfer Receipt,B486187BABB2,2026-01-01
WIOM,001-SAKET,WM-02,Wiom ONT_GX-Titanium E20/Earth 2022,Normal BAU,1,0,0,1,0,0,PCS,ELECTRONICS,,005-BAREILLY,,GRN/2025/3073,,2026-01-21T17:43:08,,WM-02,,,,TR/2425/20,TR/2425/20,2026-01-21T00:00:00,,Closed,,Rahul,Rahul,,,,GX/G/25-26/380,GX121462,,0,,2025-08-25T00:00:00,,2200,TO/2025/23,Warehouse,,1,,,,,,,0,0,DEL_CX3450,0,0,0,0,ONT,,,,,,Transfer Receipt,B486187AF6A2,2026-01-01
WIOM,001-SAKET,WM-02,Wiom ONT_GX-Titanium E20/Earth 2022,Normal BAU,1,0,0,1,0,0,PCS,ELECTRONICS,,005-BAREILLY,,GRN/2025/3073,,2026-01-21T17:43:08,,WM-02,,,,TR/2425/20,TR/2425/20,2026-01-21T00:00:00,,Closed,,Rahul,Rahul,,,,GX/G/25-26/380,GX121461,,0,,2025-08-25T00:00:00,,2200,TO/2025/23,Warehouse,,1,,,,,,,0,0,DEL_CX3450,0,0,0,0,ONT,,,,,,Transfer Receipt,B486187B86D2,2026-01-01
WIOM,001-SAKET,WM-02,Wiom ONT_GX-Titanium E20/Earth 2022,Normal BAU,1,0,0,1,0,0,PCS,ELECTRONICS,,005-BAREILLY,,GRN/2025/3073,,2026-01-21T17:43:08,,WM-02,,,,TR/2425/20,TR/2425/20,2026-01-21T00:00:00,,Closed,,Rahul,Rahul,,,,GX/G/25-26/380,GX123350,,0,,2025-08-25T00:00:00,,2200,TO/2025/23,Warehouse,,1,,,,,,,0,0,DEL_CX3450,0,0,0,0,ONT,,,,,,Transfer Receipt,B486187B8092,2026-01-01
WIOM,001-SAKET,WM-02,Wiom ONT_GX-Titanium E20/Earth 2022,Normal BAU,1,0,0,1,0,0,PCS,ELECTRONICS,,005-BAREILLY,,GRN/2025/3073,,2026-01-21T17:43:08,,WM-02,,,,TR/2425/20,TR/2425/20,2026-01-21T00:00:00,,Closed,,Rahul,Rahul,,,,GX/G/25-26/380,GX123428,,0,,2025-08-25T00:00:00,,2200,TO/2025/23,Warehouse,,1,,,,,,,0,0,DEL_CX3450,0,0,0,0,ONT,,,,,,Transfer Receipt,B486187A96A2,2026-01-01
WIOM,001-SAKET,WM-02,Wiom ONT_GX-Titanium E20/Earth 2022,Normal BAU,1,0,0,1,0,0,PCS,ELECTRONICS,,005-BAREILLY,,GRN/2025/3073,,2026-01-21T17:43:08,,WM-02,,,,TR/2425/20,TR/2425/20,2026-01-21T00:00:00,,Closed,,Rahul,Rahul,,,,GX/G/25-26/380,GX121464,,0,,2025-08-25T00:00:00,,2200,TO/2025/23,Warehouse,,1,,,,,,,0,0,DEL_CX3450,0,0,0,0,ONT,,,,,,Transfer Receipt,B486187B6122,2026-01-01
WIOM,001-SAKET,WM-02,Wiom ONT_GX-Titanium E20/Earth 2022,Normal BAU,1,0,0,1,0,0,PCS,ELECTRONICS,,005-BAREILLY,,GRN/2025/3073,,2026-01-21T17:43:08,,WM-02,,,,TR/2425/20,TR/2425/20,2026-01-21T00:00:00,,Closed,,Rahul,Rahul,,,,GX/G/25-26/380,GX121466,,0,,2025-08-25T00:00:00,,2200,TO/2025/23,Warehouse,,1,,,,,,,0,0,DEL_CX3450,0,0,0,0,ONT,,,,,,Transfer Receipt,B486187B3152,2026-01-01
WIOM,001-SAKET,WM-02,Wiom ONT_GX-Titanium E20/Earth 2022,Normal BAU,1,0,0,1,0,0,PCS,ELECTRONICS,,005-BAREILLY,,GRN/2025/3073,,2026-01-21T17:43:08,,WM-02,,,,TR/2425/20,TR/2425/20,2026-01-21T00:00:00,,Closed,,Rahul,Rahul,,,,GX/G/25-26/380,GX121038,,0,,2025-08-25T00:00:00,,2200,TO/2025/23,Warehouse,,1,,,,,,,0,0,DEL_CX3450,0,0,0,0,ONT,,,,,,Transfer Receipt,B486187B8402,2026-01-01
WIOM,001-SAKET,WM-02,Wiom ONT_GX-Titanium E20/Earth 2022,Normal BAU,1,0,0,1,0,0,PCS,ELECTRONICS,,005-BAREILLY,,GRN/2025/3073,,2026-01-21T17:43:08,,WM-02,,,,TR/2425/20,TR/2425/20,2026-01-21T00:00:00,,Closed,,Rahul,Rahul,,,,GX/G/25-26/380,GX123432,,0,,2025-08-25T00:00:00,,2200,TO/2025/23,Warehouse,,1,,,,,,,0,0,DEL_CX3450,0,0,0,0,ONT,,,,,,Transfer Receipt,B486187B9742,2026-01-01
WIOM,001-SAKET,WM-03,Wiom ONT_SY-GPON-2000-WADONT-WHITE,Normal BAU,1,0,0,1,0,0,PCS,ELECTRONICS,,007-FIROZABAD,007-FIROZABAD,GRN/2025/3072,,2026-01-21T17:04:15,,WM-03,,,,TR/2425/19,TR/2425/19,2026-01-21T00:00:00,,Closed,,Rahul,Rahul,,,,NOD/2526/6289,SY104250,,0,,2025-09-18T00:00:00,,1950,TO/2025/21,Warehouse,,1,,,,,,,0,0,DEL_CX4985,0,0,0,0,ONT,,,,,"A K Talkies Chhar Bagh, Ram Nagar",Transfer Receipt,989DB2B65788,2026-01-01
WIOM,001-SAKET,WM-03,Wiom ONT_SY-GPON-2000-WADONT-WHITE,Normal BAU,1,0,0,1,0,0,PCS,ELECTRONICS,,007-FIROZABAD,007-FIROZABAD,GRN/2025/3072,,2026-01-21T17:04:15,,WM-03,,,,TR/2425/19,TR/2425/19,2026-01-21T00:00:00,,Closed,,Rahul,Rahul,,,,NOD/2526/6289,SY104254,,0,,2025-09-18T00:00:00,,1950,TO/2025/21,Warehouse,,1,,,,,,,0,0,DEL_CX4985,0,0,0,0,ONT,,,,,"A K Talkies Chhar Bagh, Ram Nagar",Transfer Receipt,989DB2B645E8,2026-01-01
WIOM,001-SAKET,WM-03,Wiom ONT_SY-GPON-2000-WADONT-WHITE,Normal BAU,1,0,0,1,0,0,PCS,ELECTRONICS,,007-FIROZABAD,007-FIROZABAD,GRN/2025/3072,,2026-01-21T17:04:15,,WM-03,,,,TR/2425/19,TR/2425/19,2026-01-21T00:00:00,,Closed,,Rahul,Rahul,,,,NOD/2526/6289,SY104307,,0,,2025-09-18T00:00:00,,1950,TO/2025/21,Warehouse,,1,,,,,,,0,0,DEL_CX4985,0,0,0,0,ONT,,,,,"A K Talkies Chhar Bagh, Ram Nagar",Transfer Receipt,989DB2B64590,2026-01-01
WIOM,001-SAKET,WM-03,Wiom ONT_SY-GPON-2000-WADONT-WHITE,Normal BAU,1,0,0,1,0,0,PCS,ELECTRONICS,,007-FIROZABAD,007-FIROZABAD,GRN/2025/3072,,2026-01-21T17:04:15,,WM-03,,,,TR/2425/19,TR/2425/19,2026-01-21T00:00:00,,Closed,,Rahul,Rahul,,,,NOD/2526/6289,SY104311,,0,,2025-09-18T00:00:00,,1950,TO/2025/21,Warehouse,,1,,,,,,,0,0,DEL_CX4985,0,0,0,0,ONT,,,,,"A K Talkies Chhar Bagh, Ram Nagar",Transfer Receipt,989DB2B651E0,2026-01-01
WIOM,001-SAKET,WM-03,Wiom ONT_SY-GPON-2000-WADONT-WHITE,Normal BAU,1,0,0,1,0,0,PCS,ELECTRONICS,,007-FIROZABAD,007-FIROZABAD,GRN/2025/3072,,2026-01-21T17:04:15,,WM-03,,,,TR/2425/19,TR/2425/19,2026-01-21T00:00:00,,Closed,,Rahul,Rahul,,,,NOD/2526/6289,SY104303,,0,,2025-09-18T00:00:00,,1950,TO/2025/21,Warehouse,,1,,,,,,,0,0,DEL_CX4985,0,0,0,0,ONT,,,,,"A K Talkies Chhar Bagh, Ram Nagar",Transfer Receipt,989DB2B65300,2026-01-01
WIOM,001-SAKET,WM-03,Wiom ONT_SY-GPON-2000-WADONT-WHITE,Normal BAU,1,0,0,1,0,0,PCS,ELECTRONICS,,007-FIROZABAD,007-FIROZABAD,GRN/2025/3072,,2026-01-21T17:04:15,,WM-03,,,,TR/2425/19,TR/2425/19,2026-01-21T00:00:00,,Closed,,Rahul,Rahul,,,,NOD/2526/6289,SY104319,,0,,2025-09-18T00:00:00,,1950,TO/2025/21,Warehouse,,1,,,,,,,0,0,DEL_CX4985,0,0,0,0,ONT,,,,,"A K Talkies Chhar Bagh, Ram Nagar",Transfer Receipt,989DB2B64B58,2026-01-01
WIOM,001-SAKET,WM-03,Wiom ONT_SY-GPON-2000-WADONT-WHITE,Normal BAU,1,0,0,1,0,0,PCS,ELECTRONICS,,007-FIROZABAD,007-FIROZABAD,GRN/2025/3072,,2026-01-21T17:04:15,,WM-03,,,,TR/2425/19,TR/2425/19,2026-01-21T00:00:00,,Closed,,Rahul,Rahul,,,,NOD/2526/6289,SY104320,,0,,2025-09-18T00:00:00,,1950,TO/2025/21,Warehouse,,1,,,,,,,0,0,DEL_CX4985,0,0,0,0,ONT,,,,,"A K Talkies Chhar Bagh, Ram Nagar",Transfer Receipt,989DB2B64F30,2026-01-01
WIOM,001-SAKET,WM-03,Wiom ONT_SY-GPON-2000-WADONT-WHITE,Normal BAU,1,0,0,1,0,0,PCS,ELECTRONICS,,007-FIROZABAD,007-FIROZABAD,GRN/2025/3072,,2026-01-21T17:04:15,,WM-03,,,,TR/2425/19,TR/2425/19,2026-01-21T00:00:00,,Closed,,Rahul,Rahul,,,,NOD/2526/6289,SY104249,,0,,2025-09-18T00:00:00,,1950,TO/2025/21,Warehouse,,1,,,,,,,0,0,DEL_CX4985,0,0,0,0,ONT,,,,,"A K Talkies Chhar Bagh, Ram Nagar",Transfer Receipt,989DB2B64728,2026-01-01
WIOM,001-SAKET,WM-03,Wiom ONT_SY-GPON-2000-WADONT-WHITE,Normal BAU,1,0,0,1,0,0,PCS,ELECTRONICS,,007-FIROZABAD,007-FIROZABAD,GRN/2025/3072,,2026-01-21T17:04:15,,WM-03,,,,TR/2425/19,TR/2425/19,2026-01-21T00:00:00,,Closed,,Rahul,Rahul,,,,NOD/2526/6289,SY104242,,0,,2025-09-18T00:00:00,,1950,TO/2025/21,Warehouse,,1,,,,,,,0,0,DEL_CX4985,0,0,0,0,ONT,,,,,"A K Talkies Chhar Bagh, Ram Nagar",Transfer Receipt,989DB2B64308,2026-01-01
WIOM,001-SAKET,WM-03,Wiom ONT_SY-GPON-2000-WADONT-WHITE,Normal BAU,1,0,0,1,0,0,PCS,ELECTRONICS,,007-FIROZABAD,007-FIROZABAD,GRN/2025/3072,,2026-01-21T17:04:15,,WM-03,,,,TR/2425/19,TR/2425/19,2026-01-21T00:00:00,,Closed,,Rahul,Rahul,,,,NOD/2526/6289,SY104245,,0,,2025-09-18T00:00:00,,1950,TO/2025/21,Warehouse,,1,,,,,,,0,0,DEL_CX4985,0,0,0,0,ONT,,,,,"A K Talkies Chhar Bagh, Ram Nagar",Transfer Receipt,989DB2B64140,2026-01-01
WIOM,001-SAKET,WM-03,Wiom ONT_SY-GPON-2000-WADONT-WHITE,Normal BAU,1,0,0,1,0,0,PCS,ELECTRONICS,,007-FIROZABAD,007-FIROZABAD,GRN/2025/3072,,2026-01-21T17:04:15,,WM-03,,,,TR/2425/19,TR/2425/19,2026-01-21T00:00:00,,Closed,,Rahul,Rahul,,,,NOD/2526/6289,SY104246,,0,,2025-09-18T00:00:00,,1950,TO/2025/21,Warehouse,,1,,,,,,,0,0,DEL_CX4985,0,0,0,0,ONT,,,,,"A K Talkies Chhar Bagh, Ram Nagar",Transfer Receipt,989DB2B64DD0,2026-01-01
WIOM,001-SAKET,WM-03,Wiom ONT_SY-GPON-2000-WADONT-WHITE,Normal BAU,1,0,0,1,0,0,PCS,ELECTRONICS,,007-FIROZABAD,007-FIROZABAD,GRN/2025/3072,,2026-01-21T17:04:15,,WM-03,,,,TR/2425/19,TR/2425/19,2026-01-21T00:00:00,,Closed,,Rahul,Rahul,,,,NOD/2526/6289,SY104253,,0,,2025-09-18T00:00:00,,1950,TO/2025/21,Warehouse,,1,,,,,,,0,0,DEL_CX4985,0,0,0,0,ONT,,,,,"A K Talkies Chhar Bagh, Ram Nagar",Transfer Receipt,989DB2B645C0,2026-01-01
WIOM,001-SAKET,WM-03,Wiom ONT_SY-GPON-2000-WADONT-WHITE,Normal BAU,1,0,0,1,0,0,PCS,ELECTRONICS,,007-FIROZABAD,007-FIROZABAD,GRN/2025/3072,,2026-01-21T17:04:15,,WM-03,,,,TR/2425/19,TR/2425/19,2026-01-21T00:00:00,,Closed,,Rahul,Rahul,,,,NOD/2526/6289,SY104257,,0,,2025-09-18T00:00:00,,1950,TO/2025/21,Warehouse,,1,,,,,,,0,0,DEL_CX4985,0,0,0,0,ONT,,,,,"A K Talkies Chhar Bagh, Ram Nagar",Transfer Receipt,989DB2B641B0,2026-01-01
WIOM,001-SAKET,WM-03,Wiom ONT_SY-GPON-2000-WADONT-WHITE,Normal BAU,1,0,0,1,0,0,PCS,ELECTRONICS,,007-FIROZABAD,007-FIROZABAD,GRN/2025/3072,,2026-01-21T17:04:15,,WM-03,,,,TR/2425/19,TR/2425/19,2026-01-21T00:00:00,,Closed,,Rahul,Rahul,,,,NOD/2526/6289,SY104258,,0,,2025-09-18T00:00:00,,1950,TO/2025/21,Warehouse,,1,,,,,,,0,0,DEL_CX4985,0,0,0,0,ONT,,,,,"A K Talkies Chhar Bagh, Ram Nagar",Transfer Receipt,989DB2B63F80,2026-01-01
WIOM,001-SAKET,WM-03,Wiom ONT_SY-GPON-2000-WADONT-WHITE,Normal BAU,1,0,0,1,0,0,PCS,ELECTRONICS,,007-FIROZABAD,007-FIROZABAD,GRN/2025/3072,,2026-01-21T17:04:15,,WM-03,,,,TR/2425/19,TR/2425/19,2026-01-21T00:00:00,,Closed,,Rahul,Rahul,,,,NOD/2526/6289,SY104308,,0,,2025-09-18T00:00:00,,1950,TO/2025/21,Warehouse,,1,,,,,,,0,0,DEL_CX4985,0,0,0,0,ONT,,,,,"A K Talkies Chhar Bagh, Ram Nagar",Transfer Receipt,989DB2B65208,2026-01-01
WIOM,001-SAKET,WM-03,Wiom ONT_SY-GPON-2000-WADONT-WHITE,Normal BAU,1,0,0,1,0,0,PCS,ELECTRONICS,,007-FIROZABAD,007-FIROZABAD,GRN/2025/3072,,2026-01-21T17:04:15,,WM-03,,,,TR/2425/19,TR/2425/19,2026-01-21T00:00:00,,Closed,,Rahul,Rahul,,,,NOD/2526/6289,SY104304,,0,,2025-09-18T00:00:00,,1950,TO/2025/21,Warehouse,,1,,,,,,,0,0,DEL_CX4985,0,0,0,0,ONT,,,,,"A K Talkies Chhar Bagh, Ram Nagar",Transfer Receipt,989DB2B65740,2026-01-01
WIOM,001-SAKET,WM-03,Wiom ONT_SY-GPON-2000-WADONT-WHITE,Normal BAU,1,0,0,1,0,0,PCS,ELECTRONICS,,007-FIROZABAD,007-FIROZABAD,GRN/2025/3072,,2026-01-21T17:04:15,,WM-03,,,,TR/2425/19,TR/2425/19,2026-01-21T00:00:00,,Closed,,Rahul,Rahul,,,,NOD/2526/6289,SY104312,,0,,2025-09-18T00:00:00,,1950,TO/2025/21,Warehouse,,1,,,,,,,0,0,DEL_CX4985,0,0,0,0,ONT,,,,,"A K Talkies Chhar Bagh, Ram Nagar",Transfer Receipt,989DB2B645F8,2026-01-01
WIOM,001-SAKET,WM-03,Wiom ONT_SY-GPON-2000-WADONT-WHITE,Normal BAU,1,0,0,1,0,0,PCS,ELECTRONICS,,007-FIROZABAD,007-FIROZABAD,GRN/2025/3072,,2026-01-21T17:04:15,,WM-03,,,,TR/2425/19,TR/2425/19,2026-01-21T00:00:00,,Closed,,Rahul,Rahul,,,,NOD/2526/6289,SY104315,,0,,2025-09-18T00:00:00,,1950,TO/2025/21,Warehouse,,1,,,,,,,0,0,DEL_CX4985,0,0,0,0,ONT,,,,,"A K Talkies Chhar Bagh, Ram Nagar",Transfer Receipt,989DB2B65150,2026-01-01
WIOM,001-SAKET,WM-03,Wiom ONT_SY-GPON-2000-WADONT-WHITE,Normal BAU,1,0,0,1,0,0,PCS,ELECTRONICS,,007-FIROZABAD,007-FIROZABAD,GRN/2025/3072,,2026-01-21T17:04:15,,WM-03,,,,TR/2425/19,TR/2425/19,2026-01-21T00:00:00,,Closed,,Rahul,Rahul,,,,NOD/2526/6289,SY104316,,0,,2025-09-18T00:00:00,,1950,TO/2025/21,Warehouse,,1,,,,,,,0,0,DEL_CX4985,0,0,0,0,ONT,,,,,"A K Talkies Chhar Bagh, Ram Nagar",Transfer Receipt,989DB2B65028,2026-01-01
WIOM,001-SAKET,WM-03,Wiom ONT_SY-GPON-2000-WADONT-WHITE,Normal BAU,1,0,0,1,0,0,PCS,ELECTRONICS,,007-FIROZABAD,007-FIROZABAD,GRN/2025/3072,,2026-01-21T17:04:15,,WM-03,,,,TR/2425/19,TR/2425/19,2026-01-21T00:00:00,,Closed,,Rahul,Rahul,,,,NOD/2526/6289,SY104241,,0,,2025-09-18T00:00:00,,1950,TO/2025/21,Warehouse,,1,,,,,,,0,0,DEL_CX4985,0,0,0,0,ONT,,,,,"A K Talkies Chhar Bagh, Ram Nagar",Transfer Receipt,989DB2B64758,2026-01-01
WIOM,001-SAKET,WM-02,Wiom ONT_GX-Titanium E20/Earth 2022,Normal BAU,1,0,0,1,0,0,PCS,ELECTRONICS,,007-FIROZABAD,007-FIROZABAD,GRN/2025/3071,,2026-01-21T16:59:36,,WM-02,,,,TR/2425/18,TR/2425/18,2026-01-21T00:00:00,,Closed,,Rahul,Rahul,,,,GX/G/25-26/520,GX132607,,0,,2025-10-13T00:00:00,,2200,TO/2025/20,Warehouse,,1,,,,,,,0,0,DEL_CX5941,0,0,0,0,ONT,,,,,"A K Talkies Chhar Bagh, Ram Nagar",Transfer Receipt,B486188376E2,2026-01-01
WIOM,001-SAKET,WM-02,Wiom ONT_GX-Titanium E20/Earth 2022,Normal BAU,1,0,0,1,0,0,PCS,ELECTRONICS,,007-FIROZABAD,007-FIROZABAD,GRN/2025/3071,,2026-01-21T16:59:36,,WM-02,,,,TR/2425/18,TR/2425/18,2026-01-21T00:00:00,,Closed,,Rahul,Rahul,,,,GX/G/25-26/520,GX133786,,0,,2025-10-13T00:00:00,,2200,TO/2025/20,Warehouse,,1,,,,,,,0,0,DEL_CX5941,0,0,0,0,ONT,,,,,"A K Talkies Chhar Bagh, Ram Nagar",Transfer Receipt,B4861882CFC2,2026-01-01
WIOM,001-SAKET,WM-02,Wiom ONT_GX-Titanium E20/Earth 2022,Normal BAU,1,0,0,1,0,0,PCS,ELECTRONICS,,007-FIROZABAD,007-FIROZABAD,GRN/2025/3071,,2026-01-21T16:59:36,,WM-02,,,,TR/2425/18,TR/2425/18,2026-01-21T00:00:00,,Closed,,Rahul,Rahul,,,,GX/G/25-26/520,GX138559,,0,,2025-10-13T00:00:00,,2200,TO/2025/20,Warehouse,,1,,,,,,,0,0,DEL_CX5950,0,0,0,0,ONT,,,,,"A K Talkies Chhar Bagh, Ram Nagar",Transfer Receipt,B486188306B2,2026-01-01
WIOM,001-SAKET,WM-02,Wiom ONT_GX-Titanium E20/Earth 2022,Normal BAU,1,0,0,1,0,0,PCS,ELECTRONICS,,007-FIROZABAD,007-FIROZABAD,GRN/2025/3071,,2026-01-21T16:59:36,,WM-02,,,,TR/2425/18,TR/2425/18,2026-01-21T00:00:00,,Closed,,Rahul,Rahul,,,,GX/G/25-26/520,GX138573,,0,,2025-10-13T00:00:00,,2200,TO/2025/20,Warehouse,,1,,,,,,,0,0,DEL_CX5950,0,0,0,0,ONT,,,,,"A K Talkies Chhar Bagh, Ram Nagar",Transfer Receipt,B4861882CA02,2026-01-01
WIOM,001-SAKET,WM-02,Wiom ONT_GX-Titanium E20/Earth 2022,Normal BAU,1,0,0,1,0,0,PCS,ELECTRONICS,,007-FIROZABAD,007-FIROZABAD,GRN/2025/3071,,2026-01-21T16:59:36,,WM-02,,,,TR/2425/18,TR/2425/18,2026-01-21T00:00:00,,Closed,,Rahul,Rahul,,,,GX/G/25-26/520,GX132612,,0,,2025-10-13T00:00:00,,2200,TO/2025/20,Warehouse,,1,,,,,,,0,0,DEL_CX5941,0,0,0,0,ONT,,,,,"A K Talkies Chhar Bagh, Ram Nagar",Transfer Receipt,B48618838202,2026-01-01
WIOM,001-SAKET,WM-02,Wiom ONT_GX-Titanium E20/Earth 2022,Normal BAU,1,0,0,1,0,0,PCS,ELECTRONICS,,007-FIROZABAD,007-FIROZABAD,GRN/2025/3071,,2026-01-21T16:59:36,,WM-02,,,,TR/2425/18,TR/2425/18,2026-01-21T00:00:00,,Closed,,Rahul,Rahul,,,,GX/G/25-26/520,GX132309,,0,,2025-10-13T00:00:00,,2200,TO/2025/20,Warehouse,,1,,,,,,,0,0,DEL_CX5941,0,0,0,0,ONT,,,,,"A K Talkies Chhar Bagh, Ram Nagar",Transfer Receipt,B48618837772,2026-01-01
WIOM,001-SAKET,WM-02,Wiom ONT_GX-Titanium E20/Earth 2022,Normal BAU,1,0,0,1,0,0,PCS,ELECTRONICS,,007-FIROZABAD,007-FIROZABAD,GRN/2025/3071,,2026-01-21T16:59:36,,WM-02,,,,TR/2425/18,TR/2425/18,2026-01-21T00:00:00,,Closed,,Rahul,Rahul,,,,GX/G/25-26/520,GX133694,,0,,2025-10-13T00:00:00,,2200,TO/2025/20,Warehouse,,1,,,,,,,0,0,DEL_CX5941,0,0,0,0,ONT,,,,,"A K Talkies Chhar Bagh, Ram Nagar",Transfer Receipt,B48618839C62,2026-01-01
WIOM,001-SAKET,WM-02,Wiom ONT_GX-Titanium E20/Earth 2022,Normal BAU,1,0,0,1,0,0,PCS,ELECTRONICS,,007-FIROZABAD,007-FIROZABAD,GRN/2025/3071,,2026-01-21T16:59:36,,WM-02,,,,TR/2425/18,TR/2425/18,2026-01-21T00:00:00,,Closed,,Rahul,Rahul,,,,GX/G/25-26/520,GX132611,,0,,2025-10-13T00:00:00,,2200,TO/2025/20,Warehouse,,1,,,,,,,0,0,DEL_CX5941,0,0,0,0,ONT,,,,,"A K Talkies Chhar Bagh, Ram Nagar",Transfer Receipt,B48618833042,2026-01-01
WIOM,001-SAKET,WM-02,Wiom ONT_GX-Titanium E20/Earth 2022,Normal BAU,1,0,0,1,0,0,PCS,ELECTRONICS,,007-FIROZABAD,007-FIROZABAD,GRN/2025/3071,,2026-01-21T16:59:36,,WM-02,,,,TR/2425/18,TR/2425/18,2026-01-21T00:00:00,,Closed,,Rahul,Rahul,,,,GX/G/25-26/520,GX138565,,0,,2025-10-13T00:00:00,,2200,TO/2025/20,Warehouse,,1,,,,,,,0,0,DEL_CX5950,0,0,0,0,ONT,,,,,"A K Talkies Chhar Bagh, Ram Nagar",Transfer Receipt,B4861882B8A2,2026-01-01
WIOM,001-SAKET,WM-02,Wiom ONT_GX-Titanium E20/Earth 2022,Normal BAU,1,0,0,1,0,0,PCS,ELECTRONICS,,007-FIROZABAD,007-FIROZABAD,GRN/2025/3071,,2026-01-21T16:59:36,,WM-02,,,,TR/2425/18,TR/2425/18,2026-01-21T00:00:00,,Closed,,Rahul,Rahul,,,,GX/G/25-26/520,GX133745,,0,,2025-10-13T00:00:00,,2200,TO/2025/20,Warehouse,,1,,,,,,,0,0,DEL_CX5941,0,0,0,0,ONT,,,,,"A K Talkies Chhar Bagh, Ram Nagar",Transfer Receipt,B48618835A32,2026-01-01
WIOM,001-SAKET,WM-02,Wiom ONT_GX-Titanium E20/Earth 2022,Normal BAU,1,0,0,1,0,0,PCS,ELECTRONICS,,007-FIROZABAD,007-FIROZABAD,GRN/2025/3071,,2026-01-21T16:59:36,,WM-02,,,,TR/2425/18,TR/2425/18,2026-01-21T00:00:00,,Closed,,Rahul,Rahul,,,,GX/G/25-26/520,GX132311,,0,,2025-10-13T00:00:00,,2200,TO/2025/20,Warehouse,,1,,,,,,,0,0,DEL_CX5941,0,0,0,0,ONT,,,,,"A K Talkies Chhar Bagh, Ram Nagar",Transfer Receipt,B48618838622,2026-01-01
WIOM,001-SAKET,WM-02,Wiom ONT_GX-Titanium E20/Earth 2022,Normal BAU,1,0,0,1,0,0,PCS,ELECTRONICS,,007-FIROZABAD,007-FIROZABAD,GRN/2025/3071,,2026-01-21T16:59:36,,WM-02,,,,TR/2425/18,TR/2425/18,2026-01-21T00:00:00,,Closed,,Rahul,Rahul,,,,GX/G/25-26/520,GX133714,,0,,2025-10-13T00:00:00,,2200,TO/2025/20,Warehouse,,1,,,,,,,0,0,DEL_CX5941,0,0,0,0,ONT,,,,,"A K Talkies Chhar Bagh, Ram Nagar",Transfer Receipt,B48618830852,2026-01-01
WIOM,001-SAKET,WM-02,Wiom ONT_GX-Titanium E20/Earth 2022,Normal BAU,1,0,0,1,0,0,PCS,ELECTRONICS,,007-FIROZABAD,007-FIROZABAD,GRN/2025/3071,,2026-01-21T16:59:36,,WM-02,,,,TR/2425/18,TR/2425/18,2026-01-21T00:00:00,,Closed,,Rahul,Rahul,,,,GX/G/25-26/520,GX132303,,0,,2025-10-13T00:00:00,,2200,TO/2025/20,Warehouse,,1,,,,,,,0,0,DEL_CX5941,0,0,0,0,ONT,,,,,"A K Talkies Chhar Bagh, Ram Nagar",Transfer Receipt,B4861883BD42,2026-01-01
WIOM,001-SAKET,WM-02,Wiom ONT_GX-Titanium E20/Earth 2022,Normal BAU,1,0,0,1,0,0,PCS,ELECTRONICS,,007-FIROZABAD,007-FIROZABAD,GRN/2025/3071,,2026-01-21T16:59:36,,WM-02,,,,TR/2425/18,TR/2425/18,2026-01-21T00:00:00,,Closed,,Rahul,Rahul,,,,GX/G/25-26/520,GX138556,,0,,2025-10-13T00:00:00,,2200,TO/2025/20,Warehouse,,1,,,,,,,0,0,DEL_CX5950,0,0,0,0,ONT,,,,,"A K Talkies Chhar Bagh, Ram Nagar",Transfer Receipt,B4861883F492,2026-01-01
WIOM,001-SAKET,WM-02,Wiom ONT_GX-Titanium E20/Earth 2022,Normal BAU,1,0,0,1,0,0,PCS,ELECTRONICS,,007-FIROZABAD,007-FIROZABAD,GRN/2025/3071,,2026-01-21T16:59:36,,WM-02,,,,TR/2425/18,TR/2425/18,2026-01-21T00:00:00,,Closed,,Rahul,Rahul,,,,GX/G/25-26/520,GX138584,,0,,2025-10-13T00:00:00,,2200,TO/2025/20,Warehouse,,1,,,,,,,0,0,DEL_CX5950,0,0,0,0,ONT,,,,,"A K Talkies Chhar Bagh, Ram Nagar",Transfer Receipt,B4861882CB72,2026-01-01
WIOM,001-SAKET,WM-02,Wiom ONT_GX-Titanium E20/Earth 2022,Normal BAU,1,0,0,1,0,0,PCS,ELECTRONICS,,007-FIROZABAD,007-FIROZABAD,GRN/2025/3071,,2026-01-21T16:59:36,,WM-02,,,,TR/2425/18,TR/2425/18,2026-01-21T00:00:00,,Closed,,Rahul,Rahul,,,,GX/G/25-26/520,GX138614,,0,,2025-10-13T00:00:00,,2200,TO/2025/20,Warehouse,,1,,,,,,,0,0,DEL_CX5950,0,0,0,0,ONT,,,,,"A K Talkies Chhar Bagh, Ram Nagar",Transfer Receipt,B4861883F502,2026-01-01
WIOM,001-SAKET,WM-02,Wiom ONT_GX-Titanium E20/Earth 2022,Normal BAU,1,0,0,1,0,0,PCS,ELECTRONICS,,007-FIROZABAD,007-FIROZABAD,GRN/2025/3071,,2026-01-21T16:59:36,,WM-02,,,,TR/2425/18,TR/2425/18,2026-01-21T00:00:00,,Closed,,Rahul,Rahul,,,,GX/G/25-26/520,GX138586,,0,,2025-10-13T00:00:00,,2200,TO/2025/20,Warehouse,,1,,,,,,,0,0,DEL_CX5950,0,0,0,0,ONT,,,,,"A K Talkies Chhar Bagh, Ram Nagar",Transfer Receipt,B4861882C6D2,2026-01-01
WIOM,001-SAKET,WM-02,Wiom ONT_GX-Titanium E20/Earth 2022,Normal BAU,1,0,0,1,0,0,PCS,ELECTRONICS,,007-FIROZABAD,007-FIROZABAD,GRN/2025/3071,,2026-01-21T16:59:36,,WM-02,,,,TR/2425/18,TR/2425/18,2026-01-21T00:00:00,,Closed,,Rahul,Rahul,,,,GX/G/25-26/520,GX138637,,0,,2025-10-13T00:00:00,,2200,TO/2025/20,Warehouse,,1,,,,,,,0,0,DEL_CX5950,0,0,0,0,ONT,,,,,"A K Talkies Chhar Bagh, Ram Nagar",Transfer Receipt,B48618840552,2026-01-01
WIOM,001-SAKET,WM-02,Wiom ONT_GX-Titanium E20/Earth 2022,Normal BAU,1,0,0,1,0,0,PCS,ELECTRONICS,,007-FIROZABAD,007-FIROZABAD,GRN/2025/3071,,2026-01-21T16:59:36,,WM-02,,,,TR/2425/18,TR/2425/18,2026-01-21T00:00:00,,Closed,,Rahul,Rahul,,,,GX/G/25-26/520,GX140053,,0,,2025-10-13T00:00:00,,2200,TO/2025/20,Warehouse,,1,,,,,,,0,0,DEL_CX5950,0,0,0,0,ONT,,,,,"A K Talkies Chhar Bagh, Ram Nagar",Transfer Receipt,B4861883D7A2,2026-01-01
WIOM,001-SAKET,WM-02,Wiom ONT_GX-Titanium E20/Earth 2022,Normal BAU,1,0,0,1,0,0,PCS,ELECTRONICS,,007-FIROZABAD,007-FIROZABAD,GRN/2025/3071,,2026-01-21T16:59:36,,WM-02,,,,TR/2425/18,TR/2425/18,2026-01-21T00:00:00,,Closed,,Rahul,Rahul,,,,GX/G/25-26/520,GX133712,,0,,2025-10-13T00:00:00,,2200,TO/2025/20,Warehouse,,1,,,,,,,0,0,DEL_CX5941,0,0,0,0,ONT,,,,,"A K Talkies Chhar Bagh, Ram Nagar",Transfer Receipt,B4861883B242,2026-01-01
WIOM,001-SAKET,WM-02,Wiom ONT_GX-Titanium E20/Earth 2022,Normal BAU,1,0,0,1,0,0,PCS,ELECTRONICS,,007-FIROZABAD,007-FIROZABAD,GRN/2025/3071,,2026-01-21T16:59:36,,WM-02,,,,TR/2425/18,TR/2425/18,2026-01-21T00:00:00,,Closed,,Rahul,Rahul,,,,GX/G/25-26/520,GX133917,,0,,2025-10-13T00:00:00,,2200,TO/2025/20,Warehouse,,1,,,,,,,0,0,DEL_CX5941,0,0,0,0,ONT,,,,,"A K Talkies Chhar Bagh, Ram Nagar",Transfer Receipt,B48618831C02,2026-01-01
WIOM,001-SAKET,WM-02,Wiom ONT_GX-Titanium E20/Earth 2022,Normal BAU,1,0,0,1,0,0,PCS,ELECTRONICS,,007-FIROZABAD,007-FIROZABAD,GRN/2025/3071,,2026-01-21T16:59:36,,WM-02,,,,TR/2425/18,TR/2425/18,2026-01-21T00:00:00,,Closed,,Rahul,Rahul,,,,GX/G/25-26/520,GX140318,,0,,2025-10-13T00:00:00,,2200,TO/2025/20,Warehouse,,1,,,,,,,0,0,DEL_CX5950,0,0,0,0,ONT,,,,,"A K Talkies Chhar Bagh, Ram Nagar",Transfer Receipt,B4861882C362,2026-01-01
WIOM,001-SAKET,WM-02,Wiom ONT_GX-Titanium E20/Earth 2022,Normal BAU,1,0,0,1,0,0,PCS,ELECTRONICS,,007-FIROZABAD,007-FIROZABAD,GRN/2025/3071,,2026-01-21T16:59:36,,WM-02,,,,TR/2425/18,TR/2425/18,2026-01-21T00:00:00,,Closed,,Rahul,Rahul,,,,GX/G/25-26/520,GX133746,,0,,2025-10-13T00:00:00,,2200,TO/2025/20,Warehouse,,1,,,,,,,0,0,DEL_CX5941,0,0,0,0,ONT,,,,,"A K Talkies Chhar Bagh, Ram Nagar",Transfer Receipt,B48618832372,2026-01-01
WIOM,001-SAKET,WM-02,Wiom ONT_GX-Titanium E20/Earth 2022,Normal BAU,1,0,0,1,0,0,PCS,ELECTRONICS,,007-FIROZABAD,007-FIROZABAD,GRN/2025/3071,,2026-01-21T16:59:36,,WM-02,,,,TR/2425/18,TR/2425/18,2026-01-21T00:00:00,,Closed,,Rahul,Rahul,,,,GX/G/25-26/520,GX135863,,0,,2025-10-13T00:00:00,,2200,TO/2025/20,Warehouse,,1,,,,,,,0,0,DEL_CX5941,0,0,0,0,ONT,,,,,"A K Talkies Chhar Bagh, Ram Nagar",Transfer Receipt,B486188385B2,2026-01-01
WIOM,001-SAKET,WM-02,Wiom ONT_GX-Titanium E20/Earth 2022,Normal BAU,1,0,0,1,0,0,PCS,ELECTRONICS,,007-FIROZABAD,007-FIROZABAD,GRN/2025/3071,,2026-01-21T16:59:36,,WM-02,,,,TR/2425/18,TR/2425/18,2026-01-21T00:00:00,,Closed,,Rahul,Rahul,,,,GX/G/25-26/520,GX138574,,0,,2025-10-13T00:00:00,,2200,TO/2025/20,Warehouse,,1,,,,,,,0,0,DEL_CX5950,0,0,0,0,ONT,,,,,"A K Talkies Chhar Bagh, Ram Nagar",Transfer Receipt,B486188317D2,2026-01-01
WIOM,001-SAKET,WM-02,Wiom ONT_GX-Titanium E20/Earth 2022,Normal BAU,1,0,0,1,0,0,PCS,ELECTRONICS,,007-FIROZABAD,007-FIROZABAD,GRN/2025/3071,,2026-01-21T16:59:36,,WM-02,,,,TR/2425/18,TR/2425/18,2026-01-21T00:00:00,,Closed,,Rahul,Rahul,,,,GX/G/25-26/520,GX138577,,0,,2025-10-13T00:00:00,,2200,TO/2025/20,Warehouse,,1,,,,,,,0,0,DEL_CX5950,0,0,0,0,ONT,,,,,"A K Talkies Chhar Bagh, Ram Nagar",Transfer Receipt,B48618830792,2026-01-01
WIOM,001-SAKET,WM-02,Wiom ONT_GX-Titanium E20/Earth 2022,Normal BAU,1,0,0,1,0,0,PCS,ELECTRONICS,,007-FIROZABAD,007-FIROZABAD,GRN/2025/3071,,2026-01-21T16:59:36,,WM-02,,,,TR/2425/18,TR/2425/18,2026-01-21T00:00:00,,Closed,,Rahul,Rahul,,,,GX/G/25-26/520,GX137368,,0,,2025-10-13T00:00:00,,2200,TO/2025/20,Warehouse,,1,,,,,,,0,0,DEL_CX5950,0,0,0,0,ONT,,,,,"A K Talkies Chhar Bagh, Ram Nagar",Transfer Receipt,B48618843312,2026-01-01
WIOM,001-SAKET,WM-02,Wiom ONT_GX-Titanium E20/Earth 2022,Normal BAU,1,0,0,1,0,0,PCS,ELECTRONICS,,007-FIROZABAD,007-FIROZABAD,GRN/2025/3071,,2026-01-21T16:59:36,,WM-02,,,,TR/2425/18,TR/2425/18,2026-01-21T00:00:00,,Closed,,Rahul,Rahul,,,,GX/G/25-26/520,GX133974,,0,,2025-10-13T00:00:00,,2200,TO/2025/20,Warehouse,,1,,,,,,,0,0,DEL_CX5941,0,0,0,0,ONT,,,,,"A K Talkies Chhar Bagh, Ram Nagar",Transfer Receipt,B4861883CC92,2026-01-01
WIOM,001-SAKET,WM-02,Wiom ONT_GX-Titanium E20/Earth 2022,Normal BAU,1,0,0,1,0,0,PCS,ELECTRONICS,,007-FIROZABAD,007-FIROZABAD,GRN/2025/3071,,2026-01-21T16:59:36,,WM-02,,,,TR/2425/18,TR/2425/18,2026-01-21T00:00:00,,Closed,,Rahul,Rahul,,,,GX/G/25-26/520,GX132194,,0,,2025-10-13T00:00:00,,2200,TO/2025/20,Warehouse,,1,,,,,,,0,0,DEL_CX5941,0,0,0,0,ONT,,,,,"A K Talkies Chhar Bagh, Ram Nagar",Transfer Receipt,B48618837EA2,2026-01-01
WIOM,001-SAKET,WM-02,Wiom ONT_GX-Titanium E20/Earth 2022,Normal BAU,1,0,0,1,0,0,PCS,ELECTRONICS,,007-FIROZABAD,007-FIROZABAD,GRN/2025/3071,,2026-01-21T16:59:36,,WM-02,,,,TR/2425/18,TR/2425/18,2026-01-21T00:00:00,,Closed,,Rahul,Rahul,,,,GX/G/25-26/520,GX132198,,0,,2025-10-13T00:00:00,,2200,TO/2025/20,Warehouse,,1,,,,,,,0,0,DEL_CX5941,0,0,0,0,ONT,,,,,"A K Talkies Chhar Bagh, Ram Nagar",Transfer Receipt,B4861883B1E2,2026-01-01
WIOM,001-SAKET,WM-02,Wiom ONT_GX-Titanium E20/Earth 2022,Normal BAU,1,0,0,1,0,0,PCS,ELECTRONICS,,007-FIROZABAD,007-FIROZABAD,GRN/2025/3071,,2026-01-21T16:59:36,,WM-02,,,,TR/2425/18,TR/2425/18,2026-01-21T00:00:00,,Closed,,Rahul,Rahul,,,,GX/G/25-26/520,GX138518,,0,,2025-10-13T00:00:00,,2200,TO/2025/20,Warehouse,,1,,,,,,,0,0,DEL_CX5950,0,0,0,0,ONT,,,,,"A K Talkies Chhar Bagh, Ram Nagar",Transfer Receipt,B4861882DEE2,2026-01-01
WIOM,001-SAKET,WM-02,Wiom ONT_GX-Titanium E20/Earth 2022,Normal BAU,1,0,0,1,0,0,PCS,ELECTRONICS,,007-FIROZABAD,007-FIROZABAD,GRN/2025/3071,,2026-01-21T16:59:36,,WM-02,,,,TR/2425/18,TR/2425/18,2026-01-21T00:00:00,,Closed,,Rahul,Rahul,,,,GX/G/25-26/520,GX138582,,0,,2025-10-13T00:00:00,,2200,TO/2025/20,Warehouse,,1,,,,,,,0,0,DEL_CX5950,0,0,0,0,ONT,,,,,"A K Talkies Chhar Bagh, Ram Nagar",Transfer Receipt,B48618843602,2026-01-01
WIOM,001-SAKET,WM-02,Wiom ONT_GX-Titanium E20/Earth 2022,Normal BAU,1,0,0,1,0,0,PCS,ELECTRONICS,,007-FIROZABAD,007-FIROZABAD,GRN/2025/3071,,2026-01-21T16:59:36,,WM-02,,,,TR/2425/18,TR/2425/18,2026-01-21T00:00:00,,Closed,,Rahul,Rahul,,,,GX/G/25-26/520,GX137996,,0,,2025-10-13T00:00:00,,2200,TO/2025/20,Warehouse,,1,,,,,,,0,0,DEL_CX5950,0,0,0,0,ONT,,,,,"A K Talkies Chhar Bagh, Ram Nagar",Transfer Receipt,B48618840112,2026-01-01
WIOM,001-SAKET,WM-02,Wiom ONT_GX-Titanium E20/Earth 2022,Normal BAU,1,0,0,1,0,0,PCS,ELECTRONICS,,007-FIROZABAD,007-FIROZABAD,GRN/2025/3071,,2026-01-21T16:59:36,,WM-02,,,,TR/2425/18,TR/2425/18,2026-01-21T00:00:00,,Closed,,Rahul,Rahul,,,,GX/G/25-26/520,GX138522,,0,,2025-10-13T00:00:00,,2200,TO/2025/20,Warehouse,,1,,,,,,,0,0,DEL_CX5950,0,0,0,0,ONT,,,,,"A K Talkies Chhar Bagh, Ram Nagar",Transfer Receipt,B4861882CA62,2026-01-01
WIOM,001-SAKET,WM-02,Wiom ONT_GX-Titanium E20/Earth 2022,Normal BAU,1,0,0,1,0,0,PCS,ELECTRONICS,,007-FIROZABAD,007-FIROZABAD,GRN/2025/3071,,2026-01-21T16:59:36,,WM-02,,,,TR/2425/18,TR/2425/18,2026-01-21T00:00:00,,Closed,,Rahul,Rahul,,,,GX/G/25-26/520,GX138551,,0,,2025-10-13T00:00:00,,2200,TO/2025/20,Warehouse,,1,,,,,,,0,0,DEL_CX5950,0,0,0,0,ONT,,,,,"A K Talkies Chhar Bagh, Ram Nagar",Transfer Receipt,B4861882D632,2026-01-01
WIOM,001-SAKET,WM-02,Wiom ONT_GX-Titanium E20/Earth 2022,Normal BAU,1,0,0,1,0,0,PCS,ELECTRONICS,,007-FIROZABAD,007-FIROZABAD,GRN/2025/3071,,2026-01-21T16:59:36,,WM-02,,,,TR/2425/18,TR/2425/18,2026-01-21T00:00:00,,Closed,,Rahul,Rahul,,,,GX/G/25-26/520,GX132305,,0,,2025-10-13T00:00:00,,2200,TO/2025/20,Warehouse,,1,,,,,,,0,0,DEL_CX5941,0,0,0,0,ONT,,,,,"A K Talkies Chhar Bagh, Ram Nagar",Transfer Receipt,B48618837912,2026-01-01
WIOM,001-SAKET,WM-02,Wiom ONT_GX-Titanium E20/Earth 2022,Normal BAU,1,0,0,1,0,0,PCS,ELECTRONICS,,007-FIROZABAD,007-FIROZABAD,GRN/2025/3071,,2026-01-21T16:59:36,,WM-02,,,,TR/2425/18,TR/2425/18,2026-01-21T00:00:00,,Closed,,Rahul,Rahul,,,,GX/G/25-26/520,GX138543,,0,,2025-10-13T00:00:00,,2200,TO/2025/20,Warehouse,,1,,,,,,,0,0,DEL_CX5950,0,0,0,0,ONT,,,,,"A K Talkies Chhar Bagh, Ram Nagar",Transfer Receipt,B4861882C6C2,2026-01-01
WIOM,001-SAKET,WM-02,Wiom ONT_GX-Titanium E20/Earth 2022,Normal BAU,1,0,0,1,0,0,PCS,ELECTRONICS,,007-FIROZABAD,007-FIROZABAD,GRN/2025/3071,,2026-01-21T16:59:36,,WM-02,,,,TR/2425/18,TR/2425/18,2026-01-21T00:00:00,,Closed,,Rahul,Rahul,,,,GX/G/25-26/520,GX133739,,0,,2025-10-13T00:00:00,,2200,TO/2025/20,Warehouse,,1,,,,,,,0,0,DEL_CX5941,0,0,0,0,ONT,,,,,"A K Talkies Chhar Bagh, Ram Nagar",Transfer Receipt,B48618842FA2,2026-01-01
WIOM,001-SAKET,WM-02,Wiom ONT_GX-Titanium E20/Earth 2022,Normal BAU,1,0,0,1,0,0,PCS,ELECTRONICS,,007-FIROZABAD,007-FIROZABAD,GRN/2025/3071,,2026-01-21T16:59:36,,WM-02,,,,TR/2425/18,TR/2425/18,2026-01-21T00:00:00,,Closed,,Rahul,Rahul,,,,GX/G/25-26/520,GX132307,,0,,2025-10-13T00:00:00,,2200,TO/2025/20,Warehouse,,1,,,,,,,0,0,DEL_CX5941,0,0,0,0,ONT,,,,,"A K Talkies Chhar Bagh, Ram Nagar",Transfer Receipt,B48618832F72,2026-01-01
WIOM,001-SAKET,WM-02,Wiom ONT_GX-Titanium E20/Earth 2022,Normal BAU,1,0,0,1,0,0,PCS,ELECTRONICS,,007-FIROZABAD,007-FIROZABAD,GRN/2025/3071,,2026-01-21T16:59:36,,WM-02,,,,TR/2425/18,TR/2425/18,2026-01-21T00:00:00,,Closed,,Rahul,Rahul,,,,GX/G/25-26/520,GX138552,,0,,2025-10-13T00:00:00,,2200,TO/2025/20,Warehouse,,1,,,,,,,0,0,DEL_CX5950,0,0,0,0,ONT,,,,,"A K Talkies Chhar Bagh, Ram Nagar",Transfer Receipt,B4861882EEE2,2026-01-01
WIOM,001-SAKET,WM-02,Wiom ONT_GX-Titanium E20/Earth 2022,Normal BAU,1,0,0,1,0,0,PCS,ELECTRONICS,,003-AGRA,,GRN/2025/3062,,2026-01-21T12:06:32,,WM-02,,,,TR/2425/16,TR/2425/16,2026-01-21T00:00:00,,Closed,,Rahul,Pradeep,,,,GX/G/25-26/522,GX139087,,0,,2025-10-15T00:00:00,,2200,TO/2526/3,Warehouse,,1,,,,,,,0,0,DEL_CX6063,0,0,0,0,ONT,,,,,,Transfer Receipt,B486188314F2,2026-01-01
WIOM,001-SAKET,WM-02,Wiom ONT_GX-Titanium E20/Earth 2022,Normal BAU,1,0,0,1,0,0,PCS,ELECTRONICS,,003-AGRA,,GRN/2025/3062,,2026-01-21T12:06:32,,WM-02,,,,TR/2425/16,TR/2425/16,2026-01-21T00:00:00,,Closed,,Rahul,Pradeep,,,,GX/G/25-26/522,GX130898,,0,,2025-10-15T00:00:00,,2200,TO/2526/3,Warehouse,,1,,,,,,,0,0,DEL_CX6063,0,0,0,0,ONT,,,,,,Transfer Receipt,B48618828982,2026-01-01
WIOM,001-SAKET,WM-02,Wiom ONT_GX-Titanium E20/Earth 2022,Normal BAU,1,0,0,1,0,0,PCS,ELECTRONICS,,003-AGRA,,GRN/2025/3062,,2026-01-21T12:06:32,,WM-02,,,,TR/2425/16,TR/2425/16,2026-01-21T00:00:00,,Closed,,Rahul,Pradeep,,,,GX/G/25-26/522,GX139089,,0,,2025-10-15T00:00:00,,2200,TO/2526/3,Warehouse,,1,,,,,,,0,0,DEL_CX6063,0,0,0,0,ONT,,,,,,Transfer Receipt,B48618834322,2026-01-01
WIOM,001-SAKET,WM-02,Wiom ONT_GX-Titanium E20/Earth 2022,Normal BAU,1,0,0,1,0,0,PCS,ELECTRONICS,,003-AGRA,,GRN/2025/3062,,2026-01-21T12:06:32,,WM-02,,,,TR/2425/16,TR/2425/16,2026-01-21T00:00:00,,Closed,,Rahul,Pradeep,,,,GX/G/25-26/522,GX139092,,0,,2025-10-15T00:00:00,,2200,TO/2526/3,Warehouse,,1,,,,,,,0,0,DEL_CX6063,0,0,0,0,ONT,,,,,,Transfer Receipt,B4861882F852,2026-01-01
WIOM,001-SAKET,WM-02,Wiom ONT_GX-Titanium E20/Earth 2022,Normal BAU,1,0,0,1,0,0,PCS,ELECTRONICS,,003-AGRA,,GRN/2025/3062,,2026-01-21T12:06:32,,WM-02,,,,TR/2425/16,TR/2425/16,2026-01-21T00:00:00,,Closed,,Rahul,Pradeep,,,,GX/G/25-26/522,GX139095,,0,,2025-10-15T00:00:00,,2200,TO/2526/3,Warehouse,,1,,,,,,,0,0,DEL_CX6063,0,0,0,0,ONT,,,,,,Transfer Receipt,B48618829B92,2026-01-01
WIOM,001-SAKET,WM-02,Wiom ONT_GX-Titanium E20/Earth 2022,Normal BAU,1,0,0,1,0,0,PCS,ELECTRONICS,,003-AGRA,,GRN/2025/3062,,2026-01-21T12:06:32,,WM-02,,,,TR/2425/16,TR/2425/16,2026-01-21T00:00:00,,Closed,,Rahul,Pradeep,,,,GX/G/25-26/522,GX139085,,0,,2025-10-15T00:00:00,,2200,TO/2526/3,Warehouse,,1,,,,,,,0,0,DEL_CX6063,0,0,0,0,ONT,,,,,,Transfer Receipt,B48618822F22,2026-01-01
WIOM,001-SAKET,WM-02,Wiom ONT_GX-Titanium E20/Earth 2022,Normal BAU,1,0,0,1,0,0,PCS,ELECTRONICS,,003-AGRA,,GRN/2025/3062,,2026-01-21T12:06:32,,WM-02,,,,TR/2425/16,TR/2425/16,2026-01-21T00:00:00,,Closed,,Rahul,Pradeep,,,,GX/G/25-26/522,GX139096,,0,,2025-10-15T00:00:00,,2200,TO/2526/3,Warehouse,,1,,,,,,,0,0,DEL_CX6063,0,0,0,0,ONT,,,,,,Transfer Receipt,B48618828C92,2026-01-01
WIOM,001-SAKET,WM-02,Wiom ONT_GX-Titanium E20/Earth 2022,Normal BAU,1,0,0,1,0,0,PCS,ELECTRONICS,,003-AGRA,,GRN/2025/3062,,2026-01-21T12:06:32,,WM-02,,,,TR/2425/16,TR/2425/16,2026-01-21T00:00:00,,Closed,,Rahul,Pradeep,,,,GX/G/25-26/522,GX139158,,0,,2025-10-15T00:00:00,,2200,TO/2526/3,Warehouse,,1,,,,,,,0,0,DEL_CX6063,0,0,0,0,ONT,,,,,,Transfer Receipt,B4861882F802,2026-01-01
WIOM,001-SAKET,WM-02,Wiom ONT_GX-Titanium E20/Earth 2022,Normal BAU,1,0,0,1,0,0,PCS,ELECTRONICS,,003-AGRA,,GRN/2025/3062,,2026-01-21T12:06:32,,WM-02,,,,TR/2425/16,TR/2425/16,2026-01-21T00:00:00,,Closed,,Rahul,Pradeep,,,,GX/G/25-26/522,GX139162,,0,,2025-10-15T00:00:00,,2200,TO/2526/3,Warehouse,,1,,,,,,,0,0,DEL_CX6063,0,0,0,0,ONT,,,,,,Transfer Receipt,B48618823C32,2026-01-01
WIOM,001-SAKET,WM-02,Wiom ONT_GX-Titanium E20/Earth 2022,Normal BAU,1,0,0,1,0,0,PCS,ELECTRONICS,,003-AGRA,,GRN/2025/3062,,2026-01-21T12:06:32,,WM-02,,,,TR/2425/16,TR/2425/16,2026-01-21T00:00:00,,Closed,,Rahul,Pradeep,,,,GX/G/25-26/522,GX139264,,0,,2025-10-15T00:00:00,,2200,TO/2526/3,Warehouse,,1,,,,,,,0,0,DEL_CX6063,0,0,0,0,ONT,,,,,,Transfer Receipt,B48618822C12,2026-01-01
WIOM,001-SAKET,WM-02,Wiom ONT_GX-Titanium E20/Earth 2022,Normal BAU,1,0,0,1,0,0,PCS,ELECTRONICS,,003-AGRA,,GRN/2025/3062,,2026-01-21T12:06:32,,WM-02,,,,TR/2425/16,TR/2425/16,2026-01-21T00:00:00,,Closed,,Rahul,Pradeep,,,,GX/G/25-26/522,GX139086,,0,,2025-10-15T00:00:00,,2200,TO/2526/3,Warehouse,,1,,,,,,,0,0,DEL_CX6063,0,0,0,0,ONT,,,,,,Transfer Receipt,B48618821052,2026-01-01
WIOM,001-SAKET,WM-02,Wiom ONT_GX-Titanium E20/Earth 2022,Normal BAU,1,0,0,1,0,0,PCS,ELECTRONICS,,003-AGRA,,GRN/2025/3062,,2026-01-21T12:06:32,,WM-02,,,,TR/2425/16,TR/2425/16,2026-01-21T00:00:00,,Closed,,Rahul,Pradeep,,,,GX/G/25-26/522,GX139269,,0,,2025-10-15T00:00:00,,2200,TO/2526/3,Warehouse,,1,,,,,,,0,0,DEL_CX6063,0,0,0,0,ONT,,,,,,Transfer Receipt,B48618820DE2,2026-01-01
WIOM,001-SAKET,WM-02,Wiom ONT_GX-Titanium E20/Earth 2022,Normal BAU,1,0,0,1,0,0,PCS,ELECTRONICS,,003-AGRA,,GRN/2025/3062,,2026-01-21T12:06:32,,WM-02,,,,TR/2425/16,TR/2425/16,2026-01-21T00:00:00,,Closed,,Rahul,Pradeep,,,,GX/G/25-26/522,GX139151,,0,,2025-10-15T00:00:00,,2200,TO/2526/3,Warehouse,,1,,,,,,,0,0,DEL_CX6063,0,0,0,0,ONT,,,,,,Transfer Receipt,B486188205D2,2026-01-01
WIOM,001-SAKET,WM-02,Wiom ONT_GX-Titanium E20/Earth 2022,Normal BAU,1,0,0,1,0,0,PCS,ELECTRONICS,,003-AGRA,,GRN/2025/3062,,2026-01-21T12:06:32,,WM-02,,,,TR/2425/16,TR/2425/16,2026-01-21T00:00:00,,Closed,,Rahul,Pradeep,,,,GX/G/25-26/522,GX139259,,0,,2025-10-15T00:00:00,,2200,TO/2526/3,Warehouse,,1,,,,,,,0,0,DEL_CX6063,0,0,0,0,ONT,,,,,,Transfer Receipt,B48618829E42,2026-01-01
WIOM,001-SAKET,WM-02,Wiom ONT_GX-Titanium E20/Earth 2022,Normal BAU,1,0,0,1,0,0,PCS,ELECTRONICS,,003-AGRA,,GRN/2025/3062,,2026-01-21T12:06:32,,WM-02,,,,TR/2425/16,TR/2425/16,2026-01-21T00:00:00,,Closed,,Rahul,Pradeep,,,,GX/G/25-26/522,GX139260,,0,,2025-10-15T00:00:00,,2200,TO/2526/3,Warehouse,,1,,,,,,,0,0,DEL_CX6063,0,0,0,0,ONT,,,,,,Transfer Receipt,B48618831392,2026-01-01
WIOM,001-SAKET,WM-02,Wiom ONT_GX-Titanium E20/Earth 2022,Normal BAU,1,0,0,1,0,0,PCS,ELECTRONICS,,003-AGRA,,GRN/2025/3062,,2026-01-21T12:06:32,,WM-02,,,,TR/2425/16,TR/2425/16,2026-01-21T00:00:00,,Closed,,Rahul,Pradeep,,,,GX/G/25-26/522,GX139270,,0,,2025-10-15T00:00:00,,2200,TO/2526/3,Warehouse,,1,,,,,,,0,0,DEL_CX6063,0,0,0,0,ONT,,,,,,Transfer Receipt,B48618834032,2026-01-01
WIOM,001-SAKET,WM-02,Wiom ONT_GX-Titanium E20/Earth 2022,Normal BAU,1,0,0,1,0,0,PCS,ELECTRONICS,,003-AGRA,,GRN/2025/3062,,2026-01-21T12:06:32,,WM-02,,,,TR/2425/16,TR/2425/16,2026-01-21T00:00:00,,Closed,,Rahul,Pradeep,,,,GX/G/25-26/522,GX130900,,0,,2025-10-15T00:00:00,,2200,TO/2526/3,Warehouse,,1,,,,,,,0,0,DEL_CX6063,0,0,0,0,ONT,,,,,,Transfer Receipt,B48618831412,2026-01-01
WIOM,001-SAKET,WM-02,Wiom ONT_GX-Titanium E20/Earth 2022,Normal BAU,1,0,0,1,0,0,PCS,ELECTRONICS,,003-AGRA,,GRN/2025/3062,,2026-01-21T12:06:32,,WM-02,,,,TR/2425/16,TR/2425/16,2026-01-21T00:00:00,,Closed,,Rahul,Pradeep,,,,GX/G/25-26/522,GX130902,,0,,2025-10-15T00:00:00,,2200,TO/2526/3,Warehouse,,1,,,,,,,0,0,DEL_CX6063,0,0,0,0,ONT,,,,,,Transfer Receipt,B4861882A0E2,2026-01-01
WIOM,001-SAKET,WM-02,Wiom ONT_GX-Titanium E20/Earth 2022,Normal BAU,1,0,0,1,0,0,PCS,ELECTRONICS,,003-AGRA,,GRN/2025/3062,,2026-01-21T12:06:32,,WM-02,,,,TR/2425/16,TR/2425/16,2026-01-21T00:00:00,,Closed,,Rahul,Pradeep,,,,GX/G/25-26/522,GX130940,,0,,2025-10-15T00:00:00,,2200,TO/2526/3,Warehouse,,1,,,,,,,0,0,DEL_CX6063,0,0,0,0,ONT,,,,,,Transfer Receipt,B48618832482,2026-01-01
WIOM,001-SAKET,WM-02,Wiom ONT_GX-Titanium E20/Earth 2022,Normal BAU,1,0,0,1,0,0,PCS,ELECTRONICS,,003-AGRA,,GRN/2025/3062,,2026-01-21T12:06:32,,WM-02,,,,TR/2425/16,TR/2425/16,2026-01-21T00:00:00,,Closed,,Rahul,Pradeep,,,,GX/G/25-26/522,GX130897,,0,,2025-10-15T00:00:00,,2200,TO/2526/3,Warehouse,,1,,,,,,,0,0,DEL_CX6063,0,0,0,0,ONT,,,,,,Transfer Receipt,B48618825DD2,2026-01-01
WIOM,001-SAKET,WM-03,Wiom ONT_SY-GPON-2000-WADONT-WHITE,Normal BAU,1,0,0,1,0,0,PCS,ELECTRONICS,,003-AGRA,,GRN/2025/3061,,2026-01-21T12:05:31,,WM-03,,,,TR/2425/17,TR/2425/17,2026-01-21T00:00:00,,Closed,,Rahul,Pradeep,,,,NOD/2526/7331,SY108652,,0,,2025-10-17T00:00:00,,1950,TO/2526/2,Warehouse,,1,,,,,,,0,0,DEL_CX6162,0,0,0,0,ONT,,,,,,Transfer Receipt,989DB2E29648,2026-01-01
WIOM,001-SAKET,WM-03,Wiom ONT_SY-GPON-2000-WADONT-WHITE,Normal BAU,1,0,0,1,0,0,PCS,ELECTRONICS,,003-AGRA,,GRN/2025/3061,,2026-01-21T12:05:31,,WM-03,,,,TR/2425/17,TR/2425/17,2026-01-21T00:00:00,,Closed,,Rahul,Pradeep,,,,NOD/2526/7331,SY108488,,0,,2025-10-17T00:00:00,,1950,TO/2526/2,Warehouse,,1,,,,,,,0,0,DEL_CX6137,0,0,0,0,ONT,,,,,,Transfer Receipt,989DB2E286E0,2026-01-01
WIOM,001-SAKET,WM-03,Wiom ONT_SY-GPON-2000-WADONT-WHITE,Normal BAU,1,0,0,1,0,0,PCS,ELECTRONICS,,003-AGRA,,GRN/2025/3061,,2026-01-21T12:05:31,,WM-03,,,,TR/2425/17,TR/2425/17,2026-01-21T00:00:00,,Closed,,Rahul,Pradeep,,,,NOD/2526/7331,SY108660,,0,,2025-10-17T00:00:00,,1950,TO/2526/2,Warehouse,,1,,,,,,,0,0,DEL_CX6162,0,0,0,0,ONT,,,,,,Transfer Receipt,989DB2E28538,2026-01-01
WIOM,001-SAKET,WM-03,Wiom ONT_SY-GPON-2000-WADONT-WHITE,Normal BAU,1,0,0,1,0,0,PCS,ELECTRONICS,,003-AGRA,,GRN/2025/3061,,2026-01-21T12:05:31,,WM-03,,,,TR/2425/17,TR/2425/17,2026-01-21T00:00:00,,Closed,,Rahul,Pradeep,,,,NOD/2526/7331,SY108481,,0,,2025-10-17T00:00:00,,1950,TO/2526/2,Warehouse,,1,,,,,,,0,0,DEL_CX6137,0,0,0,0,ONT,,,,,,Transfer Receipt,989DB2E2A398,2026-01-01
WIOM,001-SAKET,WM-03,Wiom ONT_SY-GPON-2000-WADONT-WHITE,Normal BAU,1,0,0,1,0,0,PCS,ELECTRONICS,,003-AGRA,,GRN/2025/3061,,2026-01-21T12:05:31,,WM-03,,,,TR/2425/17,TR/2425/17,2026-01-21T00:00:00,,Closed,,Rahul,Pradeep,,,,NOD/2526/7331,SY108482,,0,,2025-10-17T00:00:00,,1950,TO/2526/2,Warehouse,,1,,,,,,,0,0,DEL_CX6137,0,0,0,0,ONT,,,,,,Transfer Receipt,989DB2E28890,2026-01-01
WIOM,001-SAKET,WM-03,Wiom ONT_SY-GPON-2000-WADONT-WHITE,Normal BAU,1,0,0,1,0,0,PCS,ELECTRONICS,,003-AGRA,,GRN/2025/3061,,2026-01-21T12:05:31,,WM-03,,,,TR/2425/17,TR/2425/17,2026-01-21T00:00:00,,Closed,,Rahul,Pradeep,,,,NOD/2526/7331,SY108483,,0,,2025-10-17T00:00:00,,1950,TO/2526/2,Warehouse,,1,,,,,,,0,0,DEL_CX6137,0,0,0,0,ONT,,,,,,Transfer Receipt,989DB2E28618,2026-01-01
WIOM,001-SAKET,WM-03,Wiom ONT_SY-GPON-2000-WADONT-WHITE,Normal BAU,1,0,0,1,0,0,PCS,ELECTRONICS,,003-AGRA,,GRN/2025/3061,,2026-01-21T12:05:31,,WM-03,,,,TR/2425/17,TR/2425/17,2026-01-21T00:00:00,,Closed,,Rahul,Pradeep,,,,NOD/2526/7331,SY108485,,0,,2025-10-17T00:00:00,,1950,TO/2526/2,Warehouse,,1,,,,,,,0,0,DEL_CX6137,0,0,0,0,ONT,,,,,,Transfer Receipt,989DB2E29E68,2026-01-01
WIOM,001-SAKET,WM-03,Wiom ONT_SY-GPON-2000-WADONT-WHITE,Normal BAU,1,0,0,1,0,0,PCS,ELECTRONICS,,003-AGRA,,GRN/2025/3061,,2026-01-21T12:05:31,,WM-03,,,,TR/2425/17,TR/2425/17,2026-01-21T00:00:00,,Closed,,Rahul,Pradeep,,,,NOD/2526/7331,SY108489,,0,,2025-10-17T00:00:00,,1950,TO/2526/2,Warehouse,,1,,,,,,,0,0,DEL_CX6137,0,0,0,0,ONT,,,,,,Transfer Receipt,989DB2E28298,2026-01-01
WIOM,001-SAKET,WM-03,Wiom ONT_SY-GPON-2000-WADONT-WHITE,Normal BAU,1,0,0,1,0,0,PCS,ELECTRONICS,,003-AGRA,,GRN/2025/3061,,2026-01-21T12:05:31,,WM-03,,,,TR/2425/17,TR/2425/17,2026-01-21T00:00:00,,Closed,,Rahul,Pradeep,,,,NOD/2526/7331,SY108484,,0,,2025-10-17T00:00:00,,1950,TO/2526/2,Warehouse,,1,,,,,,,0,0,DEL_CX6137,0,0,0,0,ONT,,,,,,Transfer Receipt,989DB2E29F28,2026-01-01
WIOM,001-SAKET,WM-03,Wiom ONT_SY-GPON-2000-WADONT-WHITE,Normal BAU,1,0,0,1,0,0,PCS,ELECTRONICS,,003-AGRA,,GRN/2025/3061,,2026-01-21T12:05:31,,WM-03,,,,TR/2425/17,TR/2425/17,2026-01-21T00:00:00,,Closed,,Rahul,Pradeep,,,,NOD/2526/7331,SY108487,,0,,2025-10-17T00:00:00,,1950,TO/2526/2,Warehouse,,1,,,,,,,0,0,DEL_CX6137,0,0,0,0,ONT,,,,,,Transfer Receipt,989DB2E293B8,2026-01-01
WIOM,001-SAKET,WM-03,Wiom ONT_SY-GPON-2000-WADONT-WHITE,Normal BAU,1,0,0,1,0,0,PCS,ELECTRONICS,,003-AGRA,,GRN/2025/3061,,2026-01-21T12:05:31,,WM-03,,,,TR/2425/17,TR/2425/17,2026-01-21T00:00:00,,Closed,,Rahul,Pradeep,,,,NOD/2526/7331,SY108658,,0,,2025-10-17T00:00:00,,1950,TO/2526/2,Warehouse,,1,,,,,,,0,0,DEL_CX6162,0,0,0,0,ONT,,,,,,Transfer Receipt,989DB2E27D88,2026-01-01
WIOM,001-SAKET,WM-03,Wiom ONT_SY-GPON-2000-WADONT-WHITE,Normal BAU,1,0,0,1,0,0,PCS,ELECTRONICS,,003-AGRA,,GRN/2025/3061,,2026-01-21T12:05:31,,WM-03,,,,TR/2425/17,TR/2425/17,2026-01-21T00:00:00,,Closed,,Rahul,Pradeep,,,,NOD/2526/7331,SY108491,,0,,2025-10-17T00:00:00,,1950,TO/2526/2,Warehouse,,1,,,,,,,0,0,DEL_CX6137,0,0,0,0,ONT,,,,,,Transfer Receipt,989DB2E2A080,2026-01-01
WIOM,001-SAKET,WM-03,Wiom ONT_SY-GPON-2000-WADONT-WHITE,Normal BAU,1,0,0,1,0,0,PCS,ELECTRONICS,,003-AGRA,,GRN/2025/3061,,2026-01-21T12:05:31,,WM-03,,,,TR/2425/17,TR/2425/17,2026-01-21T00:00:00,,Closed,,Rahul,Pradeep,,,,NOD/2526/7331,SY108490,,0,,2025-10-17T00:00:00,,1950,TO/2526/2,Warehouse,,1,,,,,,,0,0,DEL_CX6137,0,0,0,0,ONT,,,,,,Transfer Receipt,989DB2E28700,2026-01-01
WIOM,001-SAKET,WM-03,Wiom ONT_SY-GPON-2000-WADONT-WHITE,Normal BAU,1,0,0,1,0,0,PCS,ELECTRONICS,,003-AGRA,,GRN/2025/3061,,2026-01-21T12:05:31,,WM-03,,,,TR/2425/17,TR/2425/17,2026-01-21T00:00:00,,Closed,,Rahul,Pradeep,,,,NOD/2526/7331,SY108493,,0,,2025-10-17T00:00:00,,1950,TO/2526/2,Warehouse,,1,,,,,,,0,0,DEL_CX6137,0,0,0,0,ONT,,,,,,Transfer Receipt,989DB2E281C0,2026-01-01
WIOM,001-SAKET,WM-03,Wiom ONT_SY-GPON-2000-WADONT-WHITE,Normal BAU,1,0,0,1,0,0,PCS,ELECTRONICS,,003-AGRA,,GRN/2025/3061,,2026-01-21T12:05:31,,WM-03,,,,TR/2425/17,TR/2425/17,2026-01-21T00:00:00,,Closed,,Rahul,Pradeep,,,,NOD/2526/7331,SY108494,,0,,2025-10-17T00:00:00,,1950,TO/2526/2,Warehouse,,1,,,,,,,0,0,DEL_CX6137,0,0,0,0,ONT,,,,,,Transfer Receipt,989DB2E282E8,2026-01-01
WIOM,001-SAKET,WM-03,Wiom ONT_SY-GPON-2000-WADONT-WHITE,Normal BAU,1,0,0,1,0,0,PCS,ELECTRONICS,,003-AGRA,,GRN/2025/3061,,2026-01-21T12:05:31,,WM-03,,,,TR/2425/17,TR/2425/17,2026-01-21T00:00:00,,Closed,,Rahul,Pradeep,,,,NOD/2526/7331,SY108492,,0,,2025-10-17T00:00:00,,1950,TO/2526/2,Warehouse,,1,,,,,,,0,0,DEL_CX6137,0,0,0,0,ONT,,,,,,Transfer Receipt,989DB2E286D0,2026-01-01
WIOM,001-SAKET,WM-03,Wiom ONT_SY-GPON-2000-WADONT-WHITE,Normal BAU,1,0,0,1,0,0,PCS,ELECTRONICS,,003-AGRA,,GRN/2025/3061,,2026-01-21T12:05:31,,WM-03,,,,TR/2425/17,TR/2425/17,2026-01-21T00:00:00,,Closed,,Rahul,Pradeep,,,,NOD/2526/7331,SY108495,,0,,2025-10-17T00:00:00,,1950,TO/2526/2,Warehouse,,1,,,,,,,0,0,DEL_CX6137,0,0,0,0,ONT,,,,,,Transfer Receipt,989DB2E28708,2026-01-01
WIOM,001-SAKET,WM-03,Wiom ONT_SY-GPON-2000-WADONT-WHITE,Normal BAU,1,0,0,1,0,0,PCS,ELECTRONICS,,003-AGRA,,GRN/2025/3061,,2026-01-21T12:05:31,,WM-03,,,,TR/2425/17,TR/2425/17,2026-01-21T00:00:00,,Closed,,Rahul,Pradeep,,,,NOD/2526/7331,SY108496,,0,,2025-10-17T00:00:00,,1950,TO/2526/2,Warehouse,,1,,,,,,,0,0,DEL_CX6137,0,0,0,0,ONT,,,,,,Transfer Receipt,989DB2E28648,2026-01-01
WIOM,001-SAKET,WM-03,Wiom ONT_SY-GPON-2000-WADONT-WHITE,Normal BAU,1,0,0,1,0,0,PCS,ELECTRONICS,,003-AGRA,,GRN/2025/3061,,2026-01-21T12:05:31,,WM-03,,,,TR/2425/17,TR/2425/17,2026-01-21T00:00:00,,Closed,,Rahul,Pradeep,,,,NOD/2526/7331,SY108497,,0,,2025-10-17T00:00:00,,1950,TO/2526/2,Warehouse,,1,,,,,,,0,0,DEL_CX6137,0,0,0,0,ONT,,,,,,Transfer Receipt,989DB2E286C0,2026-01-01
WIOM,001-SAKET,WM-03,Wiom ONT_SY-GPON-2000-WADONT-WHITE,Normal BAU,1,0,0,1,0,0,PCS,ELECTRONICS,,003-AGRA,,GRN/2025/3061,,2026-01-21T12:05:31,,WM-03,,,,TR/2425/17,TR/2425/17,2026-01-21T00:00:00,,Closed,,Rahul,Pradeep,,,,NOD/2526/7331,SY108500,,0,,2025-10-17T00:00:00,,1950,TO/2526/2,Warehouse,,1,,,,,,,0,0,DEL_CX6137,0,0,0,0,ONT,,,,,,Transfer Receipt,989DB2E281E8,2026-01-01
WIOM,001-SAKET,WM-03,Wiom ONT_SY-GPON-2000-WADONT-WHITE,Normal BAU,1,0,0,1,0,0,PCS,ELECTRONICS,,003-AGRA,,GRN/2025/3061,,2026-01-21T12:05:31,,WM-03,,,,TR/2425/17,TR/2425/17,2026-01-21T00:00:00,,Closed,,Rahul,Pradeep,,,,NOD/2526/7331,SY108498,,0,,2025-10-17T00:00:00,,1950,TO/2526/2,Warehouse,,1,,,,,,,0,0,DEL_CX6137,0,0,0,0,ONT,,,,,,Transfer Receipt,989DB2E286D8,2026-01-01
WIOM,001-SAKET,WM-03,Wiom ONT_SY-GPON-2000-WADONT-WHITE,Normal BAU,1,0,0,1,0,0,PCS,ELECTRONICS,,003-AGRA,,GRN/2025/3061,,2026-01-21T12:05:31,,WM-03,,,,TR/2425/17,TR/2425/17,2026-01-21T00:00:00,,Closed,,Rahul,Pradeep,,,,NOD/2526/7331,SY108641,,0,,2025-10-17T00:00:00,,1950,TO/2526/2,Warehouse,,1,,,,,,,0,0,DEL_CX6162,0,0,0,0,ONT,,,,,,Transfer Receipt,989DB2E28420,2026-01-01
WIOM,001-SAKET,WM-03,Wiom ONT_SY-GPON-2000-WADONT-WHITE,Normal BAU,1,0,0,1,0,0,PCS,ELECTRONICS,,003-AGRA,,GRN/2025/3061,,2026-01-21T12:05:31,,WM-03,,,,TR/2425/17,TR/2425/17,2026-01-21T00:00:00,,Closed,,Rahul,Pradeep,,,,NOD/2526/7331,SY108642,,0,,2025-10-17T00:00:00,,1950,TO/2526/2,Warehouse,,1,,,,,,,0,0,DEL_CX6162,0,0,0,0,ONT,,,,,,Transfer Receipt,989DB2E29110,2026-01-01
WIOM,001-SAKET,WM-03,Wiom ONT_SY-GPON-2000-WADONT-WHITE,Normal BAU,1,0,0,1,0,0,PCS,ELECTRONICS,,003-AGRA,,GRN/2025/3061,,2026-01-21T12:05:31,,WM-03,,,,TR/2425/17,TR/2425/17,2026-01-21T00:00:00,,Closed,,Rahul,Pradeep,,,,NOD/2526/7331,SY108645,,0,,2025-10-17T00:00:00,,1950,TO/2526/2,Warehouse,,1,,,,,,,0,0,DEL_CX6162,0,0,0,0,ONT,,,,,,Transfer Receipt,989DB2E29118,2026-01-01
WIOM,001-SAKET,WM-03,Wiom ONT_SY-GPON-2000-WADONT-WHITE,Normal BAU,1,0,0,1,0,0,PCS,ELECTRONICS,,003-AGRA,,GRN/2025/3061,,2026-01-21T12:05:31,,WM-03,,,,TR/2425/17,TR/2425/17,2026-01-21T00:00:00,,Closed,,Rahul,Pradeep,,,,NOD/2526/7331,SY108643,,0,,2025-10-17T00:00:00,,1950,TO/2526/2,Warehouse,,1,,,,,,,0,0,DEL_CX6162,0,0,0,0,ONT,,,,,,Transfer Receipt,989DB2E28418,2026-01-01
WIOM,001-SAKET,WM-03,Wiom ONT_SY-GPON-2000-WADONT-WHITE,Normal BAU,1,0,0,1,0,0,PCS,ELECTRONICS,,003-AGRA,,GRN/2025/3061,,2026-01-21T12:05:31,,WM-03,,,,TR/2425/17,TR/2425/17,2026-01-21T00:00:00,,Closed,,Rahul,Pradeep,,,,NOD/2526/7331,SY108644,,0,,2025-10-17T00:00:00,,1950,TO/2526/2,Warehouse,,1,,,,,,,0,0,DEL_CX6162,0,0,0,0,ONT,,,,,,Transfer Receipt,989DB2E27A58,2026-01-01
WIOM,001-SAKET,WM-03,Wiom ONT_SY-GPON-2000-WADONT-WHITE,Normal BAU,1,0,0,1,0,0,PCS,ELECTRONICS,,003-AGRA,,GRN/2025/3061,,2026-01-21T12:05:31,,WM-03,,,,TR/2425/17,TR/2425/17,2026-01-21T00:00:00,,Closed,,Rahul,Pradeep,,,,NOD/2526/7331,SY108648,,0,,2025-10-17T00:00:00,,1950,TO/2526/2,Warehouse,,1,,,,,,,0,0,DEL_CX6162,0,0,0,0,ONT,,,,,,Transfer Receipt,989DB2E28F50,2026-01-01
WIOM,001-SAKET,WM-03,Wiom ONT_SY-GPON-2000-WADONT-WHITE,Normal BAU,1,0,0,1,0,0,PCS,ELECTRONICS,,003-AGRA,,GRN/2025/3061,,2026-01-21T12:05:31,,WM-03,,,,TR/2425/17,TR/2425/17,2026-01-21T00:00:00,,Closed,,Rahul,Pradeep,,,,NOD/2526/7331,SY108650,,0,,2025-10-17T00:00:00,,1950,TO/2526/2,Warehouse,,1,,,,,,,0,0,DEL_CX6162,0,0,0,0,ONT,,,,,,Transfer Receipt,989DB2E283C0,2026-01-01
WIOM,001-SAKET,WM-03,Wiom ONT_SY-GPON-2000-WADONT-WHITE,Normal BAU,1,0,0,1,0,0,PCS,ELECTRONICS,,003-AGRA,,GRN/2025/3061,,2026-01-21T12:05:31,,WM-03,,,,TR/2425/17,TR/2425/17,2026-01-21T00:00:00,,Closed,,Rahul,Pradeep,,,,NOD/2526/7331,SY108649,,0,,2025-10-17T00:00:00,,1950,TO/2526/2,Warehouse,,1,,,,,,,0,0,DEL_CX6162,0,0,0,0,ONT,,,,,,Transfer Receipt,989DB2E29128,2026-01-01
WIOM,001-SAKET,WM-03,Wiom ONT_SY-GPON-2000-WADONT-WHITE,Normal BAU,1,0,0,1,0,0,PCS,ELECTRONICS,,003-AGRA,,GRN/2025/3061,,2026-01-21T12:05:31,,WM-03,,,,TR/2425/17,TR/2425/17,2026-01-21T00:00:00,,Closed,,Rahul,Pradeep,,,,NOD/2526/7331,SY108647,,0,,2025-10-17T00:00:00,,1950,TO/2526/2,Warehouse,,1,,,,,,,0,0,DEL_CX6162,0,0,0,0,ONT,,,,,,Transfer Receipt,989DB2E289B0,2026-01-01
WIOM,001-SAKET,WM-03,Wiom ONT_SY-GPON-2000-WADONT-WHITE,Normal BAU,1,0,0,1,0,0,PCS,ELECTRONICS,,003-AGRA,,GRN/2025/3061,,2026-01-21T12:05:31,,WM-03,,,,TR/2425/17,TR/2425/17,2026-01-21T00:00:00,,Closed,,Rahul,Pradeep,,,,NOD/2526/7331,SY108651,,0,,2025-10-17T00:00:00,,1950,TO/2526/2,Warehouse,,1,,,,,,,0,0,DEL_CX6162,0,0,0,0,ONT,,,,,,Transfer Receipt,989DB2E289F0,2026-01-01
WIOM,001-SAKET,WM-03,Wiom ONT_SY-GPON-2000-WADONT-WHITE,Normal BAU,1,0,0,1,0,0,PCS,ELECTRONICS,,003-AGRA,,GRN/2025/3061,,2026-01-21T12:05:31,,WM-03,,,,TR/2425/17,TR/2425/17,2026-01-21T00:00:00,,Closed,,Rahul,Pradeep,,,,NOD/2526/7331,SY108654,,0,,2025-10-17T00:00:00,,1950,TO/2526/2,Warehouse,,1,,,,,,,0,0,DEL_CX6162,0,0,0,0,ONT,,,,,,Transfer Receipt,989DB2E28C98,2026-01-01
WIOM,001-SAKET,WM-03,Wiom ONT_SY-GPON-2000-WADONT-WHITE,Normal BAU,1,0,0,1,0,0,PCS,ELECTRONICS,,003-AGRA,,GRN/2025/3061,,2026-01-21T12:05:31,,WM-03,,,,TR/2425/17,TR/2425/17,2026-01-21T00:00:00,,Closed,,Rahul,Pradeep,,,,NOD/2526/7331,SY108486,,0,,2025-10-17T00:00:00,,1950,TO/2526/2,Warehouse,,1,,,,,,,0,0,DEL_CX6137,0,0,0,0,ONT,,,,,,Transfer Receipt,989DB2E28238,2026-01-01
WIOM,001-SAKET,WM-03,Wiom ONT_SY-GPON-2000-WADONT-WHITE,Normal BAU,1,0,0,1,0,0,PCS,ELECTRONICS,,003-AGRA,,GRN/2025/3061,,2026-01-21T12:05:31,,WM-03,,,,TR/2425/17,TR/2425/17,2026-01-21T00:00:00,,Closed,,Rahul,Pradeep,,,,NOD/2526/7331,SY108656,,0,,2025-10-17T00:00:00,,1950,TO/2526/2,Warehouse,,1,,,,,,,0,0,DEL_CX6162,0,0,0,0,ONT,,,,,,Transfer Receipt,989DB2E27A28,2026-01-01
WIOM,001-SAKET,WM-03,Wiom ONT_SY-GPON-2000-WADONT-WHITE,Normal BAU,1,0,0,1,0,0,PCS,ELECTRONICS,,003-AGRA,,GRN/2025/3061,,2026-01-21T12:05:31,,WM-03,,,,TR/2425/17,TR/2425/17,2026-01-21T00:00:00,,Closed,,Rahul,Pradeep,,,,NOD/2526/7331,SY108657,,0,,2025-10-17T00:00:00,,1950,TO/2526/2,Warehouse,,1,,,,,,,0,0,DEL_CX6162,0,0,0,0,ONT,,,,,,Transfer Receipt,989DB2E295D0,2026-01-01
WIOM,001-SAKET,WM-03,Wiom ONT_SY-GPON-2000-WADONT-WHITE,Normal BAU,1,0,0,1,0,0,PCS,ELECTRONICS,,003-AGRA,,GRN/2025/3061,,2026-01-21T12:05:31,,WM-03,,,,TR/2425/17,TR/2425/17,2026-01-21T00:00:00,,Closed,,Rahul,Pradeep,,,,NOD/2526/7331,SY108655,,0,,2025-10-17T00:00:00,,1950,TO/2526/2,Warehouse,,1,,,,,,,0,0,DEL_CX6162,0,0,0,0,ONT,,,,,,Transfer Receipt,989DB2E284A0,2026-01-01
WIOM,001-SAKET,WM-03,Wiom ONT_SY-GPON-2000-WADONT-WHITE,Normal BAU,1,0,0,1,0,0,PCS,ELECTRONICS,,003-AGRA,,GRN/2025/3061,,2026-01-21T12:05:31,,WM-03,,,,TR/2425/17,TR/2425/17,2026-01-21T00:00:00,,Closed,,Rahul,Pradeep,,,,NOD/2526/7331,SY108499,,0,,2025-10-17T00:00:00,,1950,TO/2526/2,Warehouse,,1,,,,,,,0,0,DEL_CX6137,0,0,0,0,ONT,,,,,,Transfer Receipt,989DB2E287A8,2026-01-01
WIOM,001-SAKET,WM-03,Wiom ONT_SY-GPON-2000-WADONT-WHITE,Normal BAU,1,0,0,1,0,0,PCS,ELECTRONICS,,003-AGRA,,GRN/2025/3061,,2026-01-21T12:05:31,,WM-03,,,,TR/2425/17,TR/2425/17,2026-01-21T00:00:00,,Closed,,Rahul,Pradeep,,,,NOD/2526/7331,SY108653,,0,,2025-10-17T00:00:00,,1950,TO/2526/2,Warehouse,,1,,,,,,,0,0,DEL_CX6162,0,0,0,0,ONT,,,,,,Transfer Receipt,989DB2E28218,2026-01-01
WIOM,001-SAKET,WM-03,Wiom ONT_SY-GPON-2000-WADONT-WHITE,Normal BAU,1,0,0,1,0,0,PCS,ELECTRONICS,,003-AGRA,,GRN/2025/3061,,2026-01-21T12:05:31,,WM-03,,,,TR/2425/17,TR/2425/17,2026-01-21T00:00:00,,Closed,,Rahul,Pradeep,,,,NOD/2526/7331,SY108646,,0,,2025-10-17T00:00:00,,1950,TO/2526/2,Warehouse,,1,,,,,,,0,0,DEL_CX6162,0,0,0,0,ONT,,,,,,Transfer Receipt,989DB2E27A80,2026-01-01
WIOM,001-SAKET,WM-03,Wiom ONT_SY-GPON-2000-WADONT-WHITE,Normal BAU,1,0,0,1,0,0,PCS,ELECTRONICS,,003-AGRA,,GRN/2025/3061,,2026-01-21T12:05:31,,WM-03,,,,TR/2425/17,TR/2425/17,2026-01-21T00:00:00,,Closed,,Rahul,Pradeep,,,,NOD/2526/7331,SY108659,,0,,2025-10-17T00:00:00,,1950,TO/2526/2,Warehouse,,1,,,,,,,0,0,DEL_CX6162,0,0,0,0,ONT,,,,,,Transfer Receipt,989DB2E284D8,2026-01-01
WIOM,001-SAKET,WM-02,Wiom ONT_GX-Titanium E20/Earth 2022,Normal BAU,1,0,0,1,0,0,PCS,ELECTRONICS,,011-MATHURA,,GRN/2025/3037,,2026-01-21T11:01:03,,WM-02,,,,TR/2425/15,TR/2425/15,2026-01-21T00:00:00,,Closed,,Rahul,Rahul,,,,GX/G/25-26/539,GX147695,,0,,2025-10-29T00:00:00,,2200,TO/2025/19,Warehouse,,1,,,,,,,0,0,DEL_CX6867,0,0,0,0,ONT,,,,,,Transfer Receipt,B48618946972,2026-01-01
WIOM,001-SAKET,WM-02,Wiom ONT_GX-Titanium E20/Earth 2022,Normal BAU,1,0,0,1,0,0,PCS,ELECTRONICS,,011-MATHURA,,GRN/2025/3037,,2026-01-21T11:01:03,,WM-02,,,,TR/2425/15,TR/2425/15,2026-01-21T00:00:00,,Closed,,Rahul,Rahul,,,,GX/G/25-26/539,GX147824,,0,,2025-10-29T00:00:00,,2200,TO/2025/19,Warehouse,,1,,,,,,,0,0,DEL_CX6867,0,0,0,0,ONT,,,,,,Transfer Receipt,B48618948582,2026-01-01
WIOM,001-SAKET,WM-02,Wiom ONT_GX-Titanium E20/Earth 2022,Normal BAU,1,0,0,1,0,0,PCS,ELECTRONICS,,011-MATHURA,,GRN/2025/3037,,2026-01-21T11:01:03,,WM-02,,,,TR/2425/15,TR/2425/15,2026-01-21T00:00:00,,Closed,,Rahul,Rahul,,,,GX/G/25-26/539,GX147823,,0,,2025-10-29T00:00:00,,2200,TO/2025/19,Warehouse,,1,,,,,,,0,0,DEL_CX6867,0,0,0,0,ONT,,,,,,Transfer Receipt,B4861892CB72,2026-01-01
WIOM,001-SAKET,WM-02,Wiom ONT_GX-Titanium E20/Earth 2022,Normal BAU,1,0,0,1,0,0,PCS,ELECTRONICS,,011-MATHURA,,GRN/2025/3037,,2026-01-21T11:01:03,,WM-02,,,,TR/2425/15,TR/2425/15,2026-01-21T00:00:00,,Closed,,Rahul,Rahul,,,,GX/G/25-26/539,GX147705,,0,,2025-10-29T00:00:00,,2200,TO/2025/19,Warehouse,,1,,,,,,,0,0,DEL_CX6867,0,0,0,0,ONT,,,,,,Transfer Receipt,B48618948D12,2026-01-01
WIOM,001-SAKET,WM-02,Wiom ONT_GX-Titanium E20/Earth 2022,Normal BAU,1,0,0,1,0,0,PCS,ELECTRONICS,,011-MATHURA,,GRN/2025/3037,,2026-01-21T11:01:03,,WM-02,,,,TR/2425/15,TR/2425/15,2026-01-21T00:00:00,,Closed,,Rahul,Rahul,,,,GX/G/25-26/539,GX147831,,0,,2025-10-29T00:00:00,,2200,TO/2025/19,Warehouse,,1,,,,,,,0,0,DEL_CX6867,0,0,0,0,ONT,,,,,,Transfer Receipt,B48618940FF2,2026-01-01
WIOM,001-SAKET,WM-02,Wiom ONT_GX-Titanium E20/Earth 2022,Normal BAU,1,0,0,1,0,0,PCS,ELECTRONICS,,011-MATHURA,,GRN/2025/3037,,2026-01-21T11:01:03,,WM-02,,,,TR/2425/15,TR/2425/15,2026-01-21T00:00:00,,Closed,,Rahul,Rahul,,,,GX/G/25-26/580,GX147921,,0,,2025-11-18T00:00:00,,2200,TO/2025/19,Warehouse,,1,,,,,,,0,0,DEL_CX7617,0,0,0,0,ONT,,,,,,Transfer Receipt,B486189BC896,2026-01-01
WIOM,001-SAKET,WM-02,Wiom ONT_GX-Titanium E20/Earth 2022,Normal BAU,1,0,0,1,0,0,PCS,ELECTRONICS,,011-MATHURA,,GRN/2025/3037,,2026-01-21T11:01:03,,WM-02,,,,TR/2425/15,TR/2425/15,2026-01-21T00:00:00,,Closed,,Rahul,Rahul,,,,GX/G/25-26/539,GX148164,,0,,2025-10-29T00:00:00,,2200,TO/2025/19,Warehouse,,1,,,,,,,0,0,DEL_CX6885,0,0,0,0,ONT,,,,,,Transfer Receipt,B4861894A402,2026-01-01
WIOM,001-SAKET,WM-02,Wiom ONT_GX-Titanium E20/Earth 2022,Normal BAU,1,0,0,1,0,0,PCS,ELECTRONICS,,011-MATHURA,,GRN/2025/3037,,2026-01-21T11:01:03,,WM-02,,,,TR/2425/15,TR/2425/15,2026-01-21T00:00:00,,Closed,,Rahul,Rahul,,,,GX/G/25-26/539,GX149630,,0,,2025-10-29T00:00:00,,2200,TO/2025/19,Warehouse,,1,,,,,,,0,0,DEL_CX6867,0,0,0,0,ONT,,,,,,Transfer Receipt,B4861893EA02,2026-01-01
WIOM,001-SAKET,WM-02,Wiom ONT_GX-Titanium E20/Earth 2022,Normal BAU,1,0,0,1,0,0,PCS,ELECTRONICS,,011-MATHURA,,GRN/2025/3037,,2026-01-21T11:01:03,,WM-02,,,,TR/2425/15,TR/2425/15,2026-01-21T00:00:00,,Closed,,Rahul,Rahul,,,,GX/G/25-26/539,GX148527,,0,,2025-10-29T00:00:00,,2200,TO/2025/19,Warehouse,,1,,,,,,,0,0,DEL_CX6885,0,0,0,0,ONT,,,,,,Transfer Receipt,B48618929992,2026-01-01
WIOM,001-SAKET,WM-02,Wiom ONT_GX-Titanium E20/Earth 2022,Normal BAU,1,0,0,1,0,0,PCS,ELECTRONICS,,011-MATHURA,,GRN/2025/3037,,2026-01-21T11:01:03,,WM-02,,,,TR/2425/15,TR/2425/15,2026-01-21T00:00:00,,Closed,,Rahul,Rahul,,,,GX/G/25-26/546,GX150012,,0,,2025-10-31T00:00:00,,2200,TO/2025/19,Warehouse,,1,,,,,,,0,0,DEL_CX6968,0,0,0,0,ONT,,,,,,Transfer Receipt,B4861893FC82,2026-01-01
WIOM,001-SAKET,WM-02,Wiom ONT_GX-Titanium E20/Earth 2022,Normal BAU,1,0,0,1,0,0,PCS,ELECTRONICS,,011-MATHURA,,GRN/2025/3037,,2026-01-21T11:01:03,,WM-02,,,,TR/2425/15,TR/2425/15,2026-01-21T00:00:00,,Closed,,Rahul,Rahul,,,,GX/G/25-26/539,GX148171,,0,,2025-10-29T00:00:00,,2200,TO/2025/19,Warehouse,,1,,,,,,,0,0,DEL_CX6885,0,0,0,0,ONT,,,,,,Transfer Receipt,B48618941B42,2026-01-01
WIOM,001-SAKET,WM-02,Wiom ONT_GX-Titanium E20/Earth 2022,Normal BAU,1,0,0,1,0,0,PCS,ELECTRONICS,,011-MATHURA,,GRN/2025/3037,,2026-01-21T11:01:03,,WM-02,,,,TR/2425/15,TR/2425/15,2026-01-21T00:00:00,,Closed,,Rahul,Rahul,,,,GX/G/25-26/539,GX148339,,0,,2025-10-29T00:00:00,,2200,TO/2025/19,Warehouse,,1,,,,,,,0,0,DEL_CX6885,0,0,0,0,ONT,,,,,,Transfer Receipt,B4861892CFC2,2026-01-01
WIOM,001-SAKET,WM-02,Wiom ONT_GX-Titanium E20/Earth 2022,Normal BAU,1,0,0,1,0,0,PCS,ELECTRONICS,,011-MATHURA,,GRN/2025/3037,,2026-01-21T11:01:03,,WM-02,,,,TR/2425/15,TR/2425/15,2026-01-21T00:00:00,,Closed,,Rahul,Rahul,,,,GX/G/25-26/539,GX148243,,0,,2025-10-29T00:00:00,,2200,TO/2025/19,Warehouse,,1,,,,,,,0,0,DEL_CX6885,0,0,0,0,ONT,,,,,,Transfer Receipt,B4861892A8B2,2026-01-01
WIOM,001-SAKET,WM-02,Wiom ONT_GX-Titanium E20/Earth 2022,Normal BAU,1,0,0,1,0,0,PCS,ELECTRONICS,,011-MATHURA,,GRN/2025/3037,,2026-01-21T11:01:03,,WM-02,,,,TR/2425/15,TR/2425/15,2026-01-21T00:00:00,,Closed,,Rahul,Rahul,,,,GX/G/25-26/539,GX148169,,0,,2025-10-29T00:00:00,,2200,TO/2025/19,Warehouse,,1,,,,,,,0,0,DEL_CX6885,0,0,0,0,ONT,,,,,,Transfer Receipt,B486189423D2,2026-01-01
WIOM,001-SAKET,WM-02,Wiom ONT_GX-Titanium E20/Earth 2022,Normal BAU,1,0,0,1,0,0,PCS,ELECTRONICS,,011-MATHURA,,GRN/2025/3037,,2026-01-21T11:01:03,,WM-02,,,,TR/2425/15,TR/2425/15,2026-01-21T00:00:00,,Closed,,Rahul,Rahul,,,,GX/G/25-26/539,GX148372,,0,,2025-10-29T00:00:00,,2200,TO/2025/19,Warehouse,,1,,,,,,,0,0,DEL_CX6885,0,0,0,0,ONT,,,,,,Transfer Receipt,B4861892BF02,2026-01-01
WIOM,001-SAKET,WM-02,Wiom ONT_GX-Titanium E20/Earth 2022,Normal BAU,1,0,0,1,0,0,PCS,ELECTRONICS,,011-MATHURA,,GRN/2025/3037,,2026-01-21T11:01:03,,WM-02,,,,TR/2425/15,TR/2425/15,2026-01-21T00:00:00,,Closed,,Rahul,Rahul,,,,GX/G/25-26/539,GX148576,,0,,2025-10-29T00:00:00,,2200,TO/2025/19,Warehouse,,1,,,,,,,0,0,DEL_CX6885,0,0,0,0,ONT,,,,,,Transfer Receipt,B4861892A0E2,2026-01-01
WIOM,001-SAKET,WM-02,Wiom ONT_GX-Titanium E20/Earth 2022,Normal BAU,1,0,0,1,0,0,PCS,ELECTRONICS,,011-MATHURA,,GRN/2025/3037,,2026-01-21T11:01:03,,WM-02,,,,TR/2425/15,TR/2425/15,2026-01-21T00:00:00,,Closed,,Rahul,Rahul,,,,GX/G/25-26/539,GX148567,,0,,2025-10-29T00:00:00,,2200,TO/2025/19,Warehouse,,1,,,,,,,0,0,DEL_CX6885,0,0,0,0,ONT,,,,,,Transfer Receipt,B4861892CD42,2026-01-01
WIOM,001-SAKET,WM-02,Wiom ONT_GX-Titanium E20/Earth 2022,Normal BAU,1,0,0,1,0,0,PCS,ELECTRONICS,,011-MATHURA,,GRN/2025/3037,,2026-01-21T11:01:03,,WM-02,,,,TR/2425/15,TR/2425/15,2026-01-21T00:00:00,,Closed,,Rahul,Rahul,,,,GX/G/25-26/539,GX148581,,0,,2025-10-29T00:00:00,,2200,TO/2025/19,Warehouse,,1,,,,,,,0,0,DEL_CX6885,0,0,0,0,ONT,,,,,,Transfer Receipt,B48618929E92,2026-01-01
WIOM,001-SAKET,WM-02,Wiom ONT_GX-Titanium E20/Earth 2022,Normal BAU,1,0,0,1,0,0,PCS,ELECTRONICS,,011-MATHURA,,GRN/2025/3037,,2026-01-21T11:01:03,,WM-02,,,,TR/2425/15,TR/2425/15,2026-01-21T00:00:00,,Closed,,Rahul,Rahul,,,,GX/G/25-26/539,GX148588,,0,,2025-10-29T00:00:00,,2200,TO/2025/19,Warehouse,,1,,,,,,,0,0,DEL_CX6885,0,0,0,0,ONT,,,,,,Transfer Receipt,B4861892A112,2026-01-01
WIOM,001-SAKET,WM-02,Wiom ONT_GX-Titanium E20/Earth 2022,Normal BAU,1,0,0,1,0,0,PCS,ELECTRONICS,,011-MATHURA,,GRN/2025/3037,,2026-01-21T11:01:03,,WM-02,,,,TR/2425/15,TR/2425/15,2026-01-21T00:00:00,,Closed,,Rahul,Rahul,,,,GX/G/25-26/539,GX148582,,0,,2025-10-29T00:00:00,,2200,TO/2025/19,Warehouse,,1,,,,,,,0,0,DEL_CX6885,0,0,0,0,ONT,,,,,,Transfer Receipt,B48618949ED2,2026-01-01
WIOM,001-SAKET,WM-02,Wiom ONT_GX-Titanium E20/Earth 2022,Normal BAU,1,0,0,1,0,0,PCS,ELECTRONICS,,011-MATHURA,,GRN/2025/3037,,2026-01-21T11:01:03,,WM-02,,,,TR/2425/15,TR/2425/15,2026-01-21T00:00:00,,Closed,,Rahul,Rahul,,,,GX/G/25-26/539,GX148580,,0,,2025-10-29T00:00:00,,2200,TO/2025/19,Warehouse,,1,,,,,,,0,0,DEL_CX6885,0,0,0,0,ONT,,,,,,Transfer Receipt,B48618933562,2026-01-01
WIOM,001-SAKET,WM-02,Wiom ONT_GX-Titanium E20/Earth 2022,Normal BAU,1,0,0,1,0,0,PCS,ELECTRONICS,,011-MATHURA,,GRN/2025/3037,,2026-01-21T11:01:03,,WM-02,,,,TR/2425/15,TR/2425/15,2026-01-21T00:00:00,,Closed,,Rahul,Rahul,,,,GX/G/25-26/539,GX148557,,0,,2025-10-29T00:00:00,,2200,TO/2025/19,Warehouse,,1,,,,,,,0,0,DEL_CX6885,0,0,0,0,ONT,,,,,,Transfer Receipt,B4861892CE22,2026-01-01
WIOM,001-SAKET,WM-02,Wiom ONT_GX-Titanium E20/Earth 2022,Normal BAU,1,0,0,1,0,0,PCS,ELECTRONICS,,011-MATHURA,,GRN/2025/3037,,2026-01-21T11:01:03,,WM-02,,,,TR/2425/15,TR/2425/15,2026-01-21T00:00:00,,Closed,,Rahul,Rahul,,,,GX/G/25-26/539,GX149306,,0,,2025-10-29T00:00:00,,2200,TO/2025/19,Warehouse,,1,,,,,,,0,0,DEL_CX6867,0,0,0,0,ONT,,,,,,Transfer Receipt,B4861893A812,2026-01-01
WIOM,001-SAKET,WM-02,Wiom ONT_GX-Titanium E20/Earth 2022,Normal BAU,1,0,0,1,0,0,PCS,ELECTRONICS,,011-MATHURA,,GRN/2025/3037,,2026-01-21T11:01:03,,WM-02,,,,TR/2425/15,TR/2425/15,2026-01-21T00:00:00,,Closed,,Rahul,Rahul,,,,GX/G/25-26/539,GX149060,,0,,2025-10-29T00:00:00,,2200,TO/2025/19,Warehouse,,1,,,,,,,0,0,DEL_CX6867,0,0,0,0,ONT,,,,,,Transfer Receipt,B4861893EE82,2026-01-01
WIOM,001-SAKET,WM-02,Wiom ONT_GX-Titanium E20/Earth 2022,Normal BAU,1,0,0,1,0,0,PCS,ELECTRONICS,,011-MATHURA,,GRN/2025/3037,,2026-01-21T11:01:03,,WM-02,,,,TR/2425/15,TR/2425/15,2026-01-21T00:00:00,,Closed,,Rahul,Rahul,,,,GX/G/25-26/539,GX149034,,0,,2025-10-29T00:00:00,,2200,TO/2025/19,Warehouse,,1,,,,,,,0,0,DEL_CX6867,0,0,0,0,ONT,,,,,,Transfer Receipt,B486189268F2,2026-01-01
WIOM,001-SAKET,WM-02,Wiom ONT_GX-Titanium E20/Earth 2022,Normal BAU,1,0,0,1,0,0,PCS,ELECTRONICS,,011-MATHURA,,GRN/2025/3037,,2026-01-21T11:01:03,,WM-02,,,,TR/2425/15,TR/2425/15,2026-01-21T00:00:00,,Closed,,Rahul,Rahul,,,,GX/G/25-26/539,GX149509,,0,,2025-10-29T00:00:00,,2200,TO/2025/19,Warehouse,,1,,,,,,,0,0,DEL_CX6867,0,0,0,0,ONT,,,,,,Transfer Receipt,B4861892AB52,2026-01-01
WIOM,001-SAKET,WM-02,Wiom ONT_GX-Titanium E20/Earth 2022,Normal BAU,1,0,0,1,0,0,PCS,ELECTRONICS,,011-MATHURA,,GRN/2025/3037,,2026-01-21T11:01:03,,WM-02,,,,TR/2425/15,TR/2425/15,2026-01-21T00:00:00,,Closed,,Rahul,Rahul,,,,GX/G/25-26/539,GX149649,,0,,2025-10-29T00:00:00,,2200,TO/2025/19,Warehouse,,1,,,,,,,0,0,DEL_CX6867,0,0,0,0,ONT,,,,,,Transfer Receipt,B486189471E2,2026-01-01
WIOM,001-SAKET,WM-02,Wiom ONT_GX-Titanium E20/Earth 2022,Normal BAU,1,0,0,1,0,0,PCS,ELECTRONICS,,011-MATHURA,,GRN/2025/3037,,2026-01-21T11:01:03,,WM-02,,,,TR/2425/15,TR/2425/15,2026-01-21T00:00:00,,Closed,,Rahul,Rahul,,,,GX/G/25-26/539,GX148564,,0,,2025-10-29T00:00:00,,2200,TO/2025/19,Warehouse,,1,,,,,,,0,0,DEL_CX6885,0,0,0,0,ONT,,,,,,Transfer Receipt,B4861893D132,2026-01-01
WIOM,001-SAKET,WM-02,Wiom ONT_GX-Titanium E20/Earth 2022,Normal BAU,1,0,0,1,0,0,PCS,ELECTRONICS,,011-MATHURA,,GRN/2025/3037,,2026-01-21T11:01:03,,WM-02,,,,TR/2425/15,TR/2425/15,2026-01-21T00:00:00,,Closed,,Rahul,Rahul,,,,GX/G/25-26/539,GX149420,,0,,2025-10-29T00:00:00,,2200,TO/2025/19,Warehouse,,1,,,,,,,0,0,DEL_CX6867,0,0,0,0,ONT,,,,,,Transfer Receipt,B48618926962,2026-01-01
WIOM,001-SAKET,WM-02,Wiom ONT_GX-Titanium E20/Earth 2022,Normal BAU,1,0,0,1,0,0,PCS,ELECTRONICS,,011-MATHURA,,GRN/2025/3037,,2026-01-21T11:01:03,,WM-02,,,,TR/2425/15,TR/2425/15,2026-01-21T00:00:00,,Closed,,Rahul,Rahul,,,,GX/G/25-26/539,GX148609,,0,,2025-10-29T00:00:00,,2200,TO/2025/19,Warehouse,,1,,,,,,,0,0,DEL_CX6885,0,0,0,0,ONT,,,,,,Transfer Receipt,B4861892AC22,2026-01-01
WIOM,001-SAKET,WM-02,Wiom ONT_GX-Titanium E20/Earth 2022,Normal BAU,1,0,0,1,0,0,PCS,ELECTRONICS,,011-MATHURA,,GRN/2025/3037,,2026-01-21T11:01:03,,WM-02,,,,TR/2425/15,TR/2425/15,2026-01-21T00:00:00,,Closed,,Rahul,Rahul,,,,GX/G/25-26/539,GX148530,,0,,2025-10-29T00:00:00,,2200,TO/2025/19,Warehouse,,1,,,,,,,0,0,DEL_CX6885,0,0,0,0,ONT,,,,,,Transfer Receipt,B486189264C2,2026-01-01
WIOM,001-SAKET,WM-02,Wiom ONT_GX-Titanium E20/Earth 2022,Normal BAU,1,0,0,1,0,0,PCS,ELECTRONICS,,011-MATHURA,,GRN/2025/3037,,2026-01-21T11:01:03,,WM-02,,,,TR/2425/15,TR/2425/15,2026-01-21T00:00:00,,Closed,,Rahul,Rahul,,,,GX/G/25-26/539,GX149810,,0,,2025-10-29T00:00:00,,2200,TO/2025/19,Warehouse,,1,,,,,,,0,0,DEL_CX6867,0,0,0,0,ONT,,,,,,Transfer Receipt,B48618926FD2,2026-01-01
WIOM,001-SAKET,WM-02,Wiom ONT_GX-Titanium E20/Earth 2022,Normal BAU,1,0,0,1,0,0,PCS,ELECTRONICS,,011-MATHURA,,GRN/2025/3037,,2026-01-21T11:01:03,,WM-02,,,,TR/2425/15,TR/2425/15,2026-01-21T00:00:00,,Closed,,Rahul,Rahul,,,,GX/G/25-26/539,GX149997,,0,,2025-10-29T00:00:00,,2200,TO/2025/19,Warehouse,,1,,,,,,,0,0,DEL_CX6885,0,0,0,0,ONT,,,,,,Transfer Receipt,B48618947CD2,2026-01-01
WIOM,001-SAKET,WM-02,Wiom ONT_GX-Titanium E20/Earth 2022,Normal BAU,1,0,0,1,0,0,PCS,ELECTRONICS,,011-MATHURA,,GRN/2025/3037,,2026-01-21T11:01:03,,WM-02,,,,TR/2425/15,TR/2425/15,2026-01-21T00:00:00,,Closed,,Rahul,Rahul,,,,GX/G/25-26/546,GX141575,,0,,2025-10-31T00:00:00,,2200,TO/2025/19,Warehouse,,1,,,,,,,0,0,DEL_CX6968,0,0,0,0,ONT,,,,,,Transfer Receipt,B48618926012,2026-01-01
WIOM,001-SAKET,WM-02,Wiom ONT_GX-Titanium E20/Earth 2022,Normal BAU,1,0,0,1,0,0,PCS,ELECTRONICS,,011-MATHURA,,GRN/2025/3037,,2026-01-21T11:01:03,,WM-02,,,,TR/2425/15,TR/2425/15,2026-01-21T00:00:00,,Closed,,Rahul,Rahul,,,,GX/G/25-26/546,GX141444,,0,,2025-10-31T00:00:00,,2200,TO/2025/19,Warehouse,,1,,,,,,,0,0,DEL_CX6968,0,0,0,0,ONT,,,,,,Transfer Receipt,B48618926032,2026-01-01
WIOM,001-SAKET,WM-02,Wiom ONT_GX-Titanium E20/Earth 2022,Normal BAU,1,0,0,1,0,0,PCS,ELECTRONICS,,011-MATHURA,,GRN/2025/3037,,2026-01-21T11:01:03,,WM-02,,,,TR/2425/15,TR/2425/15,2026-01-21T00:00:00,,Closed,,Rahul,Rahul,,,,GX/G/25-26/539,GX149956,,0,,2025-10-29T00:00:00,,2200,TO/2025/19,Warehouse,,1,,,,,,,0,0,DEL_CX6885,0,0,0,0,ONT,,,,,,Transfer Receipt,B4861894A652,2026-01-01
WIOM,001-SAKET,WM-02,Wiom ONT_GX-Titanium E20/Earth 2022,Normal BAU,1,0,0,1,0,0,PCS,ELECTRONICS,,011-MATHURA,,GRN/2025/3037,,2026-01-21T11:01:03,,WM-02,,,,TR/2425/15,TR/2425/15,2026-01-21T00:00:00,,Closed,,Rahul,Rahul,,,,GX/G/25-26/539,GX149950,,0,,2025-10-29T00:00:00,,2200,TO/2025/19,Warehouse,,1,,,,,,,0,0,DEL_CX6885,0,0,0,0,ONT,,,,,,Transfer Receipt,B4861893A232,2026-01-01
WIOM,001-SAKET,WM-02,Wiom ONT_GX-Titanium E20/Earth 2022,Normal BAU,1,0,0,1,0,0,PCS,ELECTRONICS,,011-MATHURA,,GRN/2025/3037,,2026-01-21T11:01:03,,WM-02,,,,TR/2425/15,TR/2425/15,2026-01-21T00:00:00,,Closed,,Rahul,Rahul,,,,GX/G/25-26/546,GX142577,,0,,2025-10-31T00:00:00,,2200,TO/2025/19,Warehouse,,1,,,,,,,0,0,DEL_CX6968,0,0,0,0,ONT,,,,,,Transfer Receipt,B48618933AF2,2026-01-01
WIOM,001-SAKET,WM-02,Wiom ONT_GX-Titanium E20/Earth 2022,Normal BAU,1,0,0,1,0,0,PCS,ELECTRONICS,,011-MATHURA,,GRN/2025/3037,,2026-01-21T11:01:03,,WM-02,,,,TR/2425/15,TR/2425/15,2026-01-21T00:00:00,,Closed,,Rahul,Rahul,,,,GX/G/25-26/531,GX142311,,0,,2025-10-18T00:00:00,,2200,TO/2025/19,Warehouse,,1,,,,,,,0,0,DEL_CX7617,0,0,0,0,ONT,,,,,,Transfer Receipt,B48618931492,2026-01-01
WIOM,001-SAKET,WM-02,Wiom ONT_GX-Titanium E20/Earth 2022,Normal BAU,1,0,0,1,0,0,PCS,ELECTRONICS,,011-MATHURA,,GRN/2025/3037,,2026-01-21T11:01:03,,WM-02,,,,TR/2425/15,TR/2425/15,2026-01-21T00:00:00,,Closed,,Rahul,Rahul,,,,GX/G/25-26/546,GX141631,,0,,2025-10-31T00:00:00,,2200,TO/2025/19,Warehouse,,1,,,,,,,0,0,DEL_CX6968,0,0,0,0,ONT,,,,,,Transfer Receipt,B48618928552,2026-01-01
WIOM,001-SAKET,WM-02,Wiom ONT_GX-Titanium E20/Earth 2022,Normal BAU,1,0,0,1,0,0,PCS,ELECTRONICS,,011-MATHURA,,GRN/2025/3037,,2026-01-21T11:01:03,,WM-02,,,,TR/2425/15,TR/2425/15,2026-01-21T00:00:00,,Closed,,Rahul,Rahul,,,,GX/G/25-26/546,GX142582,,0,,2025-10-31T00:00:00,,2200,TO/2025/19,Warehouse,,1,,,,,,,0,0,DEL_CX6968,0,0,0,0,ONT,,,,,,Transfer Receipt,B4861893DF92,2026-01-01
WIOM,001-SAKET,WM-02,Wiom ONT_GX-Titanium E20/Earth 2022,Normal BAU,1,0,0,1,0,0,PCS,ELECTRONICS,,011-MATHURA,,GRN/2025/3037,,2026-01-21T11:01:03,,WM-02,,,,TR/2425/15,TR/2425/15,2026-01-21T00:00:00,,Closed,,Rahul,Rahul,,,,GX/G/25-26/546,GX142630,,0,,2025-10-31T00:00:00,,2200,TO/2025/19,Warehouse,,1,,,,,,,0,0,DEL_CX6968,0,0,0,0,ONT,,,,,,Transfer Receipt,B48618933B52,2026-01-01
WIOM,001-SAKET,WM-02,Wiom ONT_GX-Titanium E20/Earth 2022,Normal BAU,1,0,0,1,0,0,PCS,ELECTRONICS,,011-MATHURA,,GRN/2025/3037,,2026-01-21T11:01:03,,WM-02,,,,TR/2425/15,TR/2425/15,2026-01-21T00:00:00,,Closed,,Rahul,Rahul,,,,GX/G/25-26/546,GX142623,,0,,2025-10-31T00:00:00,,2200,TO/2025/19,Warehouse,,1,,,,,,,0,0,DEL_CX6968,0,0,0,0,ONT,,,,,,Transfer Receipt,B48618931792,2026-01-01
WIOM,001-SAKET,WM-02,Wiom ONT_GX-Titanium E20/Earth 2022,Normal BAU,1,0,0,1,0,0,PCS,ELECTRONICS,,011-MATHURA,,GRN/2025/3037,,2026-01-21T11:01:03,,WM-02,,,,TR/2425/15,TR/2425/15,2026-01-21T00:00:00,,Closed,,Rahul,Rahul,,,,GX/G/25-26/546,GX142580,,0,,2025-10-31T00:00:00,,2200,TO/2025/19,Warehouse,,1,,,,,,,0,0,DEL_CX6968,0,0,0,0,ONT,,,,,,Transfer Receipt,B48618947E32,2026-01-01
WIOM,001-SAKET,WM-02,Wiom ONT_GX-Titanium E20/Earth 2022,Normal BAU,1,0,0,1,0,0,PCS,ELECTRONICS,,011-MATHURA,,GRN/2025/3037,,2026-01-21T11:01:03,,WM-02,,,,TR/2425/15,TR/2425/15,2026-01-21T00:00:00,,Closed,,Rahul,Rahul,,,,GX/G/25-26/546,GX141626,,0,,2025-10-31T00:00:00,,2200,TO/2025/19,Warehouse,,1,,,,,,,0,0,DEL_CX6968,0,0,0,0,ONT,,,,,,Transfer Receipt,B48618929A22,2026-01-01
WIOM,001-SAKET,WM-02,Wiom ONT_GX-Titanium E20/Earth 2022,Normal BAU,1,0,0,1,0,0,PCS,ELECTRONICS,,011-MATHURA,,GRN/2025/3037,,2026-01-21T11:01:03,,WM-02,,,,TR/2425/15,TR/2425/15,2026-01-21T00:00:00,,Closed,,Rahul,Rahul,,,,GX/G/25-26/539,GX149775,,0,,2025-10-29T00:00:00,,2200,TO/2025/19,Warehouse,,1,,,,,,,0,0,DEL_CX6867,0,0,0,0,ONT,,,,,,Transfer Receipt,B486189472B2,2026-01-01
WIOM,001-SAKET,WM-02,Wiom ONT_GX-Titanium E20/Earth 2022,Normal BAU,1,0,0,1,0,0,PCS,ELECTRONICS,,011-MATHURA,,GRN/2025/3037,,2026-01-21T11:01:03,,WM-02,,,,TR/2425/15,TR/2425/15,2026-01-21T00:00:00,,Closed,,Rahul,Rahul,,,,GX/G/25-26/546,GX142717,,0,,2025-10-31T00:00:00,,2200,TO/2025/19,Warehouse,,1,,,,,,,0,0,DEL_CX6968,0,0,0,0,ONT,,,,,,Transfer Receipt,B4861893E132,2026-01-01
WIOM,001-SAKET,WM-02,Wiom ONT_GX-Titanium E20/Earth 2022,Normal BAU,1,0,0,1,0,0,PCS,ELECTRONICS,,011-MATHURA,,GRN/2025/3037,,2026-01-21T11:01:03,,WM-02,,,,TR/2425/15,TR/2425/15,2026-01-21T00:00:00,,Closed,,Rahul,Rahul,,,,GX/G/25-26/546,GX142635,,0,,2025-10-31T00:00:00,,2200,TO/2025/19,Warehouse,,1,,,,,,,0,0,DEL_CX6968,0,0,0,0,ONT,,,,,,Transfer Receipt,B486189445D2,2026-01-01
WIOM,001-SAKET,WM-02,Wiom ONT_GX-Titanium E20/Earth 2022,Normal BAU,1,0,0,1,0,0,PCS,ELECTRONICS,,011-MATHURA,,GRN/2025/3037,,2026-01-21T11:01:03,,WM-02,,,,TR/2425/15,TR/2425/15,2026-01-21T00:00:00,,Closed,,Rahul,Rahul,,,,GX/G/25-26/580,GX146136,,0,,2025-11-18T00:00:00,,2200,TO/2025/19,Warehouse,,1,,,,,,,0,0,DEL_CX7617,0,0,0,0,ONT,,,,,,Transfer Receipt,B48618929182,2026-01-01
WIOM,001-SAKET,WM-02,Wiom ONT_GX-Titanium E20/Earth 2022,Normal BAU,1,0,0,1,0,0,PCS,ELECTRONICS,,011-MATHURA,,GRN/2025/3037,,2026-01-21T11:01:03,,WM-02,,,,TR/2425/15,TR/2425/15,2026-01-21T00:00:00,,Closed,,Rahul,Rahul,,,,GX/G/25-26/546,GX147059,,0,,2025-10-31T00:00:00,,2200,TO/2025/19,Warehouse,,1,,,,,,,0,0,DEL_CX6968,0,0,0,0,ONT,,,,,,Transfer Receipt,B486189383F2,2026-01-01
WIOM,001-SAKET,WM-02,Wiom ONT_GX-Titanium E20/Earth 2022,Normal BAU,1,0,0,1,0,0,PCS,ELECTRONICS,,011-MATHURA,,GRN/2025/3037,,2026-01-21T11:01:03,,WM-02,,,,TR/2425/15,TR/2425/15,2026-01-21T00:00:00,,Closed,,Rahul,Rahul,,,,GX/G/25-26/580,GX146243,,0,,2025-11-18T00:00:00,,2200,TO/2025/19,Warehouse,,1,,,,,,,0,0,DEL_CX7617,0,0,0,0,ONT,,,,,,Transfer Receipt,B486189307A2,2026-01-01
WIOM,001-SAKET,WM-02,Wiom ONT_GX-Titanium E20/Earth 2022,Normal BAU,1,0,0,1,0,0,PCS,ELECTRONICS,,011-MATHURA,,GRN/2025/3037,,2026-01-21T11:01:03,,WM-02,,,,TR/2425/15,TR/2425/15,2026-01-21T00:00:00,,Closed,,Rahul,Rahul,,,,GX/G/25-26/546,GX142720,,0,,2025-10-31T00:00:00,,2200,TO/2025/19,Warehouse,,1,,,,,,,0,0,DEL_CX6968,0,0,0,0,ONT,,,,,,Transfer Receipt,B486189307C2,2026-01-01
WIOM,001-SAKET,WM-02,Wiom ONT_GX-Titanium E20/Earth 2022,Normal BAU,1,0,0,1,0,0,PCS,ELECTRONICS,,011-MATHURA,,GRN/2025/3037,,2026-01-21T11:01:03,,WM-02,,,,TR/2425/15,TR/2425/15,2026-01-21T00:00:00,,Closed,,Rahul,Rahul,,,,GX/G/25-26/546,GX142634,,0,,2025-10-31T00:00:00,,2200,TO/2025/19,Warehouse,,1,,,,,,,0,0,DEL_CX6968,0,0,0,0,ONT,,,,,,Transfer Receipt,B48618931C12,2026-01-01
WIOM,001-SAKET,WM-02,Wiom ONT_GX-Titanium E20/Earth 2022,Normal BAU,1,0,0,1,0,0,PCS,ELECTRONICS,,011-MATHURA,,GRN/2025/3037,,2026-01-21T11:01:03,,WM-02,,,,TR/2425/15,TR/2425/15,2026-01-21T00:00:00,,Closed,,Rahul,Rahul,,,,GX/G/25-26/539,GX147548,,0,,2025-10-29T00:00:00,,2200,TO/2025/19,Warehouse,,1,,,,,,,0,0,DEL_CX6867,0,0,0,0,ONT,,,,,,Transfer Receipt,B4861893DC72,2026-01-01
WIOM,001-SAKET,WM-02,Wiom ONT_GX-Titanium E20/Earth 2022,Normal BAU,1,0,0,1,0,0,PCS,ELECTRONICS,,011-MATHURA,,GRN/2025/3037,,2026-01-21T11:01:03,,WM-02,,,,TR/2425/15,TR/2425/15,2026-01-21T00:00:00,,Closed,,Rahul,Rahul,,,,GX/G/25-26/546,GX147345,,0,,2025-10-31T00:00:00,,2200,TO/2025/19,Warehouse,,1,,,,,,,0,0,DEL_CX6968,0,0,0,0,ONT,,,,,,Transfer Receipt,B486189319A2,2026-01-01
WIOM,001-SAKET,WM-02,Wiom ONT_GX-Titanium E20/Earth 2022,Normal BAU,1,0,0,1,0,0,PCS,ELECTRONICS,,011-MATHURA,,GRN/2025/3037,,2026-01-21T11:01:03,,WM-02,,,,TR/2425/15,TR/2425/15,2026-01-21T00:00:00,,Closed,,Rahul,Rahul,,,,GX/G/25-26/546,GX147288,,0,,2025-10-31T00:00:00,,2200,TO/2025/19,Warehouse,,1,,,,,,,0,0,DEL_CX6968,0,0,0,0,ONT,,,,,,Transfer Receipt,B486189344E2,2026-01-01
WIOM,001-SAKET,WM-02,Wiom ONT_GX-Titanium E20/Earth 2022,Normal BAU,1,0,0,1,0,0,PCS,ELECTRONICS,,011-MATHURA,,GRN/2025/3037,,2026-01-21T11:01:03,,WM-02,,,,TR/2425/15,TR/2425/15,2026-01-21T00:00:00,,Closed,,Rahul,Rahul,,,,GX/G/25-26/580,GX147630,,0,,2025-11-18T00:00:00,,2200,TO/2025/19,Warehouse,,1,,,,,,,0,0,DEL_CX7617,0,0,0,0,ONT,,,,,,Transfer Receipt,B486189BA266,2026-01-01
WIOM,001-SAKET,WM-02,Wiom ONT_GX-Titanium E20/Earth 2022,Normal BAU,1,0,0,1,0,0,PCS,ELECTRONICS,,011-MATHURA,,GRN/2025/3037,,2026-01-21T11:01:03,,WM-02,,,,TR/2425/15,TR/2425/15,2026-01-21T00:00:00,,Closed,,Rahul,Rahul,,,,GX/G/25-26/539,GX147689,,0,,2025-10-29T00:00:00,,2200,TO/2025/19,Warehouse,,1,,,,,,,0,0,DEL_CX6867,0,0,0,0,ONT,,,,,,Transfer Receipt,B48618941552,2026-01-01
WIOM,001-SAKET,WM-02,Wiom ONT_GX-Titanium E20/Earth 2022,Normal BAU,1,0,0,1,0,0,PCS,ELECTRONICS,,011-MATHURA,,GRN/2025/3037,,2026-01-21T11:01:03,,WM-02,,,,TR/2425/15,TR/2425/15,2026-01-21T00:00:00,,Closed,,Rahul,Rahul,,,,GX/G/25-26/539,GX147563,,0,,2025-10-29T00:00:00,,2200,TO/2025/19,Warehouse,,1,,,,,,,0,0,DEL_CX6867,0,0,0,0,ONT,,,,,,Transfer Receipt,B48618942DF2,2026-01-01
WIOM,001-SAKET,WM-02,Wiom ONT_GX-Titanium E20/Earth 2022,Normal BAU,1,0,0,1,0,0,PCS,ELECTRONICS,,011-MATHURA,,GRN/2025/3037,,2026-01-21T11:01:03,,WM-02,,,,TR/2425/15,TR/2425/15,2026-01-21T00:00:00,,Closed,,Rahul,Rahul,,,,GX/G/25-26/546,GX147137,,0,,2025-10-31T00:00:00,,2200,TO/2025/19,Warehouse,,1,,,,,,,0,0,DEL_CX6968,0,0,0,0,ONT,,,,,,Transfer Receipt,B486189401E2,2026-01-01
WIOM,001-SAKET,WM-02,Wiom ONT_GX-Titanium E20/Earth 2022,Normal BAU,1,0,0,1,0,0,PCS,ELECTRONICS,,011-MATHURA,,GRN/2025/3037,,2026-01-21T11:01:03,,WM-02,,,,TR/2425/15,TR/2425/15,2026-01-21T00:00:00,,Closed,,Rahul,Rahul,,,,GX/G/25-26/546,GX142631,,0,,2025-10-31T00:00:00,,2200,TO/2025/19,Warehouse,,1,,,,,,,0,0,DEL_CX6968,0,0,0,0,ONT,,,,,,Transfer Receipt,B48618945E52,2026-01-01
WIOM,001-SAKET,WM-02,Wiom ONT_GX-Titanium E20/Earth 2022,Normal BAU,1,0,0,1,0,0,PCS,ELECTRONICS,,011-MATHURA,,GRN/2025/3037,,2026-01-21T11:01:03,,WM-02,,,,TR/2425/15,TR/2425/15,2026-01-21T00:00:00,,Closed,,Rahul,Rahul,,,,GX/G/25-26/546,GX149716,,0,,2025-10-31T00:00:00,,2200,TO/2025/19,Warehouse,,1,,,,,,,0,0,DEL_CX6968,0,0,0,0,ONT,,,,,,Transfer Receipt,B4861892F402,2026-01-01
WIOM,001-SAKET,WM-02,Wiom ONT_GX-Titanium E20/Earth 2022,Normal BAU,1,0,0,1,0,0,PCS,ELECTRONICS,,011-MATHURA,,GRN/2025/3037,,2026-01-21T11:01:03,,WM-02,,,,TR/2425/15,TR/2425/15,2026-01-21T00:00:00,,Closed,,Rahul,Rahul,,,,GX/G/25-26/539,GX147790,,0,,2025-10-29T00:00:00,,2200,TO/2025/19,Warehouse,,1,,,,,,,0,0,DEL_CX6867,0,0,0,0,ONT,,,,,,Transfer Receipt,B48618946922,2026-01-01
WIOM,001-SAKET,WM-02,Wiom ONT_GX-Titanium E20/Earth 2022,Normal BAU,1,0,0,1,0,0,PCS,ELECTRONICS,,011-MATHURA,,GRN/2025/3037,,2026-01-21T11:01:03,,WM-02,,,,TR/2425/15,TR/2425/15,2026-01-21T00:00:00,,Closed,,Rahul,Rahul,,,,GX/G/25-26/539,GX147697,,0,,2025-10-29T00:00:00,,2200,TO/2025/19,Warehouse,,1,,,,,,,0,0,DEL_CX6867,0,0,0,0,ONT,,,,,,Transfer Receipt,B48618946AA2,2026-01-01
WIOM,001-SAKET,WM-02,Wiom ONT_GX-Titanium E20/Earth 2022,Normal BAU,1,0,0,1,0,0,PCS,ELECTRONICS,,011-MATHURA,,GRN/2025/3037,,2026-01-21T11:01:03,,WM-02,,,,TR/2425/15,TR/2425/15,2026-01-21T00:00:00,,Closed,,Rahul,Rahul,,,,GX/G/25-26/539,GX147693,,0,,2025-10-29T00:00:00,,2200,TO/2025/19,Warehouse,,1,,,,,,,0,0,DEL_CX6867,0,0,0,0,ONT,,,,,,Transfer Receipt,B48618941D92,2026-01-01
WIOM,002-MUMBAI,WM-03,Wiom ONT_SY-GPON-2000-WADONT-WHITE,Normal BAU,1,0,0,1,0,0,PCS,ELECTRONICS,,001-SAKET,WIOM Saket Warehouse,GRN/2025/2956,,2026-01-16T16:03:41,,WM-03,,,,TR-2425/13,TR-2425/13,2026-01-16T00:00:00,,Closed,,Mukul,Mukul,,,,NOD/2526/5732,SY101554,,0,,2025-09-04T00:00:00,,1950,TO/2425/131,Warehouse,,1,,,,,,,0,0,DEL_CX4082,0,0,0,0,ONT,,,,,"315/274, Basement, Westend Marg, near Saket Metro Station, Saiyad ul Ajaib, Sainik Farm, New Delhi, Delhi 110030",Transfer Receipt,989DB2B5E588,2026-01-01
WIOM,002-MUMBAI,WM-03,Wiom ONT_SY-GPON-2000-WADONT-WHITE,Normal BAU,1,0,0,1,0,0,PCS,ELECTRONICS,,001-SAKET,WIOM Saket Warehouse,GRN/2025/2956,,2026-01-16T16:03:41,,WM-03,,,,TR-2425/13,TR-2425/13,2026-01-16T00:00:00,,Closed,,Mukul,Mukul,,,,NOD/2526/5732,SY101545,,0,,2025-09-04T00:00:00,,1950,TO/2425/131,Warehouse,,1,,,,,,,0,0,DEL_CX4082,0,0,0,0,ONT,,,,,"315/274, Basement, Westend Marg, near Saket Metro Station, Saiyad ul Ajaib, Sainik Farm, New Delhi, Delhi 110030",Transfer Receipt,989DB2B5E6A8,2026-01-01
WIOM,002-MUMBAI,WM-03,Wiom ONT_SY-GPON-2000-WADONT-WHITE,Normal BAU,1,0,0,1,0,0,PCS,ELECTRONICS,,001-SAKET,WIOM Saket Warehouse,GRN/2025/2956,,2026-01-16T16:03:41,,WM-03,,,,TR-2425/13,TR-2425/13,2026-01-16T00:00:00,,Closed,,Mukul,Mukul,,,,NOD/2526/5732,SY101562,,0,,2025-09-04T00:00:00,,1950,TO/2425/131,Warehouse,,1,,,,,,,0,0,DEL_CX4078,0,0,0,0,ONT,,,,,"315/274, Basement, Westend Marg, near Saket Metro Station, Saiyad ul Ajaib, Sainik Farm, New Delhi, Delhi 110030",Transfer Receipt,989DB2B5EFF0,2026-01-01
WIOM,002-MUMBAI,WM-03,Wiom ONT_SY-GPON-2000-WADONT-WHITE,Normal BAU,1,0,0,1,0,0,PCS,ELECTRONICS,,001-SAKET,WIOM Saket Warehouse,GRN/2025/2956,,2026-01-16T16:03:41,,WM-03,,,,TR-2425/13,TR-2425/13,2026-01-16T00:00:00,,Closed,,Mukul,Mukul,,,,NOD/2526/5732,SY101553,,0,,2025-09-04T00:00:00,,1950,TO/2425/131,Warehouse,,1,,,,,,,0,0,DEL_CX4103,0,0,0,0,ONT,,,,,"315/274, Basement, Westend Marg, near Saket Metro Station, Saiyad ul Ajaib, Sainik Farm, New Delhi, Delhi 110030",Transfer Receipt,989DB2B5F580,2026-01-01
WIOM,002-MUMBAI,WM-03,Wiom ONT_SY-GPON-2000-WADONT-WHITE,Normal BAU,1,0,0,1,0,0,PCS,ELECTRONICS,,001-SAKET,WIOM Saket Warehouse,GRN/2025/2956,,2026-01-16T16:03:41,,WM-03,,,,TR-2425/13,TR-2425/13,2026-01-16T00:00:00,,Closed,,Mukul,Mukul,,,,NOD/2526/5732,SY101561,,0,,2025-09-04T00:00:00,,1950,TO/2425/131,Warehouse,,1,,,,,,,0,0,DEL_CX4078,0,0,0,0,ONT,,,,,"315/274, Basement, Westend Marg, near Saket Metro Station, Saiyad ul Ajaib, Sainik Farm, New Delhi, Delhi 110030",Transfer Receipt,989DB2B5F008,2026-01-01
WIOM,002-MUMBAI,WM-03,Wiom ONT_SY-GPON-2000-WADONT-WHITE,Normal BAU,1,0,0,1,0,0,PCS,ELECTRONICS,,001-SAKET,WIOM Saket Warehouse,GRN/2025/2956,,2026-01-16T16:03:41,,WM-03,,,,TR-2425/13,TR-2425/13,2026-01-16T00:00:00,,Closed,,Mukul,Mukul,,,,NOD/2526/5732,SY101566,,0,,2025-09-04T00:00:00,,1950,TO/2425/131,Warehouse,,1,,,,,,,0,0,DEL_CX4078,0,0,0,0,ONT,,,,,"315/274, Basement, Westend Marg, near Saket Metro Station, Saiyad ul Ajaib, Sainik Farm, New Delhi, Delhi 110030",Transfer Receipt,989DB2B5E6C8,2026-01-01
WIOM,002-MUMBAI,WM-03,Wiom ONT_SY-GPON-2000-WADONT-WHITE,Normal BAU,1,0,0,1,0,0,PCS,ELECTRONICS,,001-SAKET,WIOM Saket Warehouse,GRN/2025/2956,,2026-01-16T16:03:41,,WM-03,,,,TR-2425/13,TR-2425/13,2026-01-16T00:00:00,,Closed,,Mukul,Mukul,,,,NOD/2526/5732,SY101563,,0,,2025-09-04T00:00:00,,1950,TO/2425/131,Warehouse,,1,,,,,,,0,0,DEL_CX4078,0,0,0,0,ONT,,,,,"315/274, Basement, Westend Marg, near Saket Metro Station, Saiyad ul Ajaib, Sainik Farm, New Delhi, Delhi 110030",Transfer Receipt,989DB2B5ED60,2026-01-01
WIOM,002-MUMBAI,WM-03,Wiom ONT_SY-GPON-2000-WADONT-WHITE,Normal BAU,1,0,0,1,0,0,PCS,ELECTRONICS,,001-SAKET,WIOM Saket Warehouse,GRN/2025/2956,,2026-01-16T16:03:41,,WM-03,,,,TR-2425/13,TR-2425/13,2026-01-16T00:00:00,,Closed,,Mukul,Mukul,,,,NOD/2526/5732,SY101558,,0,,2025-09-04T00:00:00,,1950,TO/2425/131,Warehouse,,1,,,,,,,0,0,DEL_CX4103,0,0,0,0,ONT,,,,,"315/274, Basement, Westend Marg, near Saket Metro Station, Saiyad ul Ajaib, Sainik Farm, New Delhi, Delhi 110030",Transfer Receipt,989DB2B5EDA8,2026-01-01
WIOM,002-MUMBAI,WM-03,Wiom ONT_SY-GPON-2000-WADONT-WHITE,Normal BAU,1,0,0,1,0,0,PCS,ELECTRONICS,,001-SAKET,WIOM Saket Warehouse,GRN/2025/2956,,2026-01-16T16:03:41,,WM-03,,,,TR-2425/13,TR-2425/13,2026-01-16T00:00:00,,Closed,,Mukul,Mukul,,,,NOD/2526/5732,SY101549,,0,,2025-09-04T00:00:00,,1950,TO/2425/131,Warehouse,,1,,,,,,,0,0,DEL_CX4082,0,0,0,0,ONT,,,,,"315/274, Basement, Westend Marg, near Saket Metro Station, Saiyad ul Ajaib, Sainik Farm, New Delhi, Delhi 110030",Transfer Receipt,989DB2B5ED98,2026-01-01
WIOM,002-MUMBAI,WM-03,Wiom ONT_SY-GPON-2000-WADONT-WHITE,Normal BAU,1,0,0,1,0,0,PCS,ELECTRONICS,,001-SAKET,WIOM Saket Warehouse,GRN/2025/2956,,2026-01-16T16:03:41,,WM-03,,,,TR-2425/13,TR-2425/13,2026-01-16T00:00:00,,Closed,,Mukul,Mukul,,,,NOD/2526/5732,SY101571,,0,,2025-09-04T00:00:00,,1950,TO/2425/131,Warehouse,,1,,,,,,,0,0,DEL_CX4078,0,0,0,0,ONT,,,,,"315/274, Basement, Westend Marg, near Saket Metro Station, Saiyad ul Ajaib, Sainik Farm, New Delhi, Delhi 110030",Transfer Receipt,989DB2B5F4F8,2026-01-01
WIOM,002-MUMBAI,WM-03,Wiom ONT_SY-GPON-2000-WADONT-WHITE,Normal BAU,1,0,0,1,0,0,PCS,ELECTRONICS,,001-SAKET,WIOM Saket Warehouse,GRN/2025/2956,,2026-01-16T16:03:41,,WM-03,,,,TR-2425/13,TR-2425/13,2026-01-16T00:00:00,,Closed,,Mukul,Mukul,,,,NOD/2526/5732,SY101572,,0,,2025-09-04T00:00:00,,1950,TO/2425/131,Warehouse,,1,,,,,,,0,0,DEL_CX4078,0,0,0,0,ONT,,,,,"315/274, Basement, Westend Marg, near Saket Metro Station, Saiyad ul Ajaib, Sainik Farm, New Delhi, Delhi 110030",Transfer Receipt,989DB2B5E770,2026-01-01
WIOM,002-MUMBAI,WM-03,Wiom ONT_SY-GPON-2000-WADONT-WHITE,Normal BAU,1,0,0,1,0,0,PCS,ELECTRONICS,,001-SAKET,WIOM Saket Warehouse,GRN/2025/2956,,2026-01-16T16:03:41,,WM-03,,,,TR-2425/13,TR-2425/13,2026-01-16T00:00:00,,Closed,,Mukul,Mukul,,,,NOD/2526/5732,SY101574,,0,,2025-09-04T00:00:00,,1950,TO/2425/131,Warehouse,,1,,,,,,,0,0,DEL_CX4078,0,0,0,0,ONT,,,,,"315/274, Basement, Westend Marg, near Saket Metro Station, Saiyad ul Ajaib, Sainik Farm, New Delhi, Delhi 110030",Transfer Receipt,989DB2B5EEC8,2026-01-01
WIOM,002-MUMBAI,WM-03,Wiom ONT_SY-GPON-2000-WADONT-WHITE,Normal BAU,1,0,0,1,0,0,PCS,ELECTRONICS,,001-SAKET,WIOM Saket Warehouse,GRN/2025/2956,,2026-01-16T16:03:41,,WM-03,,,,TR-2425/13,TR-2425/13,2026-01-16T00:00:00,,Closed,,Mukul,Mukul,,,,NOD/2526/5732,SY101575,,0,,2025-09-04T00:00:00,,1950,TO/2425/131,Warehouse,,1,,,,,,,0,0,DEL_CX4078,0,0,0,0,ONT,,,,,"315/274, Basement, Westend Marg, near Saket Metro Station, Saiyad ul Ajaib, Sainik Farm, New Delhi, Delhi 110030",Transfer Receipt,989DB2B5EE70,2026-01-01
WIOM,002-MUMBAI,WM-03,Wiom ONT_SY-GPON-2000-WADONT-WHITE,Normal BAU,1,0,0,1,0,0,PCS,ELECTRONICS,,001-SAKET,WIOM Saket Warehouse,GRN/2025/2956,,2026-01-16T16:03:41,,WM-03,,,,TR-2425/13,TR-2425/13,2026-01-16T00:00:00,,Closed,,Mukul,Mukul,,,,NOD/2526/5732,SY101569,,0,,2025-09-04T00:00:00,,1950,TO/2425/131,Warehouse,,1,,,,,,,0,0,DEL_CX4078,0,0,0,0,ONT,,,,,"315/274, Basement, Westend Marg, near Saket Metro Station, Saiyad ul Ajaib, Sainik Farm, New Delhi, Delhi 110030",Transfer Receipt,989DB2B5F978,2026-01-01
WIOM,002-MUMBAI,WM-03,Wiom ONT_SY-GPON-2000-WADONT-WHITE,Normal BAU,1,0,0,1,0,0,PCS,ELECTRONICS,,001-SAKET,WIOM Saket Warehouse,GRN/2025/2956,,2026-01-16T16:03:41,,WM-03,,,,TR-2425/13,TR-2425/13,2026-01-16T00:00:00,,Closed,,Mukul,Mukul,,,,NOD/2526/5732,SY101570,,0,,2025-09-04T00:00:00,,1950,TO/2425/131,Warehouse,,1,,,,,,,0,0,DEL_CX4078,0,0,0,0,ONT,,,,,"315/274, Basement, Westend Marg, near Saket Metro Station, Saiyad ul Ajaib, Sainik Farm, New Delhi, Delhi 110030",Transfer Receipt,989DB2B5FE18,2026-01-01
WIOM,002-MUMBAI,WM-03,Wiom ONT_SY-GPON-2000-WADONT-WHITE,Normal BAU,1,0,0,1,0,0,PCS,ELECTRONICS,,001-SAKET,WIOM Saket Warehouse,GRN/2025/2956,,2026-01-16T16:03:41,,WM-03,,,,TR-2425/13,TR-2425/13,2026-01-16T00:00:00,,Closed,,Mukul,Mukul,,,,NOD/2526/5732,SY101579,,0,,2025-09-04T00:00:00,,1950,TO/2425/131,Warehouse,,1,,,,,,,0,0,DEL_CX4078,0,0,0,0,ONT,,,,,"315/274, Basement, Westend Marg, near Saket Metro Station, Saiyad ul Ajaib, Sainik Farm, New Delhi, Delhi 110030",Transfer Receipt,989DB2B5EDC0,2026-01-01
WIOM,002-MUMBAI,WM-03,Wiom ONT_SY-GPON-2000-WADONT-WHITE,Normal BAU,1,0,0,1,0,0,PCS,ELECTRONICS,,001-SAKET,WIOM Saket Warehouse,GRN/2025/2956,,2026-01-16T16:03:41,,WM-03,,,,TR-2425/13,TR-2425/13,2026-01-16T00:00:00,,Closed,,Mukul,Mukul,,,,NOD/2526/5732,SY101580,,0,,2025-09-04T00:00:00,,1950,TO/2425/131,Warehouse,,1,,,,,,,0,0,DEL_CX4078,0,0,0,0,ONT,,,,,"315/274, Basement, Westend Marg, near Saket Metro Station, Saiyad ul Ajaib, Sainik Farm, New Delhi, Delhi 110030",Transfer Receipt,989DB2B5F710,2026-01-01
WIOM,002-MUMBAI,WM-03,Wiom ONT_SY-GPON-2000-WADONT-WHITE,Normal BAU,1,0,0,1,0,0,PCS,ELECTRONICS,,001-SAKET,WIOM Saket Warehouse,GRN/2025/2956,,2026-01-16T16:03:41,,WM-03,,,,TR-2425/13,TR-2425/13,2026-01-16T00:00:00,,Closed,,Mukul,Mukul,,,,NOD/2526/5732,SY101696,,0,,2025-09-04T00:00:00,,1950,TO/2425/131,Warehouse,,1,,,,,,,0,0,DEL_CX4137,0,0,0,0,ONT,,,,,"315/274, Basement, Westend Marg, near Saket Metro Station, Saiyad ul Ajaib, Sainik Farm, New Delhi, Delhi 110030",Transfer Receipt,989DB2B5E698,2026-01-01
WIOM,002-MUMBAI,WM-03,Wiom ONT_SY-GPON-2000-WADONT-WHITE,Normal BAU,1,0,0,1,0,0,PCS,ELECTRONICS,,001-SAKET,WIOM Saket Warehouse,GRN/2025/2956,,2026-01-16T16:03:41,,WM-03,,,,TR-2425/13,TR-2425/13,2026-01-16T00:00:00,,Closed,,Mukul,Mukul,,,,NOD/2526/5732,SY101587,,0,,2025-09-04T00:00:00,,1950,TO/2425/131,Warehouse,,1,,,,,,,0,0,DEL_CX4134,0,0,0,0,ONT,,,,,"315/274, Basement, Westend Marg, near Saket Metro Station, Saiyad ul Ajaib, Sainik Farm, New Delhi, Delhi 110030",Transfer Receipt,989DB2B5EE68,2026-01-01
WIOM,002-MUMBAI,WM-03,Wiom ONT_SY-GPON-2000-WADONT-WHITE,Normal BAU,1,0,0,1,0,0,PCS,ELECTRONICS,,001-SAKET,WIOM Saket Warehouse,GRN/2025/2956,,2026-01-16T16:03:41,,WM-03,,,,TR-2425/13,TR-2425/13,2026-01-16T00:00:00,,Closed,,Mukul,Mukul,,,,NOD/2526/5732,SY101584,,0,,2025-09-04T00:00:00,,1950,TO/2425/131,Warehouse,,1,,,,,,,0,0,DEL_CX4138,0,0,0,0,ONT,,,,,"315/274, Basement, Westend Marg, near Saket Metro Station, Saiyad ul Ajaib, Sainik Farm, New Delhi, Delhi 110030",Transfer Receipt,989DB2B5E6A0,2026-01-01
WIOM,002-MUMBAI,WM-03,Wiom ONT_SY-GPON-2000-WADONT-WHITE,Normal BAU,1,0,0,1,0,0,PCS,ELECTRONICS,,001-SAKET,WIOM Saket Warehouse,GRN/2025/2956,,2026-01-16T16:03:41,,WM-03,,,,TR-2425/13,TR-2425/13,2026-01-16T00:00:00,,Closed,,Mukul,Mukul,,,,NOD/2526/5732,SY101578,,0,,2025-09-04T00:00:00,,1950,TO/2425/131,Warehouse,,1,,,,,,,0,0,DEL_CX4078,0,0,0,0,ONT,,,,,"315/274, Basement, Westend Marg, near Saket Metro Station, Saiyad ul Ajaib, Sainik Farm, New Delhi, Delhi 110030",Transfer Receipt,989DB2B5EE88,2026-01-01
WIOM,002-MUMBAI,WM-03,Wiom ONT_SY-GPON-2000-WADONT-WHITE,Normal BAU,1,0,0,1,0,0,PCS,ELECTRONICS,,001-SAKET,WIOM Saket Warehouse,GRN/2025/2956,,2026-01-16T16:03:41,,WM-03,,,,TR-2425/13,TR-2425/13,2026-01-16T00:00:00,,Closed,,Mukul,Mukul,,,,NOD/2526/5732,SY101565,,0,,2025-09-04T00:00:00,,1950,TO/2425/131,Warehouse,,1,,,,,,,0,0,DEL_CX4078,0,0,0,0,ONT,,,,,"315/274, Basement, Westend Marg, near Saket Metro Station, Saiyad ul Ajaib, Sainik Farm, New Delhi, Delhi 110030",Transfer Receipt,989DB2B5EB50,2026-01-01
WIOM,002-MUMBAI,WM-03,Wiom ONT_SY-GPON-2000-WADONT-WHITE,Normal BAU,1,0,0,1,0,0,PCS,ELECTRONICS,,001-SAKET,WIOM Saket Warehouse,GRN/2025/2956,,2026-01-16T16:03:41,,WM-03,,,,TR-2425/13,TR-2425/13,2026-01-16T00:00:00,,Closed,,Mukul,Mukul,,,,NOD/2526/5732,SY101550,,0,,2025-09-04T00:00:00,,1950,TO/2425/131,Warehouse,,1,,,,,,,0,0,DEL_CX4082,0,0,0,0,ONT,,,,,"315/274, Basement, Westend Marg, near Saket Metro Station, Saiyad ul Ajaib, Sainik Farm, New Delhi, Delhi 110030",Transfer Receipt,989DB2B5EE50,2026-01-01
WIOM,002-MUMBAI,WM-03,Wiom ONT_SY-GPON-2000-WADONT-WHITE,Normal BAU,1,0,0,1,0,0,PCS,ELECTRONICS,,001-SAKET,WIOM Saket Warehouse,GRN/2025/2956,,2026-01-16T16:03:41,,WM-03,,,,TR-2425/13,TR-2425/13,2026-01-16T00:00:00,,Closed,,Mukul,Mukul,,,,NOD/2526/5732,SY101591,,0,,2025-09-04T00:00:00,,1950,TO/2425/131,Warehouse,,1,,,,,,,0,0,DEL_CX4134,0,0,0,0,ONT,,,,,"315/274, Basement, Westend Marg, near Saket Metro Station, Saiyad ul Ajaib, Sainik Farm, New Delhi, Delhi 110030",Transfer Receipt,989DB2B5E8A8,2026-01-01
WIOM,002-MUMBAI,WM-03,Wiom ONT_SY-GPON-2000-WADONT-WHITE,Normal BAU,1,0,0,1,0,0,PCS,ELECTRONICS,,001-SAKET,WIOM Saket Warehouse,GRN/2025/2956,,2026-01-16T16:03:41,,WM-03,,,,TR-2425/13,TR-2425/13,2026-01-16T00:00:00,,Closed,,Mukul,Mukul,,,,NOD/2526/5732,SY101600,,0,,2025-09-04T00:00:00,,1950,TO/2425/131,Warehouse,,1,,,,,,,0,0,DEL_CX4134,0,0,0,0,ONT,,,,,"315/274, Basement, Westend Marg, near Saket Metro Station, Saiyad ul Ajaib, Sainik Farm, New Delhi, Delhi 110030",Transfer Receipt,989DB2B5F3D8,2026-01-01
WIOM,002-MUMBAI,WM-03,Wiom ONT_SY-GPON-2000-WADONT-WHITE,Normal BAU,1,0,0,1,0,0,PCS,ELECTRONICS,,001-SAKET,WIOM Saket Warehouse,GRN/2025/2956,,2026-01-16T16:03:41,,WM-03,,,,TR-2425/13,TR-2425/13,2026-01-16T00:00:00,,Closed,,Mukul,Mukul,,,,NOD/2526/5732,SY101601,,0,,2025-09-04T00:00:00,,1950,TO/2425/131,Warehouse,,1,,,,,,,0,0,DEL_CX4138,0,0,0,0,ONT,,,,,"315/274, Basement, Westend Marg, near Saket Metro Station, Saiyad ul Ajaib, Sainik Farm, New Delhi, Delhi 110030",Transfer Receipt,989DB2B5F178,2026-01-01
WIOM,002-MUMBAI,WM-03,Wiom ONT_SY-GPON-2000-WADONT-WHITE,Normal BAU,1,0,0,1,0,0,PCS,ELECTRONICS,,001-SAKET,WIOM Saket Warehouse,GRN/2025/2956,,2026-01-16T16:03:41,,WM-03,,,,TR-2425/13,TR-2425/13,2026-01-16T00:00:00,,Closed,,Mukul,Mukul,,,,NOD/2526/5538,SY100127,,0,,2025-08-30T00:00:00,,1950,TO/2425/131,Warehouse,,1,,,,,,,0,0,DEL_CX3990,0,0,0,0,ONT,,,,,"315/274, Basement, Westend Marg, near Saket Metro Station, Saiyad ul Ajaib, Sainik Farm, New Delhi, Delhi 110030",Transfer Receipt,989DB2B5BF90,2026-01-01
WIOM,002-MUMBAI,WM-03,Wiom ONT_SY-GPON-2000-WADONT-WHITE,Normal BAU,1,0,0,1,0,0,PCS,ELECTRONICS,,001-SAKET,WIOM Saket Warehouse,GRN/2025/2956,,2026-01-16T16:03:41,,WM-03,,,,TR-2425/13,TR-2425/13,2026-01-16T00:00:00,,Closed,,Mukul,Mukul,,,,NOD/2526/5732,SY101596,,0,,2025-09-04T00:00:00,,1950,TO/2425/131,Warehouse,,1,,,,,,,0,0,DEL_CX4134,0,0,0,0,ONT,,,,,"315/274, Basement, Westend Marg, near Saket Metro Station, Saiyad ul Ajaib, Sainik Farm, New Delhi, Delhi 110030",Transfer Receipt,989DB2B5ED08,2026-01-01
WIOM,002-MUMBAI,WM-03,Wiom ONT_SY-GPON-2000-WADONT-WHITE,Normal BAU,1,0,0,1,0,0,PCS,ELECTRONICS,,001-SAKET,WIOM Saket Warehouse,GRN/2025/2956,,2026-01-16T16:03:41,,WM-03,,,,TR-2425/13,TR-2425/13,2026-01-16T00:00:00,,Closed,,Mukul,Mukul,,,,NOD/2526/5732,SY101622,,0,,2025-09-04T00:00:00,,1950,TO/2425/131,Warehouse,,1,,,,,,,0,0,DEL_CX4134,0,0,0,0,ONT,,,,,"315/274, Basement, Westend Marg, near Saket Metro Station, Saiyad ul Ajaib, Sainik Farm, New Delhi, Delhi 110030",Transfer Receipt,989DB2B5E258,2026-01-01
WIOM,002-MUMBAI,WM-03,Wiom ONT_SY-GPON-2000-WADONT-WHITE,Normal BAU,1,0,0,1,0,0,PCS,ELECTRONICS,,001-SAKET,WIOM Saket Warehouse,GRN/2025/2956,,2026-01-16T16:03:41,,WM-03,,,,TR-2425/13,TR-2425/13,2026-01-16T00:00:00,,Closed,,Mukul,Mukul,,,,NOD/2526/5538,SY100135,,0,,2025-08-30T00:00:00,,1950,TO/2425/131,Warehouse,,1,,,,,,,0,0,DEL_CX3990,0,0,0,0,ONT,,,,,"315/274, Basement, Westend Marg, near Saket Metro Station, Saiyad ul Ajaib, Sainik Farm, New Delhi, Delhi 110030",Transfer Receipt,989DB2B5BA08,2026-01-01
WIOM,002-MUMBAI,WM-03,Wiom ONT_SY-GPON-2000-WADONT-WHITE,Normal BAU,1,0,0,1,0,0,PCS,ELECTRONICS,,001-SAKET,WIOM Saket Warehouse,GRN/2025/2956,,2026-01-16T16:03:41,,WM-03,,,,TR-2425/13,TR-2425/13,2026-01-16T00:00:00,,Closed,,Mukul,Mukul,,,,NOD/2526/5732,SY101626,,0,,2025-09-04T00:00:00,,1950,TO/2425/131,Warehouse,,1,,,,,,,0,0,DEL_CX4134,0,0,0,0,ONT,,,,,"315/274, Basement, Westend Marg, near Saket Metro Station, Saiyad ul Ajaib, Sainik Farm, New Delhi, Delhi 110030",Transfer Receipt,989DB2B5E1B8,2026-01-01
WIOM,002-MUMBAI,WM-03,Wiom ONT_SY-GPON-2000-WADONT-WHITE,Normal BAU,1,0,0,1,0,0,PCS,ELECTRONICS,,001-SAKET,WIOM Saket Warehouse,GRN/2025/2956,,2026-01-16T16:03:41,,WM-03,,,,TR-2425/13,TR-2425/13,2026-01-16T00:00:00,,Closed,,Mukul,Mukul,,,,NOD/2526/5732,SY101629,,0,,2025-09-04T00:00:00,,1950,TO/2425/131,Warehouse,,1,,,,,,,0,0,DEL_CX4134,0,0,0,0,ONT,,,,,"315/274, Basement, Westend Marg, near Saket Metro Station, Saiyad ul Ajaib, Sainik Farm, New Delhi, Delhi 110030",Transfer Receipt,989DB2B5DB08,2026-01-01
WIOM,002-MUMBAI,WM-03,Wiom ONT_SY-GPON-2000-WADONT-WHITE,Normal BAU,1,0,0,1,0,0,PCS,ELECTRONICS,,001-SAKET,WIOM Saket Warehouse,GRN/2025/2956,,2026-01-16T16:03:41,,WM-03,,,,TR-2425/13,TR-2425/13,2026-01-16T00:00:00,,Closed,,Mukul,Mukul,,,,NOD/2526/5732,SY101609,,0,,2025-09-04T00:00:00,,1950,TO/2425/131,Warehouse,,1,,,,,,,0,0,DEL_CX4138,0,0,0,0,ONT,,,,,"315/274, Basement, Westend Marg, near Saket Metro Station, Saiyad ul Ajaib, Sainik Farm, New Delhi, Delhi 110030",Transfer Receipt,989DB2B5EBC8,2026-01-01
WIOM,002-MUMBAI,WM-03,Wiom ONT_SY-GPON-2000-WADONT-WHITE,Normal BAU,1,0,0,1,0,0,PCS,ELECTRONICS,,001-SAKET,WIOM Saket Warehouse,GRN/2025/2956,,2026-01-16T16:03:41,,WM-03,,,,TR-2425/13,TR-2425/13,2026-01-16T00:00:00,,Closed,,Mukul,Mukul,,,,NOD/2526/5732,SY101613,,0,,2025-09-04T00:00:00,,1950,TO/2425/131,Warehouse,,1,,,,,,,0,0,DEL_CX4138,0,0,0,0,ONT,,,,,"315/274, Basement, Westend Marg, near Saket Metro Station, Saiyad ul Ajaib, Sainik Farm, New Delhi, Delhi 110030",Transfer Receipt,989DB2B5E1B0,2026-01-01
WIOM,002-MUMBAI,WM-03,Wiom ONT_SY-GPON-2000-WADONT-WHITE,Normal BAU,1,0,0,1,0,0,PCS,ELECTRONICS,,001-SAKET,WIOM Saket Warehouse,GRN/2025/2956,,2026-01-16T16:03:41,,WM-03,,,,TR-2425/13,TR-2425/13,2026-01-16T00:00:00,,Closed,,Mukul,Mukul,,,,NOD/2526/5732,SY101597,,0,,2025-09-04T00:00:00,,1950,TO/2425/131,Warehouse,,1,,,,,,,0,0,DEL_CX4138,0,0,0,0,ONT,,,,,"315/274, Basement, Westend Marg, near Saket Metro Station, Saiyad ul Ajaib, Sainik Farm, New Delhi, Delhi 110030",Transfer Receipt,989DB2B5EB48,2026-01-01
WIOM,002-MUMBAI,WM-03,Wiom ONT_SY-GPON-2000-WADONT-WHITE,Normal BAU,1,0,0,1,0,0,PCS,ELECTRONICS,,001-SAKET,WIOM Saket Warehouse,GRN/2025/2956,,2026-01-16T16:03:41,,WM-03,,,,TR-2425/13,TR-2425/13,2026-01-16T00:00:00,,Closed,,Mukul,Mukul,,,,NOD/2526/5732,SY101638,,0,,2025-09-04T00:00:00,,1950,TO/2425/131,Warehouse,,1,,,,,,,0,0,DEL_CX4134,0,0,0,0,ONT,,,,,"315/274, Basement, Westend Marg, near Saket Metro Station, Saiyad ul Ajaib, Sainik Farm, New Delhi, Delhi 110030",Transfer Receipt,989DB2B5DE58,2026-01-01
WIOM,002-MUMBAI,WM-03,Wiom ONT_SY-GPON-2000-WADONT-WHITE,Normal BAU,1,0,0,1,0,0,PCS,ELECTRONICS,,001-SAKET,WIOM Saket Warehouse,GRN/2025/2956,,2026-01-16T16:03:41,,WM-03,,,,TR-2425/13,TR-2425/13,2026-01-16T00:00:00,,Closed,,Mukul,Mukul,,,,NOD/2526/5732,SY102127,,0,,2025-09-04T00:00:00,,1950,TO/2425/131,Warehouse,,1,,,,,,,0,0,DEL_CX4125,0,0,0,0,ONT,,,,,"315/274, Basement, Westend Marg, near Saket Metro Station, Saiyad ul Ajaib, Sainik Farm, New Delhi, Delhi 110030",Transfer Receipt,989DB2B60260,2026-01-01
WIOM,002-MUMBAI,WM-03,Wiom ONT_SY-GPON-2000-WADONT-WHITE,Normal BAU,1,0,0,1,0,0,PCS,ELECTRONICS,,001-SAKET,WIOM Saket Warehouse,GRN/2025/2956,,2026-01-16T16:03:41,,WM-03,,,,TR-2425/13,TR-2425/13,2026-01-16T00:00:00,,Closed,,Mukul,Mukul,,,,NOD/2526/5732,SY101632,,0,,2025-09-04T00:00:00,,1950,TO/2425/131,Warehouse,,1,,,,,,,0,0,DEL_CX4134,0,0,0,0,ONT,,,,,"315/274, Basement, Westend Marg, near Saket Metro Station, Saiyad ul Ajaib, Sainik Farm, New Delhi, Delhi 110030",Transfer Receipt,989DB2B5DBB0,2026-01-01
WIOM,002-MUMBAI,WM-03,Wiom ONT_SY-GPON-2000-WADONT-WHITE,Normal BAU,1,0,0,1,0,0,PCS,ELECTRONICS,,001-SAKET,WIOM Saket Warehouse,GRN/2025/2956,,2026-01-16T16:03:41,,WM-03,,,,TR-2425/13,TR-2425/13,2026-01-16T00:00:00,,Closed,,Mukul,Mukul,,,,NOD/2526/5732,SY101645,,0,,2025-09-04T00:00:00,,1950,TO/2425/131,Warehouse,,1,,,,,,,0,0,DEL_CX4103,0,0,0,0,ONT,,,,,"315/274, Basement, Westend Marg, near Saket Metro Station, Saiyad ul Ajaib, Sainik Farm, New Delhi, Delhi 110030",Transfer Receipt,989DB2B5E4F0,2026-01-01
WIOM,002-MUMBAI,WM-03,Wiom ONT_SY-GPON-2000-WADONT-WHITE,Normal BAU,1,0,0,1,0,0,PCS,ELECTRONICS,,001-SAKET,WIOM Saket Warehouse,GRN/2025/2956,,2026-01-16T16:03:41,,WM-03,,,,TR-2425/13,TR-2425/13,2026-01-16T00:00:00,,Closed,,Mukul,Mukul,,,,NOD/2526/5732,SY101636,,0,,2025-09-04T00:00:00,,1950,TO/2425/131,Warehouse,,1,,,,,,,0,0,DEL_CX4134,0,0,0,0,ONT,,,,,"315/274, Basement, Westend Marg, near Saket Metro Station, Saiyad ul Ajaib, Sainik Farm, New Delhi, Delhi 110030",Transfer Receipt,989DB2B5DDB8,2026-01-01
WIOM,002-MUMBAI,WM-03,Wiom ONT_SY-GPON-2000-WADONT-WHITE,Normal BAU,1,0,0,1,0,0,PCS,ELECTRONICS,,001-SAKET,WIOM Saket Warehouse,GRN/2025/2956,,2026-01-16T16:03:41,,WM-03,,,,TR-2425/13,TR-2425/13,2026-01-16T00:00:00,,Closed,,Mukul,Mukul,,,,NOD/2526/5538,SY100763,,0,,2025-08-30T00:00:00,,1950,TO/2425/131,Warehouse,,1,,,,,,,0,0,DEL_CX4009,0,0,0,0,ONT,,,,,"315/274, Basement, Westend Marg, near Saket Metro Station, Saiyad ul Ajaib, Sainik Farm, New Delhi, Delhi 110030",Transfer Receipt,989DB2B5D520,2026-01-01
WIOM,002-MUMBAI,WM-03,Wiom ONT_SY-GPON-2000-WADONT-WHITE,Normal BAU,1,0,0,1,0,0,PCS,ELECTRONICS,,001-SAKET,WIOM Saket Warehouse,GRN/2025/2956,,2026-01-16T16:03:41,,WM-03,,,,TR-2425/13,TR-2425/13,2026-01-16T00:00:00,,Closed,,Mukul,Mukul,,,,NOD/2526/5732,SY101651,,0,,2025-09-04T00:00:00,,1950,TO/2425/131,Warehouse,,1,,,,,,,0,0,DEL_CX4103,0,0,0,0,ONT,,,,,"315/274, Basement, Westend Marg, near Saket Metro Station, Saiyad ul Ajaib, Sainik Farm, New Delhi, Delhi 110030",Transfer Receipt,989DB2B5E3B0,2026-01-01
WIOM,002-MUMBAI,WM-03,Wiom ONT_SY-GPON-2000-WADONT-WHITE,Normal BAU,1,0,0,1,0,0,PCS,ELECTRONICS,,001-SAKET,WIOM Saket Warehouse,GRN/2025/2956,,2026-01-16T16:03:41,,WM-03,,,,TR-2425/13,TR-2425/13,2026-01-16T00:00:00,,Closed,,Mukul,Mukul,,,,NOD/2526/5538,SY100771,,0,,2025-08-30T00:00:00,,1950,TO/2425/131,Warehouse,,1,,,,,,,0,0,DEL_CX4009,0,0,0,0,ONT,,,,,"315/274, Basement, Westend Marg, near Saket Metro Station, Saiyad ul Ajaib, Sainik Farm, New Delhi, Delhi 110030",Transfer Receipt,989DB2B5D460,2026-01-01
WIOM,002-MUMBAI,WM-03,Wiom ONT_SY-GPON-2000-WADONT-WHITE,Normal BAU,1,0,0,1,0,0,PCS,ELECTRONICS,,001-SAKET,WIOM Saket Warehouse,GRN/2025/2956,,2026-01-16T16:03:41,,WM-03,,,,TR-2425/13,TR-2425/13,2026-01-16T00:00:00,,Closed,,Mukul,Mukul,,,,NOD/2526/5732,SY101650,,0,,2025-09-04T00:00:00,,1950,TO/2425/131,Warehouse,,1,,,,,,,0,0,DEL_CX4103,0,0,0,0,ONT,,,,,"315/274, Basement, Westend Marg, near Saket Metro Station, Saiyad ul Ajaib, Sainik Farm, New Delhi, Delhi 110030",Transfer Receipt,989DB2B5E198,2026-01-01
WIOM,002-MUMBAI,WM-03,Wiom ONT_SY-GPON-2000-WADONT-WHITE,Normal BAU,1,0,0,1,0,0,PCS,ELECTRONICS,,001-SAKET,WIOM Saket Warehouse,GRN/2025/2956,,2026-01-16T16:03:41,,WM-03,,,,TR-2425/13,TR-2425/13,2026-01-16T00:00:00,,Closed,,Mukul,Mukul,,,,NOD/2526/5732,SY101691,,0,,2025-09-04T00:00:00,,1950,TO/2425/131,Warehouse,,1,,,,,,,0,0,DEL_CX4137,0,0,0,0,ONT,,,,,"315/274, Basement, Westend Marg, near Saket Metro Station, Saiyad ul Ajaib, Sainik Farm, New Delhi, Delhi 110030",Transfer Receipt,989DB2B5E488,2026-01-01
WIOM,002-MUMBAI,WM-03,Wiom ONT_SY-GPON-2000-WADONT-WHITE,Normal BAU,1,0,0,1,0,0,PCS,ELECTRONICS,,001-SAKET,WIOM Saket Warehouse,GRN/2025/2956,,2026-01-16T16:03:41,,WM-03,,,,TR-2425/13,TR-2425/13,2026-01-16T00:00:00,,Closed,,Mukul,Mukul,,,,NOD/2526/5732,SY101654,,0,,2025-09-04T00:00:00,,1950,TO/2425/131,Warehouse,,1,,,,,,,0,0,DEL_CX4103,0,0,0,0,ONT,,,,,"315/274, Basement, Westend Marg, near Saket Metro Station, Saiyad ul Ajaib, Sainik Farm, New Delhi, Delhi 110030",Transfer Receipt,989DB2B5E328,2026-01-01
WIOM,002-MUMBAI,WM-03,Wiom ONT_SY-GPON-2000-WADONT-WHITE,Normal BAU,1,0,0,1,0,0,PCS,ELECTRONICS,,001-SAKET,WIOM Saket Warehouse,GRN/2025/2956,,2026-01-16T16:03:41,,WM-03,,,,TR-2425/13,TR-2425/13,2026-01-16T00:00:00,,Closed,,Mukul,Mukul,,,,NOD/2526/5732,SY101639,,0,,2025-09-04T00:00:00,,1950,TO/2425/131,Warehouse,,1,,,,,,,0,0,DEL_CX4134,0,0,0,0,ONT,,,,,"315/274, Basement, Westend Marg, near Saket Metro Station, Saiyad ul Ajaib, Sainik Farm, New Delhi, Delhi 110030",Transfer Receipt,989DB2B5DF68,2026-01-01
WIOM,002-MUMBAI,WM-03,Wiom ONT_SY-GPON-2000-WADONT-WHITE,Normal BAU,1,0,0,1,0,0,PCS,ELECTRONICS,,001-SAKET,WIOM Saket Warehouse,GRN/2025/2956,,2026-01-16T16:03:41,,WM-03,,,,TR-2425/13,TR-2425/13,2026-01-16T00:00:00,,Closed,,Mukul,Mukul,,,,NOD/2526/5732,SY101634,,0,,2025-09-04T00:00:00,,1950,TO/2425/131,Warehouse,,1,,,,,,,0,0,DEL_CX4134,0,0,0,0,ONT,,,,,"315/274, Basement, Westend Marg, near Saket Metro Station, Saiyad ul Ajaib, Sainik Farm, New Delhi, Delhi 110030",Transfer Receipt,989DB2B5DAF0,2026-01-01
WIOM,002-MUMBAI,WM-03,Wiom ONT_SY-GPON-2000-WADONT-WHITE,Normal BAU,1,0,0,1,0,0,PCS,ELECTRONICS,,001-SAKET,WIOM Saket Warehouse,GRN/2025/2956,,2026-01-16T16:03:41,,WM-03,,,,TR-2425/13,TR-2425/13,2026-01-16T00:00:00,,Closed,,Mukul,Mukul,,,,NOD/2526/5732,SY101592,,0,,2025-09-04T00:00:00,,1950,TO/2425/131,Warehouse,,1,,,,,,,0,0,DEL_CX4138,0,0,0,0,ONT,,,,,"315/274, Basement, Westend Marg, near Saket Metro Station, Saiyad ul Ajaib, Sainik Farm, New Delhi, Delhi 110030",Transfer Receipt,989DB2B5EC88,2026-01-01
WIOM,002-MUMBAI,WM-03,Wiom ONT_SY-GPON-2000-WADONT-WHITE,Normal BAU,1,0,0,1,0,0,PCS,ELECTRONICS,,001-SAKET,WIOM Saket Warehouse,GRN/2025/2956,,2026-01-16T16:03:41,,WM-03,,,,TR-2425/13,TR-2425/13,2026-01-16T00:00:00,,Closed,,Mukul,Mukul,,,,NOD/2526/6031,SY103158,,0,,2025-09-11T00:00:00,,1950,TO/2425/131,Warehouse,,1,,,,,,,0,0,DEL_CX4520,0,0,0,0,ONT,,,,,"315/274, Basement, Westend Marg, near Saket Metro Station, Saiyad ul Ajaib, Sainik Farm, New Delhi, Delhi 110030",Transfer Receipt,989DB2B62D38,2026-01-01
WIOM,002-MUMBAI,WM-03,Wiom ONT_SY-GPON-2000-WADONT-WHITE,Normal BAU,1,0,0,1,0,0,PCS,ELECTRONICS,,001-SAKET,WIOM Saket Warehouse,GRN/2025/2956,,2026-01-16T16:03:41,,WM-03,,,,TR-2425/13,TR-2425/13,2026-01-16T00:00:00,,Closed,,Mukul,Mukul,,,,NOD/2526/5538,SY100779,,0,,2025-08-30T00:00:00,,1950,TO/2425/131,Warehouse,,1,,,,,,,0,0,DEL_CX4009,0,0,0,0,ONT,,,,,"315/274, Basement, Westend Marg, near Saket Metro Station, Saiyad ul Ajaib, Sainik Farm, New Delhi, Delhi 110030",Transfer Receipt,989DB2B5DA50,2026-01-01
WIOM,002-MUMBAI,WM-03,Wiom ONT_SY-GPON-2000-WADONT-WHITE,Normal BAU,1,0,0,1,0,0,PCS,ELECTRONICS,,001-SAKET,WIOM Saket Warehouse,GRN/2025/2956,,2026-01-16T16:03:41,,WM-03,,,,TR-2425/13,TR-2425/13,2026-01-16T00:00:00,,Closed,,Mukul,Mukul,,,,NOD/2526/5732,SY101709,,0,,2025-09-04T00:00:00,,1950,TO/2425/131,Warehouse,,1,,,,,,,0,0,DEL_CX4137,0,0,0,0,ONT,,,,,"315/274, Basement, Westend Marg, near Saket Metro Station, Saiyad ul Ajaib, Sainik Farm, New Delhi, Delhi 110030",Transfer Receipt,989DB2B604C0,2026-01-01
WIOM,002-MUMBAI,WM-03,Wiom ONT_SY-GPON-2000-WADONT-WHITE,Normal BAU,1,0,0,1,0,0,PCS,ELECTRONICS,,001-SAKET,WIOM Saket Warehouse,GRN/2025/2956,,2026-01-16T16:03:41,,WM-03,,,,TR-2425/13,TR-2425/13,2026-01-16T00:00:00,,Closed,,Mukul,Mukul,,,,NOD/2526/5732,SY101698,,0,,2025-09-04T00:00:00,,1950,TO/2425/131,Warehouse,,1,,,,,,,0,0,DEL_CX4137,0,0,0,0,ONT,,,,,"315/274, Basement, Westend Marg, near Saket Metro Station, Saiyad ul Ajaib, Sainik Farm, New Delhi, Delhi 110030",Transfer Receipt,989DB2B60470,2026-01-01
WIOM,002-MUMBAI,WM-03,Wiom ONT_SY-GPON-2000-WADONT-WHITE,Normal BAU,1,0,0,1,0,0,PCS,ELECTRONICS,,001-SAKET,WIOM Saket Warehouse,GRN/2025/2956,,2026-01-16T16:03:41,,WM-03,,,,TR-2425/13,TR-2425/13,2026-01-16T00:00:00,,Closed,,Mukul,Mukul,,,,NOD/2526/5732,SY101702,,0,,2025-09-04T00:00:00,,1950,TO/2425/131,Warehouse,,1,,,,,,,0,0,DEL_CX4137,0,0,0,0,ONT,,,,,"315/274, Basement, Westend Marg, near Saket Metro Station, Saiyad ul Ajaib, Sainik Farm, New Delhi, Delhi 110030",Transfer Receipt,989DB2B603A0,2026-01-01
WIOM,002-MUMBAI,WM-03,Wiom ONT_SY-GPON-2000-WADONT-WHITE,Normal BAU,1,0,0,1,0,0,PCS,ELECTRONICS,,001-SAKET,WIOM Saket Warehouse,GRN/2025/2956,,2026-01-16T16:03:41,,WM-03,,,,TR-2425/13,TR-2425/13,2026-01-16T00:00:00,,Closed,,Mukul,Mukul,,,,NOD/2526/5732,SY101719,,0,,2025-09-04T00:00:00,,1950,TO/2425/131,Warehouse,,1,,,,,,,0,0,DEL_CX4137,0,0,0,0,ONT,,,,,"315/274, Basement, Westend Marg, near Saket Metro Station, Saiyad ul Ajaib, Sainik Farm, New Delhi, Delhi 110030",Transfer Receipt,989DB2B5FC28,2026-01-01
WIOM,002-MUMBAI,WM-03,Wiom ONT_SY-GPON-2000-WADONT-WHITE,Normal BAU,1,0,0,1,0,0,PCS,ELECTRONICS,,001-SAKET,WIOM Saket Warehouse,GRN/2025/2956,,2026-01-16T16:03:41,,WM-03,,,,TR-2425/13,TR-2425/13,2026-01-16T00:00:00,,Closed,,Mukul,Mukul,,,,NOD/2526/5538,SY100867,,0,,2025-08-30T00:00:00,,1950,TO/2425/131,Warehouse,,1,,,,,,,0,0,DEL_CX3993,0,0,0,0,ONT,,,,,"315/274, Basement, Westend Marg, near Saket Metro Station, Saiyad ul Ajaib, Sainik Farm, New Delhi, Delhi 110030",Transfer Receipt,989DB2B57710,2026-01-01
WIOM,002-MUMBAI,WM-03,Wiom ONT_SY-GPON-2000-WADONT-WHITE,Normal BAU,1,0,0,1,0,0,PCS,ELECTRONICS,,001-SAKET,WIOM Saket Warehouse,GRN/2025/2956,,2026-01-16T16:03:41,,WM-03,,,,TR-2425/13,TR-2425/13,2026-01-16T00:00:00,,Closed,,Mukul,Mukul,,,,NOD/2526/5732,SY101716,,0,,2025-09-04T00:00:00,,1950,TO/2425/131,Warehouse,,1,,,,,,,0,0,DEL_CX4137,0,0,0,0,ONT,,,,,"315/274, Basement, Westend Marg, near Saket Metro Station, Saiyad ul Ajaib, Sainik Farm, New Delhi, Delhi 110030",Transfer Receipt,989DB2B60130,2026-01-01
WIOM,002-MUMBAI,WM-03,Wiom ONT_SY-GPON-2000-WADONT-WHITE,Normal BAU,1,0,0,1,0,0,PCS,ELECTRONICS,,001-SAKET,WIOM Saket Warehouse,GRN/2025/2956,,2026-01-16T16:03:41,,WM-03,,,,TR-2425/13,TR-2425/13,2026-01-16T00:00:00,,Closed,,Mukul,Mukul,,,,NOD/2526/5732,SY101737,,0,,2025-09-04T00:00:00,,1950,TO/2425/131,Warehouse,,1,,,,,,,0,0,DEL_CX4137,0,0,0,0,ONT,,,,,"315/274, Basement, Westend Marg, near Saket Metro Station, Saiyad ul Ajaib, Sainik Farm, New Delhi, Delhi 110030",Transfer Receipt,989DB2B603B0,2026-01-01
WIOM,002-MUMBAI,WM-03,Wiom ONT_SY-GPON-2000-WADONT-WHITE,Normal BAU,1,0,0,1,0,0,PCS,ELECTRONICS,,001-SAKET,WIOM Saket Warehouse,GRN/2025/2956,,2026-01-16T16:03:41,,WM-03,,,,TR-2425/13,TR-2425/13,2026-01-16T00:00:00,,Closed,,Mukul,Mukul,,,,NOD/2526/5732,SY101726,,0,,2025-09-04T00:00:00,,1950,TO/2425/131,Warehouse,,1,,,,,,,0,0,DEL_CX4137,0,0,0,0,ONT,,,,,"315/274, Basement, Westend Marg, near Saket Metro Station, Saiyad ul Ajaib, Sainik Farm, New Delhi, Delhi 110030",Transfer Receipt,989DB2B5FAE0,2026-01-01
WIOM,002-MUMBAI,WM-03,Wiom ONT_SY-GPON-2000-WADONT-WHITE,Normal BAU,1,0,0,1,0,0,PCS,ELECTRONICS,,001-SAKET,WIOM Saket Warehouse,GRN/2025/2956,,2026-01-16T16:03:41,,WM-03,,,,TR-2425/13,TR-2425/13,2026-01-16T00:00:00,,Closed,,Mukul,Mukul,,,,NOD/2526/5732,SY101706,,0,,2025-09-04T00:00:00,,1950,TO/2425/131,Warehouse,,1,,,,,,,0,0,DEL_CX4137,0,0,0,0,ONT,,,,,"315/274, Basement, Westend Marg, near Saket Metro Station, Saiyad ul Ajaib, Sainik Farm, New Delhi, Delhi 110030",Transfer Receipt,989DB2B60330,2026-01-01
WIOM,002-MUMBAI,WM-03,Wiom ONT_SY-GPON-2000-WADONT-WHITE,Normal BAU,1,0,0,1,0,0,PCS,ELECTRONICS,,001-SAKET,WIOM Saket Warehouse,GRN/2025/2956,,2026-01-16T16:03:41,,WM-03,,,,TR-2425/13,TR-2425/13,2026-01-16T00:00:00,,Closed,,Mukul,Mukul,,,,NOD/2526/5732,SY101703,,0,,2025-09-04T00:00:00,,1950,TO/2425/131,Warehouse,,1,,,,,,,0,0,DEL_CX4137,0,0,0,0,ONT,,,,,"315/274, Basement, Westend Marg, near Saket Metro Station, Saiyad ul Ajaib, Sainik Farm, New Delhi, Delhi 110030",Transfer Receipt,989DB2B602D8,2026-01-01
WIOM,002-MUMBAI,WM-03,Wiom ONT_SY-GPON-2000-WADONT-WHITE,Normal BAU,1,0,0,1,0,0,PCS,ELECTRONICS,,001-SAKET,WIOM Saket Warehouse,GRN/2025/2956,,2026-01-16T16:03:41,,WM-03,,,,TR-2425/13,TR-2425/13,2026-01-16T00:00:00,,Closed,,Mukul,Mukul,,,,NOD/2526/5732,SY101745,,0,,2025-09-04T00:00:00,,1950,TO/2425/131,Warehouse,,1,,,,,,,0,0,DEL_CX4143,0,0,0,0,ONT,,,,,"315/274, Basement, Westend Marg, near Saket Metro Station, Saiyad ul Ajaib, Sainik Farm, New Delhi, Delhi 110030",Transfer Receipt,989DB2B5FCE8,2026-01-01
WIOM,002-MUMBAI,WM-03,Wiom ONT_SY-GPON-2000-WADONT-WHITE,Normal BAU,1,0,0,1,0,0,PCS,ELECTRONICS,,001-SAKET,WIOM Saket Warehouse,GRN/2025/2956,,2026-01-16T16:03:41,,WM-03,,,,TR-2425/13,TR-2425/13,2026-01-16T00:00:00,,Closed,,Mukul,Mukul,,,,NOD/2526/5732,SY101743,,0,,2025-09-04T00:00:00,,1950,TO/2425/131,Warehouse,,1,,,,,,,0,0,DEL_CX4142,0,0,0,0,ONT,,,,,"315/274, Basement, Westend Marg, near Saket Metro Station, Saiyad ul Ajaib, Sainik Farm, New Delhi, Delhi 110030",Transfer Receipt,989DB2B60078,2026-01-01
WIOM,002-MUMBAI,WM-03,Wiom ONT_SY-GPON-2000-WADONT-WHITE,Normal BAU,1,0,0,1,0,0,PCS,ELECTRONICS,,001-SAKET,WIOM Saket Warehouse,GRN/2025/2956,,2026-01-16T16:03:41,,WM-03,,,,TR-2425/13,TR-2425/13,2026-01-16T00:00:00,,Closed,,Mukul,Mukul,,,,NOD/2526/5732,SY101742,,0,,2025-09-04T00:00:00,,1950,TO/2425/131,Warehouse,,1,,,,,,,0,0,DEL_CX4143,0,0,0,0,ONT,,,,,"315/274, Basement, Westend Marg, near Saket Metro Station, Saiyad ul Ajaib, Sainik Farm, New Delhi, Delhi 110030",Transfer Receipt,989DB2B60018,2026-01-01
WIOM,002-MUMBAI,WM-03,Wiom ONT_SY-GPON-2000-WADONT-WHITE,Normal BAU,1,0,0,1,0,0,PCS,ELECTRONICS,,001-SAKET,WIOM Saket Warehouse,GRN/2025/2956,,2026-01-16T16:03:41,,WM-03,,,,TR-2425/13,TR-2425/13,2026-01-16T00:00:00,,Closed,,Mukul,Mukul,,,,NOD/2526/5732,SY101747,,0,,2025-09-04T00:00:00,,1950,TO/2425/131,Warehouse,,1,,,,,,,0,0,DEL_CX4142,0,0,0,0,ONT,,,,,"315/274, Basement, Westend Marg, near Saket Metro Station, Saiyad ul Ajaib, Sainik Farm, New Delhi, Delhi 110030",Transfer Receipt,989DB2B60200,2026-01-01
WIOM,002-MUMBAI,WM-03,Wiom ONT_SY-GPON-2000-WADONT-WHITE,Normal BAU,1,0,0,1,0,0,PCS,ELECTRONICS,,001-SAKET,WIOM Saket Warehouse,GRN/2025/2956,,2026-01-16T16:03:41,,WM-03,,,,TR-2425/13,TR-2425/13,2026-01-16T00:00:00,,Closed,,Mukul,Mukul,,,,NOD/2526/5732,SY101744,,0,,2025-09-04T00:00:00,,1950,TO/2425/131,Warehouse,,1,,,,,,,0,0,DEL_CX4142,0,0,0,0,ONT,,,,,"315/274, Basement, Westend Marg, near Saket Metro Station, Saiyad ul Ajaib, Sainik Farm, New Delhi, Delhi 110030",Transfer Receipt,989DB2B602A8,2026-01-01
WIOM,002-MUMBAI,WM-03,Wiom ONT_SY-GPON-2000-WADONT-WHITE,Normal BAU,1,0,0,1,0,0,PCS,ELECTRONICS,,001-SAKET,WIOM Saket Warehouse,GRN/2025/2956,,2026-01-16T16:03:41,,WM-03,,,,TR-2425/13,TR-2425/13,2026-01-16T00:00:00,,Closed,,Mukul,Mukul,,,,NOD/2526/5538,SY100875,,0,,2025-08-30T00:00:00,,1950,TO/2425/131,Warehouse,,1,,,,,,,0,0,DEL_CX3993,0,0,0,0,ONT,,,,,"315/274, Basement, Westend Marg, near Saket Metro Station, Saiyad ul Ajaib, Sainik Farm, New Delhi, Delhi 110030",Transfer Receipt,989DB2B5CC90,2026-01-01
WIOM,002-MUMBAI,WM-03,Wiom ONT_SY-GPON-2000-WADONT-WHITE,Normal BAU,1,0,0,1,0,0,PCS,ELECTRONICS,,001-SAKET,WIOM Saket Warehouse,GRN/2025/2956,,2026-01-16T16:03:41,,WM-03,,,,TR-2425/13,TR-2425/13,2026-01-16T00:00:00,,Closed,,Mukul,Mukul,,,,NOD/2526/5732,SY101751,,0,,2025-09-04T00:00:00,,1950,TO/2425/131,Warehouse,,1,,,,,,,0,0,DEL_CX4143,0,0,0,0,ONT,,,,,"315/274, Basement, Westend Marg, near Saket Metro Station, Saiyad ul Ajaib, Sainik Farm, New Delhi, Delhi 110030",Transfer Receipt,989DB2B603B8,2026-01-01
WIOM,002-MUMBAI,WM-03,Wiom ONT_SY-GPON-2000-WADONT-WHITE,Normal BAU,1,0,0,1,0,0,PCS,ELECTRONICS,,001-SAKET,WIOM Saket Warehouse,GRN/2025/2956,,2026-01-16T16:03:41,,WM-03,,,,TR-2425/13,TR-2425/13,2026-01-16T00:00:00,,Closed,,Mukul,Mukul,,,,NOD/2526/5538,SY100943,,0,,2025-08-30T00:00:00,,1950,TO/2425/131,Warehouse,,1,,,,,,,0,0,DEL_CX3987,0,0,0,0,ONT,,,,,"315/274, Basement, Westend Marg, near Saket Metro Station, Saiyad ul Ajaib, Sainik Farm, New Delhi, Delhi 110030",Transfer Receipt,989DB2B5D7C0,2026-01-01
WIOM,002-MUMBAI,WM-03,Wiom ONT_SY-GPON-2000-WADONT-WHITE,Normal BAU,1,0,0,1,0,0,PCS,ELECTRONICS,,001-SAKET,WIOM Saket Warehouse,GRN/2025/2956,,2026-01-16T16:03:41,,WM-03,,,,TR-2425/13,TR-2425/13,2026-01-16T00:00:00,,Closed,,Mukul,Mukul,,,,NOD/2526/5732,SY101750,,0,,2025-09-04T00:00:00,,1950,TO/2425/131,Warehouse,,1,,,,,,,0,0,DEL_CX4143,0,0,0,0,ONT,,,,,"315/274, Basement, Westend Marg, near Saket Metro Station, Saiyad ul Ajaib, Sainik Farm, New Delhi, Delhi 110030",Transfer Receipt,989DB2B5FCA8,2026-01-01
WIOM,002-MUMBAI,WM-03,Wiom ONT_SY-GPON-2000-WADONT-WHITE,Normal BAU,1,0,0,1,0,0,PCS,ELECTRONICS,,001-SAKET,WIOM Saket Warehouse,GRN/2025/2956,,2026-01-16T16:03:41,,WM-03,,,,TR-2425/13,TR-2425/13,2026-01-16T00:00:00,,Closed,,Mukul,Mukul,,,,NOD/2526/5732,SY101755,,0,,2025-09-04T00:00:00,,1950,TO/2425/131,Warehouse,,1,,,,,,,0,0,DEL_CX4143,0,0,0,0,ONT,,,,,"315/274, Basement, Westend Marg, near Saket Metro Station, Saiyad ul Ajaib, Sainik Farm, New Delhi, Delhi 110030",Transfer Receipt,989DB2B5FE78,2026-01-01
WIOM,002-MUMBAI,WM-03,Wiom ONT_SY-GPON-2000-WADONT-WHITE,Normal BAU,1,0,0,1,0,0,PCS,ELECTRONICS,,001-SAKET,WIOM Saket Warehouse,GRN/2025/2956,,2026-01-16T16:03:41,,WM-03,,,,TR-2425/13,TR-2425/13,2026-01-16T00:00:00,,Closed,,Mukul,Mukul,,,,NOD/2526/5732,SY101752,,0,,2025-09-04T00:00:00,,1950,TO/2425/131,Warehouse,,1,,,,,,,0,0,DEL_CX4142,0,0,0,0,ONT,,,,,"315/274, Basement, Westend Marg, near Saket Metro Station, Saiyad ul Ajaib, Sainik Farm, New Delhi, Delhi 110030",Transfer Receipt,989DB2B5F7B0,2026-01-01
WIOM,002-MUMBAI,WM-03,Wiom ONT_SY-GPON-2000-WADONT-WHITE,Normal BAU,1,0,0,1,0,0,PCS,ELECTRONICS,,001-SAKET,WIOM Saket Warehouse,GRN/2025/2956,,2026-01-16T16:03:41,,WM-03,,,,TR-2425/13,TR-2425/13,2026-01-16T00:00:00,,Closed,,Mukul,Mukul,,,,NOD/2526/5732,SY101746,,0,,2025-09-04T00:00:00,,1950,TO/2425/131,Warehouse,,1,,,,,,,0,0,DEL_CX4143,0,0,0,0,ONT,,,,,"315/274, Basement, Westend Marg, near Saket Metro Station, Saiyad ul Ajaib, Sainik Farm, New Delhi, Delhi 110030",Transfer Receipt,989DB2B601E0,2026-01-01
WIOM,002-MUMBAI,WM-03,Wiom ONT_SY-GPON-2000-WADONT-WHITE,Normal BAU,1,0,0,1,0,0,PCS,ELECTRONICS,,001-SAKET,WIOM Saket Warehouse,GRN/2025/2956,,2026-01-16T16:03:41,,WM-03,,,,TR-2425/13,TR-2425/13,2026-01-16T00:00:00,,Closed,,Mukul,Mukul,,,,NOD/2526/5732,SY101731,,0,,2025-09-04T00:00:00,,1950,TO/2425/131,Warehouse,,1,,,,,,,0,0,DEL_CX4137,0,0,0,0,ONT,,,,,"315/274, Basement, Westend Marg, near Saket Metro Station, Saiyad ul Ajaib, Sainik Farm, New Delhi, Delhi 110030",Transfer Receipt,989DB2B5FC90,2026-01-01
WIOM,002-MUMBAI,WM-03,Wiom ONT_SY-GPON-2000-WADONT-WHITE,Normal BAU,1,0,0,1,0,0,PCS,ELECTRONICS,,001-SAKET,WIOM Saket Warehouse,GRN/2025/2956,,2026-01-16T16:03:41,,WM-03,,,,TR-2425/13,TR-2425/13,2026-01-16T00:00:00,,Closed,,Mukul,Mukul,,,,NOD/2526/5732,SY101701,,0,,2025-09-04T00:00:00,,1950,TO/2425/131,Warehouse,,1,,,,,,,0,0,DEL_CX4137,0,0,0,0,ONT,,,,,"315/274, Basement, Westend Marg, near Saket Metro Station, Saiyad ul Ajaib, Sainik Farm, New Delhi, Delhi 110030",Transfer Receipt,989DB2B60378,2026-01-01
WIOM,002-MUMBAI,WM-03,Wiom ONT_SY-GPON-2000-WADONT-WHITE,Normal BAU,1,0,0,1,0,0,PCS,ELECTRONICS,,001-SAKET,WIOM Saket Warehouse,GRN/2025/2956,,2026-01-16T16:03:41,,WM-03,,,,TR-2425/13,TR-2425/13,2026-01-16T00:00:00,,Closed,,Mukul,Mukul,,,,NOD/2526/5732,SY101760,,0,,2025-09-04T00:00:00,,1950,TO/2425/131,Warehouse,,1,,,,,,,0,0,DEL_CX4143,0,0,0,0,ONT,,,,,"315/274, Basement, Westend Marg, near Saket Metro Station, Saiyad ul Ajaib, Sainik Farm, New Delhi, Delhi 110030",Transfer Receipt,989DB2B5FF08,2026-01-01
WIOM,002-MUMBAI,WM-03,Wiom ONT_SY-GPON-2000-WADONT-WHITE,Normal BAU,1,0,0,1,0,0,PCS,ELECTRONICS,,001-SAKET,WIOM Saket Warehouse,GRN/2025/2956,,2026-01-16T16:03:41,,WM-03,,,,TR-2425/13,TR-2425/13,2026-01-16T00:00:00,,Closed,,Mukul,Mukul,,,,NOD/2526/5538,SY100951,,0,,2025-08-30T00:00:00,,1950,TO/2425/131,Warehouse,,1,,,,,,,0,0,DEL_CX3987,0,0,0,0,ONT,,,,,"315/274, Basement, Westend Marg, near Saket Metro Station, Saiyad ul Ajaib, Sainik Farm, New Delhi, Delhi 110030",Transfer Receipt,989DB2B5D660,2026-01-01
WIOM,002-MUMBAI,WM-03,Wiom ONT_SY-GPON-2000-WADONT-WHITE,Normal BAU,1,0,0,1,0,0,PCS,ELECTRONICS,,001-SAKET,WIOM Saket Warehouse,GRN/2025/2956,,2026-01-16T16:03:41,,WM-03,,,,TR-2425/13,TR-2425/13,2026-01-16T00:00:00,,Closed,,Mukul,Mukul,,,,NOD/2526/5732,SY101826,,0,,2025-09-04T00:00:00,,1950,TO/2425/131,Warehouse,,1,,,,,,,0,0,DEL_CX4128,0,0,0,0,ONT,,,,,"315/274, Basement, Westend Marg, near Saket Metro Station, Saiyad ul Ajaib, Sainik Farm, New Delhi, Delhi 110030",Transfer Receipt,989DB2B5E138,2026-01-01
WIOM,002-MUMBAI,WM-03,Wiom ONT_SY-GPON-2000-WADONT-WHITE,Normal BAU,1,0,0,1,0,0,PCS,ELECTRONICS,,001-SAKET,WIOM Saket Warehouse,GRN/2025/2956,,2026-01-16T16:03:41,,WM-03,,,,TR-2425/13,TR-2425/13,2026-01-16T00:00:00,,Closed,,Mukul,Mukul,,,,NOD/2526/5732,SY101758,,0,,2025-09-04T00:00:00,,1950,TO/2425/131,Warehouse,,1,,,,,,,0,0,DEL_CX4142,0,0,0,0,ONT,,,,,"315/274, Basement, Westend Marg, near Saket Metro Station, Saiyad ul Ajaib, Sainik Farm, New Delhi, Delhi 110030",Transfer Receipt,989DB2B5FE80,2026-01-01
WIOM,002-MUMBAI,WM-03,Wiom ONT_SY-GPON-2000-WADONT-WHITE,Normal BAU,1,0,0,1,0,0,PCS,ELECTRONICS,,001-SAKET,WIOM Saket Warehouse,GRN/2025/2956,,2026-01-16T16:03:41,,WM-03,,,,TR-2425/13,TR-2425/13,2026-01-16T00:00:00,,Closed,,Mukul,Mukul,,,,NOD/2526/5732,SY101821,,0,,2025-09-04T00:00:00,,1950,TO/2425/131,Warehouse,,1,,,,,,,0,0,DEL_CX4128,0,0,0,0,ONT,,,,,"315/274, Basement, Westend Marg, near Saket Metro Station, Saiyad ul Ajaib, Sainik Farm, New Delhi, Delhi 110030",Transfer Receipt,989DB2B5E350,2026-01-01
WIOM,002-MUMBAI,WM-03,Wiom ONT_SY-GPON-2000-WADONT-WHITE,Normal BAU,1,0,0,1,0,0,PCS,ELECTRONICS,,001-SAKET,WIOM Saket Warehouse,GRN/2025/2956,,2026-01-16T16:03:41,,WM-03,,,,TR-2425/13,TR-2425/13,2026-01-16T00:00:00,,Closed,,Mukul,Mukul,,,,NOD/2526/5732,SY101834,,0,,2025-09-04T00:00:00,,1950,TO/2425/131,Warehouse,,1,,,,,,,0,0,DEL_CX4128,0,0,0,0,ONT,,,,,"315/274, Basement, Westend Marg, near Saket Metro Station, Saiyad ul Ajaib, Sainik Farm, New Delhi, Delhi 110030",Transfer Receipt,989DB2B5E660,2026-01-01
WIOM,002-MUMBAI,WM-03,Wiom ONT_SY-GPON-2000-WADONT-WHITE,Normal BAU,1,0,0,1,0,0,PCS,ELECTRONICS,,001-SAKET,WIOM Saket Warehouse,GRN/2025/2956,,2026-01-16T16:03:41,,WM-03,,,,TR-2425/13,TR-2425/13,2026-01-16T00:00:00,,Closed,,Mukul,Mukul,,,,NOD/2526/5538,SY100959,,0,,2025-08-30T00:00:00,,1950,TO/2425/131,Warehouse,,1,,,,,,,0,0,DEL_CX3987,0,0,0,0,ONT,,,,,"315/274, Basement, Westend Marg, near Saket Metro Station, Saiyad ul Ajaib, Sainik Farm, New Delhi, Delhi 110030",Transfer Receipt,989DB2B5D768,2026-01-01
WIOM,002-MUMBAI,WM-03,Wiom ONT_SY-GPON-2000-WADONT-WHITE,Normal BAU,1,0,0,1,0,0,PCS,ELECTRONICS,,001-SAKET,WIOM Saket Warehouse,GRN/2025/2956,,2026-01-16T16:03:41,,WM-03,,,,TR-2425/13,TR-2425/13,2026-01-16T00:00:00,,Closed,,Mukul,Mukul,,,,NOD/2526/5732,SY101831,,0,,2025-09-04T00:00:00,,1950,TO/2425/131,Warehouse,,1,,,,,,,0,0,DEL_CX4126,0,0,0,0,ONT,,,,,"315/274, Basement, Westend Marg, near Saket Metro Station, Saiyad ul Ajaib, Sainik Farm, New Delhi, Delhi 110030",Transfer Receipt,989DB2B5E330,2026-01-01
WIOM,002-MUMBAI,WM-03,Wiom ONT_SY-GPON-2000-WADONT-WHITE,Normal BAU,1,0,0,1,0,0,PCS,ELECTRONICS,,001-SAKET,WIOM Saket Warehouse,GRN/2025/2956,,2026-01-16T16:03:41,,WM-03,,,,TR-2425/13,TR-2425/13,2026-01-16T00:00:00,,Closed,,Mukul,Mukul,,,,NOD/2526/5732,SY101841,,0,,2025-09-04T00:00:00,,1950,TO/2425/131,Warehouse,,1,,,,,,,0,0,DEL_CX4128,0,0,0,0,ONT,,,,,"315/274, Basement, Westend Marg, near Saket Metro Station, Saiyad ul Ajaib, Sainik Farm, New Delhi, Delhi 110030",Transfer Receipt,989DB2B5DF60,2026-01-01
WIOM,002-MUMBAI,WM-03,Wiom ONT_SY-GPON-2000-WADONT-WHITE,Normal BAU,1,0,0,1,0,0,PCS,ELECTRONICS,,001-SAKET,WIOM Saket Warehouse,GRN/2025/2956,,2026-01-16T16:03:41,,WM-03,,,,TR-2425/13,TR-2425/13,2026-01-16T00:00:00,,Closed,,Mukul,Mukul,,,,NOD/2526/5732,SY101835,,0,,2025-09-04T00:00:00,,1950,TO/2425/131,Warehouse,,1,,,,,,,0,0,DEL_CX4126,0,0,0,0,ONT,,,,,"315/274, Basement, Westend Marg, near Saket Metro Station, Saiyad ul Ajaib, Sainik Farm, New Delhi, Delhi 110030",Transfer Receipt,989DB2B5DFA8,2026-01-01
WIOM,002-MUMBAI,WM-03,Wiom ONT_SY-GPON-2000-WADONT-WHITE,Normal BAU,1,0,0,1,0,0,PCS,ELECTRONICS,,001-SAKET,WIOM Saket Warehouse,GRN/2025/2956,,2026-01-16T16:03:41,,WM-03,,,,TR-2425/13,TR-2425/13,2026-01-16T00:00:00,,Closed,,Mukul,Mukul,,,,NOD/2526/5732,SY101822,,0,,2025-09-04T00:00:00,,1950,TO/2425/131,Warehouse,,1,,,,,,,0,0,DEL_CX4126,0,0,0,0,ONT,,,,,"315/274, Basement, Westend Marg, near Saket Metro Station, Saiyad ul Ajaib, Sainik Farm, New Delhi, Delhi 110030",Transfer Receipt,989DB2B5E2A0,2026-01-01
WIOM,002-MUMBAI,WM-03,Wiom ONT_SY-GPON-2000-WADONT-WHITE,Normal BAU,1,0,0,1,0,0,PCS,ELECTRONICS,,001-SAKET,WIOM Saket Warehouse,GRN/2025/2956,,2026-01-16T16:03:41,,WM-03,,,,TR-2425/13,TR-2425/13,2026-01-16T00:00:00,,Closed,,Mukul,Mukul,,,,NOD/2526/5732,SY101759,,0,,2025-09-04T00:00:00,,1950,TO/2425/131,Warehouse,,1,,,,,,,0,0,DEL_CX4142,0,0,0,0,ONT,,,,,"315/274, Basement, Westend Marg, near Saket Metro Station, Saiyad ul Ajaib, Sainik Farm, New Delhi, Delhi 110030",Transfer Receipt,989DB2B5F760,2026-01-01
WIOM,002-MUMBAI,WM-03,Wiom ONT_SY-GPON-2000-WADONT-WHITE,Normal BAU,1,0,0,1,0,0,PCS,ELECTRONICS,,001-SAKET,WIOM Saket Warehouse,GRN/2025/2956,,2026-01-16T16:03:41,,WM-03,,,,TR-2425/13,TR-2425/13,2026-01-16T00:00:00,,Closed,,Mukul,Mukul,,,,NOD/2526/5732,SY101848,,0,,2025-09-04T00:00:00,,1950,TO/2425/131,Warehouse,,1,,,,,,,0,0,DEL_CX4126,0,0,0,0,ONT,,,,,"315/274, Basement, Westend Marg, near Saket Metro Station, Saiyad ul Ajaib, Sainik Farm, New Delhi, Delhi 110030",Transfer Receipt,989DB2B5E0E0,2026-01-01
WIOM,002-MUMBAI,WM-03,Wiom ONT_SY-GPON-2000-WADONT-WHITE,Normal BAU,1,0,0,1,0,0,PCS,ELECTRONICS,,001-SAKET,WIOM Saket Warehouse,GRN/2025/2956,,2026-01-16T16:03:41,,WM-03,,,,TR-2425/13,TR-2425/13,2026-01-16T00:00:00,,Closed,,Mukul,Mukul,,,,NOD/2526/5732,SY101849,,0,,2025-09-04T00:00:00,,1950,TO/2425/131,Warehouse,,1,,,,,,,0,0,DEL_CX4128,0,0,0,0,ONT,,,,,"315/274, Basement, Westend Marg, near Saket Metro Station, Saiyad ul Ajaib, Sainik Farm, New Delhi, Delhi 110030",Transfer Receipt,989DB2B5DDA8,2026-01-01
WIOM,002-MUMBAI,WM-03,Wiom ONT_SY-GPON-2000-WADONT-WHITE,Normal BAU,1,0,0,1,0,0,PCS,ELECTRONICS,,001-SAKET,WIOM Saket Warehouse,GRN/2025/2956,,2026-01-16T16:03:41,,WM-03,,,,TR-2425/13,TR-2425/13,2026-01-16T00:00:00,,Closed,,Mukul,Mukul,,,,NOD/2526/5732,SY101852,,0,,2025-09-04T00:00:00,,1950,TO/2425/131,Warehouse,,1,,,,,,,0,0,DEL_CX4126,0,0,0,0,ONT,,,,,"315/274, Basement, Westend Marg, near Saket Metro Station, Saiyad ul Ajaib, Sainik Farm, New Delhi, Delhi 110030",Transfer Receipt,989DB2B5E120,2026-01-01
WIOM,002-MUMBAI,WM-03,Wiom ONT_SY-GPON-2000-WADONT-WHITE,Normal BAU,1,0,0,1,0,0,PCS,ELECTRONICS,,001-SAKET,WIOM Saket Warehouse,GRN/2025/2956,,2026-01-16T16:03:41,,WM-03,,,,TR-2425/13,TR-2425/13,2026-01-16T00:00:00,,Closed,,Mukul,Mukul,,,,NOD/2526/5732,SY101853,,0,,2025-09-04T00:00:00,,1950,TO/2425/131,Warehouse,,1,,,,,,,0,0,DEL_CX4128,0,0,0,0,ONT,,,,,"315/274, Basement, Westend Marg, near Saket Metro Station, Saiyad ul Ajaib, Sainik Farm, New Delhi, Delhi 110030",Transfer Receipt,989DB2B5DE80,2026-01-01
WIOM,002-MUMBAI,WM-03,Wiom ONT_SY-GPON-2000-WADONT-WHITE,Normal BAU,1,0,0,1,0,0,PCS,ELECTRONICS,,001-SAKET,WIOM Saket Warehouse,GRN/2025/2956,,2026-01-16T16:03:41,,WM-03,,,,TR-2425/13,TR-2425/13,2026-01-16T00:00:00,,Closed,,Mukul,Mukul,,,,NOD/2526/5732,SY101845,,0,,2025-09-04T00:00:00,,1950,TO/2425/131,Warehouse,,1,,,,,,,0,0,DEL_CX4128,0,0,0,0,ONT,,,,,"315/274, Basement, Westend Marg, near Saket Metro Station, Saiyad ul Ajaib, Sainik Farm, New Delhi, Delhi 110030",Transfer Receipt,989DB2B5E5A0,2026-01-01
WIOM,002-MUMBAI,WM-03,Wiom ONT_SY-GPON-2000-WADONT-WHITE,Normal BAU,1,0,0,1,0,0,PCS,ELECTRONICS,,001-SAKET,WIOM Saket Warehouse,GRN/2025/2956,,2026-01-16T16:03:41,,WM-03,,,,TR-2425/13,TR-2425/13,2026-01-16T00:00:00,,Closed,,Mukul,Mukul,,,,NOD/2526/5732,SY101847,,0,,2025-09-04T00:00:00,,1950,TO/2425/131,Warehouse,,1,,,,,,,0,0,DEL_CX4126,0,0,0,0,ONT,,,,,"315/274, Basement, Westend Marg, near Saket Metro Station, Saiyad ul Ajaib, Sainik Farm, New Delhi, Delhi 110030",Transfer Receipt,989DB2B5DE60,2026-01-01
WIOM,002-MUMBAI,WM-03,Wiom ONT_SY-GPON-2000-WADONT-WHITE,Normal BAU,1,0,0,1,0,0,PCS,ELECTRONICS,,001-SAKET,WIOM Saket Warehouse,GRN/2025/2956,,2026-01-16T16:03:41,,WM-03,,,,TR-2425/13,TR-2425/13,2026-01-16T00:00:00,,Closed,,Mukul,Mukul,,,,NOD/2526/5732,SY101866,,0,,2025-09-04T00:00:00,,1950,TO/2425/131,Warehouse,,1,,,,,,,0,0,DEL_CX4125,0,0,0,0,ONT,,,,,"315/274, Basement, Westend Marg, near Saket Metro Station, Saiyad ul Ajaib, Sainik Farm, New Delhi, Delhi 110030",Transfer Receipt,989DB2B5F168,2026-01-01
WIOM,002-MUMBAI,WM-03,Wiom ONT_SY-GPON-2000-WADONT-WHITE,Normal BAU,1,0,0,1,0,0,PCS,ELECTRONICS,,001-SAKET,WIOM Saket Warehouse,GRN/2025/2956,,2026-01-16T16:03:41,,WM-03,,,,TR-2425/13,TR-2425/13,2026-01-16T00:00:00,,Closed,,Mukul,Mukul,,,,NOD/2526/5538,SY100975,,0,,2025-08-30T00:00:00,,1950,TO/2425/131,Warehouse,,1,,,,,,,0,0,DEL_CX3981,0,0,0,0,ONT,,,,,"315/274, Basement, Westend Marg, near Saket Metro Station, Saiyad ul Ajaib, Sainik Farm, New Delhi, Delhi 110030",Transfer Receipt,989DB2B5D818,2026-01-01
WIOM,002-MUMBAI,WM-03,Wiom ONT_SY-GPON-2000-WADONT-WHITE,Normal BAU,1,0,0,1,0,0,PCS,ELECTRONICS,,001-SAKET,WIOM Saket Warehouse,GRN/2025/2956,,2026-01-16T16:03:41,,WM-03,,,,TR-2425/13,TR-2425/13,2026-01-16T00:00:00,,Closed,,Mukul,Mukul,,,,NOD/2526/5732,SY101874,,0,,2025-09-04T00:00:00,,1950,TO/2425/131,Warehouse,,1,,,,,,,0,0,DEL_CX4125,0,0,0,0,ONT,,,,,"315/274, Basement, Westend Marg, near Saket Metro Station, Saiyad ul Ajaib, Sainik Farm, New Delhi, Delhi 110030",Transfer Receipt,989DB2B5F538,2026-01-01
WIOM,002-MUMBAI,WM-03,Wiom ONT_SY-GPON-2000-WADONT-WHITE,Normal BAU,1,0,0,1,0,0,PCS,ELECTRONICS,,001-SAKET,WIOM Saket Warehouse,GRN/2025/2956,,2026-01-16T16:03:41,,WM-03,,,,TR-2425/13,TR-2425/13,2026-01-16T00:00:00,,Closed,,Mukul,Mukul,,,,NOD/2526/5732,SY101878,,0,,2025-09-04T00:00:00,,1950,TO/2425/131,Warehouse,,1,,,,,,,0,0,DEL_CX4125,0,0,0,0,ONT,,,,,"315/274, Basement, Westend Marg, near Saket Metro Station, Saiyad ul Ajaib, Sainik Farm, New Delhi, Delhi 110030",Transfer Receipt,989DB2B5F038,2026-01-01
WIOM,002-MUMBAI,WM-03,Wiom ONT_SY-GPON-2000-WADONT-WHITE,Normal BAU,1,0,0,1,0,0,PCS,ELECTRONICS,,001-SAKET,WIOM Saket Warehouse,GRN/2025/2956,,2026-01-16T16:03:41,,WM-03,,,,TR-2425/13,TR-2425/13,2026-01-16T00:00:00,,Closed,,Mukul,Mukul,,,,NOD/2526/5732,SY101857,,0,,2025-09-04T00:00:00,,1950,TO/2425/131,Warehouse,,1,,,,,,,0,0,DEL_CX4128,0,0,0,0,ONT,,,,,"315/274, Basement, Westend Marg, near Saket Metro Station, Saiyad ul Ajaib, Sainik Farm, New Delhi, Delhi 110030",Transfer Receipt,989DB2B5E118,2026-01-01
WIOM,002-MUMBAI,WM-03,Wiom ONT_SY-GPON-2000-WADONT-WHITE,Normal BAU,1,0,0,1,0,0,PCS,ELECTRONICS,,001-SAKET,WIOM Saket Warehouse,GRN/2025/2956,,2026-01-16T16:03:41,,WM-03,,,,TR-2425/13,TR-2425/13,2026-01-16T00:00:00,,Closed,,Mukul,Mukul,,,,NOD/2526/5732,SY101860,,0,,2025-09-04T00:00:00,,1950,TO/2425/131,Warehouse,,1,,,,,,,0,0,DEL_CX4126,0,0,0,0,ONT,,,,,"315/274, Basement, Westend Marg, near Saket Metro Station, Saiyad ul Ajaib, Sainik Farm, New Delhi, Delhi 110030",Transfer Receipt,989DB2B5E140,2026-01-01
WIOM,002-MUMBAI,WM-03,Wiom ONT_SY-GPON-2000-WADONT-WHITE,Normal BAU,1,0,0,1,0,0,PCS,ELECTRONICS,,001-SAKET,WIOM Saket Warehouse,GRN/2025/2956,,2026-01-16T16:03:41,,WM-03,,,,TR-2425/13,TR-2425/13,2026-01-16T00:00:00,,Closed,,Mukul,Mukul,,,,NOD/2526/5732,SY101839,,0,,2025-09-04T00:00:00,,1950,TO/2425/131,Warehouse,,1,,,,,,,0,0,DEL_CX4126,0,0,0,0,ONT,,,,,"315/274, Basement, Westend Marg, near Saket Metro Station, Saiyad ul Ajaib, Sainik Farm, New Delhi, Delhi 110030",Transfer Receipt,989DB2B5DAB0,2026-01-01
WIOM,002-MUMBAI,WM-03,Wiom ONT_SY-GPON-2000-WADONT-WHITE,Normal BAU,1,0,0,1,0,0,PCS,ELECTRONICS,,001-SAKET,WIOM Saket Warehouse,GRN/2025/2956,,2026-01-16T16:03:41,,WM-03,,,,TR-2425/13,TR-2425/13,2026-01-16T00:00:00,,Closed,,Mukul,Mukul,,,,NOD/2526/5732,SY101754,,0,,2025-09-04T00:00:00,,1950,TO/2425/131,Warehouse,,1,,,,,,,0,0,DEL_CX4143,0,0,0,0,ONT,,,,,"315/274, Basement, Westend Marg, near Saket Metro Station, Saiyad ul Ajaib, Sainik Farm, New Delhi, Delhi 110030",Transfer Receipt,989DB2B5F750,2026-01-01
WIOM,002-MUMBAI,WM-03,Wiom ONT_SY-GPON-2000-WADONT-WHITE,Normal BAU,1,0,0,1,0,0,PCS,ELECTRONICS,,001-SAKET,WIOM Saket Warehouse,GRN/2025/2956,,2026-01-16T16:03:41,,WM-03,,,,TR-2425/13,TR-2425/13,2026-01-16T00:00:00,,Closed,,Mukul,Mukul,,,,NOD/2526/5732,SY101683,,0,,2025-09-04T00:00:00,,1950,TO/2425/131,Warehouse,,1,,,,,,,0,0,DEL_CX4137,0,0,0,0,ONT,,,,,"315/274, Basement, Westend Marg, near Saket Metro Station, Saiyad ul Ajaib, Sainik Farm, New Delhi, Delhi 110030",Transfer Receipt,989DB2B5DBA8,2026-01-01
WIOM,002-MUMBAI,WM-03,Wiom ONT_SY-GPON-2000-WADONT-WHITE,Normal BAU,1,0,0,1,0,0,PCS,ELECTRONICS,,001-SAKET,WIOM Saket Warehouse,GRN/2025/2956,,2026-01-16T16:03:41,,WM-03,,,,TR-2425/13,TR-2425/13,2026-01-16T00:00:00,,Closed,,Mukul,Mukul,,,,NOD/2526/5732,SY101546,,0,,2025-09-04T00:00:00,,1950,TO/2425/131,Warehouse,,1,,,,,,,0,0,DEL_CX4082,0,0,0,0,ONT,,,,,"315/274, Basement, Westend Marg, near Saket Metro Station, Saiyad ul Ajaib, Sainik Farm, New Delhi, Delhi 110030",Transfer Receipt,989DB2B5F088,2026-01-01
WIOM,002-MUMBAI,WM-03,Wiom ONT_SY-GPON-2000-WADONT-WHITE,Normal BAU,1,0,0,1,0,0,PCS,ELECTRONICS,,001-SAKET,WIOM Saket Warehouse,GRN/2025/2956,,2026-01-16T16:03:41,,WM-03,,,,TR-2425/13,TR-2425/13,2026-01-16T00:00:00,,Closed,,Mukul,Mukul,,,,NOD/2526/5732,SY101051,,0,,2025-09-04T00:00:00,,1950,TO/2425/131,Warehouse,,1,,,,,,,0,0,DEL_CX4134,0,0,0,0,ONT,,,,,"315/274, Basement, Westend Marg, near Saket Metro Station, Saiyad ul Ajaib, Sainik Farm, New Delhi, Delhi 110030",Transfer Receipt,989DB2B5EA58,2026-01-01
WIOM,002-MUMBAI,WM-03,Wiom ONT_SY-GPON-2000-WADONT-WHITE,Normal BAU,1,0,0,1,0,0,PCS,ELECTRONICS,,001-SAKET,WIOM Saket Warehouse,GRN/2025/2956,,2026-01-16T16:03:41,,WM-03,,,,TR-2425/13,TR-2425/13,2026-01-16T00:00:00,,Closed,,Mukul,Mukul,,,,NOD/2526/5732,SY101921,,0,,2025-09-04T00:00:00,,1950,TO/2425/131,Warehouse,,1,,,,,,,0,0,DEL_CX4126,0,0,0,0,ONT,,,,,"315/274, Basement, Westend Marg, near Saket Metro Station, Saiyad ul Ajaib, Sainik Farm, New Delhi, Delhi 110030",Transfer Receipt,989DB2B5F078,2026-01-01
WIOM,002-MUMBAI,WM-03,Wiom ONT_SY-GPON-2000-WADONT-WHITE,Normal BAU,1,0,0,1,0,0,PCS,ELECTRONICS,,001-SAKET,WIOM Saket Warehouse,GRN/2025/2956,,2026-01-16T16:03:41,,WM-03,,,,TR-2425/13,TR-2425/13,2026-01-16T00:00:00,,Closed,,Mukul,Mukul,,,,NOD/2526/5732,SY101929,,0,,2025-09-04T00:00:00,,1950,TO/2425/131,Warehouse,,1,,,,,,,0,0,DEL_CX4126,0,0,0,0,ONT,,,,,"315/274, Basement, Westend Marg, near Saket Metro Station, Saiyad ul Ajaib, Sainik Farm, New Delhi, Delhi 110030",Transfer Receipt,989DB2B5F7A8,2026-01-01
WIOM,002-MUMBAI,WM-03,Wiom ONT_SY-GPON-2000-WADONT-WHITE,Normal BAU,1,0,0,1,0,0,PCS,ELECTRONICS,,001-SAKET,WIOM Saket Warehouse,GRN/2025/2956,,2026-01-16T16:03:41,,WM-03,,,,TR-2425/13,TR-2425/13,2026-01-16T00:00:00,,Closed,,Mukul,Mukul,,,,NOD/2526/5732,SY101070,,0,,2025-09-04T00:00:00,,1950,TO/2425/131,Warehouse,,1,,,,,,,0,0,DEL_CX4148,0,0,0,0,ONT,,,,,"315/274, Basement, Westend Marg, near Saket Metro Station, Saiyad ul Ajaib, Sainik Farm, New Delhi, Delhi 110030",Transfer Receipt,989DB2B5DE30,2026-01-01
WIOM,002-MUMBAI,WM-03,Wiom ONT_SY-GPON-2000-WADONT-WHITE,Normal BAU,1,0,0,1,0,0,PCS,ELECTRONICS,,001-SAKET,WIOM Saket Warehouse,GRN/2025/2956,,2026-01-16T16:03:41,,WM-03,,,,TR-2425/13,TR-2425/13,2026-01-16T00:00:00,,Closed,,Mukul,Mukul,,,,NOD/2526/5732,SY101937,,0,,2025-09-04T00:00:00,,1950,TO/2425/131,Warehouse,,1,,,,,,,0,0,DEL_CX4126,0,0,0,0,ONT,,,,,"315/274, Basement, Westend Marg, near Saket Metro Station, Saiyad ul Ajaib, Sainik Farm, New Delhi, Delhi 110030",Transfer Receipt,989DB2B5F150,2026-01-01
WIOM,002-MUMBAI,WM-03,Wiom ONT_SY-GPON-2000-WADONT-WHITE,Normal BAU,1,0,0,1,0,0,PCS,ELECTRONICS,,001-SAKET,WIOM Saket Warehouse,GRN/2025/2956,,2026-01-16T16:03:41,,WM-03,,,,TR-2425/13,TR-2425/13,2026-01-16T00:00:00,,Closed,,Mukul,Mukul,,,,NOD/2526/5732,SY101946,,0,,2025-09-04T00:00:00,,1950,TO/2425/131,Warehouse,,1,,,,,,,0,0,DEL_CX4103,0,0,0,0,ONT,,,,,"315/274, Basement, Westend Marg, near Saket Metro Station, Saiyad ul Ajaib, Sainik Farm, New Delhi, Delhi 110030",Transfer Receipt,989DB2B5F728,2026-01-01
WIOM,002-MUMBAI,WM-03,Wiom ONT_SY-GPON-2000-WADONT-WHITE,Normal BAU,1,0,0,1,0,0,PCS,ELECTRONICS,,001-SAKET,WIOM Saket Warehouse,GRN/2025/2956,,2026-01-16T16:03:41,,WM-03,,,,TR-2425/13,TR-2425/13,2026-01-16T00:00:00,,Closed,,Mukul,Mukul,,,,NOD/2526/5732,SY102100,,0,,2025-09-04T00:00:00,,1950,TO/2425/131,Warehouse,,1,,,,,,,0,0,DEL_CX4128,0,0,0,0,ONT,,,,,"315/274, Basement, Westend Marg, near Saket Metro Station, Saiyad ul Ajaib, Sainik Farm, New Delhi, Delhi 110030",Transfer Receipt,989DB2B606A0,2026-01-01
WIOM,002-MUMBAI,WM-03,Wiom ONT_SY-GPON-2000-WADONT-WHITE,Normal BAU,1,0,0,1,0,0,PCS,ELECTRONICS,,001-SAKET,WIOM Saket Warehouse,GRN/2025/2956,,2026-01-16T16:03:41,,WM-03,,,,TR-2425/13,TR-2425/13,2026-01-16T00:00:00,,Closed,,Mukul,Mukul,,,,NOD/2526/5732,SY101950,,0,,2025-09-04T00:00:00,,1950,TO/2425/131,Warehouse,,1,,,,,,,0,0,DEL_CX4103,0,0,0,0,ONT,,,,,"315/274, Basement, Westend Marg, near Saket Metro Station, Saiyad ul Ajaib, Sainik Farm, New Delhi, Delhi 110030",Transfer Receipt,989DB2B5F670,2026-01-01
WIOM,002-MUMBAI,WM-03,Wiom ONT_SY-GPON-2000-WADONT-WHITE,Normal BAU,1,0,0,1,0,0,PCS,ELECTRONICS,,001-SAKET,WIOM Saket Warehouse,GRN/2025/2956,,2026-01-16T16:03:41,,WM-03,,,,TR-2425/13,TR-2425/13,2026-01-16T00:00:00,,Closed,,Mukul,Mukul,,,,NOD/2526/5732,SY101943,,0,,2025-09-04T00:00:00,,1950,TO/2425/131,Warehouse,,1,,,,,,,0,0,DEL_CX4103,0,0,0,0,ONT,,,,,"315/274, Basement, Westend Marg, near Saket Metro Station, Saiyad ul Ajaib, Sainik Farm, New Delhi, Delhi 110030",Transfer Receipt,989DB2B5F980,2026-01-01
WIOM,002-MUMBAI,WM-03,Wiom ONT_SY-GPON-2000-WADONT-WHITE,Normal BAU,1,0,0,1,0,0,PCS,ELECTRONICS,,001-SAKET,WIOM Saket Warehouse,GRN/2025/2956,,2026-01-16T16:03:41,,WM-03,,,,TR-2425/13,TR-2425/13,2026-01-16T00:00:00,,Closed,,Mukul,Mukul,,,,NOD/2526/5732,SY101933,,0,,2025-09-04T00:00:00,,1950,TO/2425/131,Warehouse,,1,,,,,,,0,0,DEL_CX4126,0,0,0,0,ONT,,,,,"315/274, Basement, Westend Marg, near Saket Metro Station, Saiyad ul Ajaib, Sainik Farm, New Delhi, Delhi 110030",Transfer Receipt,989DB2B5E7B0,2026-01-01
WIOM,002-MUMBAI,WM-03,Wiom ONT_SY-GPON-2000-WADONT-WHITE,Normal BAU,1,0,0,1,0,0,PCS,ELECTRONICS,,001-SAKET,WIOM Saket Warehouse,GRN/2025/2956,,2026-01-16T16:03:41,,WM-03,,,,TR-2425/13,TR-2425/13,2026-01-16T00:00:00,,Closed,,Mukul,Mukul,,,,NOD/2526/5732,SY101964,,0,,2025-09-04T00:00:00,,1950,TO/2425/131,Warehouse,,1,,,,,,,0,0,DEL_CX4138,0,0,0,0,ONT,,,,,"315/274, Basement, Westend Marg, near Saket Metro Station, Saiyad ul Ajaib, Sainik Farm, New Delhi, Delhi 110030",Transfer Receipt,989DB2B5F198,2026-01-01
WIOM,002-MUMBAI,WM-03,Wiom ONT_SY-GPON-2000-WADONT-WHITE,Normal BAU,1,0,0,1,0,0,PCS,ELECTRONICS,,001-SAKET,WIOM Saket Warehouse,GRN/2025/2956,,2026-01-16T16:03:41,,WM-03,,,,TR-2425/13,TR-2425/13,2026-01-16T00:00:00,,Closed,,Mukul,Mukul,,,,NOD/2526/5732,SY101187,,0,,2025-09-04T00:00:00,,1950,TO/2425/131,Warehouse,,1,,,,,,,0,0,DEL_CX4148,0,0,0,0,ONT,,,,,"315/274, Basement, Westend Marg, near Saket Metro Station, Saiyad ul Ajaib, Sainik Farm, New Delhi, Delhi 110030",Transfer Receipt,989DB2B5D6B8,2026-01-01
WIOM,002-MUMBAI,WM-03,Wiom ONT_SY-GPON-2000-WADONT-WHITE,Normal BAU,1,0,0,1,0,0,PCS,ELECTRONICS,,001-SAKET,WIOM Saket Warehouse,GRN/2025/2956,,2026-01-16T16:03:41,,WM-03,,,,TR-2425/13,TR-2425/13,2026-01-16T00:00:00,,Closed,,Mukul,Mukul,,,,NOD/2526/5732,SY101967,,0,,2025-09-04T00:00:00,,1950,TO/2425/131,Warehouse,,1,,,,,,,0,0,DEL_CX4138,0,0,0,0,ONT,,,,,"315/274, Basement, Westend Marg, near Saket Metro Station, Saiyad ul Ajaib, Sainik Farm, New Delhi, Delhi 110030",Transfer Receipt,989DB2B5F898,2026-01-01
WIOM,002-MUMBAI,WM-03,Wiom ONT_SY-GPON-2000-WADONT-WHITE,Normal BAU,1,0,0,1,0,0,PCS,ELECTRONICS,,001-SAKET,WIOM Saket Warehouse,GRN/2025/2956,,2026-01-16T16:03:41,,WM-03,,,,TR-2425/13,TR-2425/13,2026-01-16T00:00:00,,Closed,,Mukul,Mukul,,,,NOD/2526/5732,SY101963,,0,,2025-09-04T00:00:00,,1950,TO/2425/131,Warehouse,,1,,,,,,,0,0,DEL_CX4138,0,0,0,0,ONT,,,,,"315/274, Basement, Westend Marg, near Saket Metro Station, Saiyad ul Ajaib, Sainik Farm, New Delhi, Delhi 110030",Transfer Receipt,989DB2B5E7A0,2026-01-01
WIOM,002-MUMBAI,WM-03,Wiom ONT_SY-GPON-2000-WADONT-WHITE,Normal BAU,1,0,0,1,0,0,PCS,ELECTRONICS,,001-SAKET,WIOM Saket Warehouse,GRN/2025/2956,,2026-01-16T16:03:41,,WM-03,,,,TR-2425/13,TR-2425/13,2026-01-16T00:00:00,,Closed,,Mukul,Mukul,,,,NOD/2526/5732,SY101968,,0,,2025-09-04T00:00:00,,1950,TO/2425/131,Warehouse,,1,,,,,,,0,0,DEL_CX4138,0,0,0,0,ONT,,,,,"315/274, Basement, Westend Marg, near Saket Metro Station, Saiyad ul Ajaib, Sainik Farm, New Delhi, Delhi 110030",Transfer Receipt,989DB2B5F8D8,2026-01-01
WIOM,002-MUMBAI,WM-03,Wiom ONT_SY-GPON-2000-WADONT-WHITE,Normal BAU,1,0,0,1,0,0,PCS,ELECTRONICS,,001-SAKET,WIOM Saket Warehouse,GRN/2025/2956,,2026-01-16T16:03:41,,WM-03,,,,TR-2425/13,TR-2425/13,2026-01-16T00:00:00,,Closed,,Mukul,Mukul,,,,NOD/2526/5732,SY101954,,0,,2025-09-04T00:00:00,,1950,TO/2425/131,Warehouse,,1,,,,,,,0,0,DEL_CX4103,0,0,0,0,ONT,,,,,"315/274, Basement, Westend Marg, near Saket Metro Station, Saiyad ul Ajaib, Sainik Farm, New Delhi, Delhi 110030",Transfer Receipt,989DB2B5E6F8,2026-01-01
WIOM,002-MUMBAI,WM-03,Wiom ONT_SY-GPON-2000-WADONT-WHITE,Normal BAU,1,0,0,1,0,0,PCS,ELECTRONICS,,001-SAKET,WIOM Saket Warehouse,GRN/2025/2956,,2026-01-16T16:03:41,,WM-03,,,,TR-2425/13,TR-2425/13,2026-01-16T00:00:00,,Closed,,Mukul,Mukul,,,,NOD/2526/5732,SY101244,,0,,2025-09-04T00:00:00,,1950,TO/2425/131,Warehouse,,1,,,,,,,0,0,DEL_CX4155,0,0,0,0,ONT,,,,,"315/274, Basement, Westend Marg, near Saket Metro Station, Saiyad ul Ajaib, Sainik Farm, New Delhi, Delhi 110030",Transfer Receipt,989DB2B5EA10,2026-01-01
WIOM,002-MUMBAI,WM-03,Wiom ONT_SY-GPON-2000-WADONT-WHITE,Normal BAU,1,0,0,1,0,0,PCS,ELECTRONICS,,001-SAKET,WIOM Saket Warehouse,GRN/2025/2956,,2026-01-16T16:03:41,,WM-03,,,,TR-2425/13,TR-2425/13,2026-01-16T00:00:00,,Closed,,Mukul,Mukul,,,,NOD/2526/5732,SY101971,,0,,2025-09-04T00:00:00,,1950,TO/2425/131,Warehouse,,1,,,,,,,0,0,DEL_CX4138,0,0,0,0,ONT,,,,,"315/274, Basement, Westend Marg, near Saket Metro Station, Saiyad ul Ajaib, Sainik Farm, New Delhi, Delhi 110030",Transfer Receipt,989DB2B5FDA8,2026-01-01
WIOM,002-MUMBAI,WM-03,Wiom ONT_SY-GPON-2000-WADONT-WHITE,Normal BAU,1,0,0,1,0,0,PCS,ELECTRONICS,,001-SAKET,WIOM Saket Warehouse,GRN/2025/2956,,2026-01-16T16:03:41,,WM-03,,,,TR-2425/13,TR-2425/13,2026-01-16T00:00:00,,Closed,,Mukul,Mukul,,,,NOD/2526/5732,SY102017,,0,,2025-09-04T00:00:00,,1950,TO/2425/131,Warehouse,,1,,,,,,,0,0,DEL_CX4150,0,0,0,0,ONT,,,,,"315/274, Basement, Westend Marg, near Saket Metro Station, Saiyad ul Ajaib, Sainik Farm, New Delhi, Delhi 110030",Transfer Receipt,989DB2B5FF00,2026-01-01
WIOM,002-MUMBAI,WM-03,Wiom ONT_SY-GPON-2000-WADONT-WHITE,Normal BAU,1,0,0,1,0,0,PCS,ELECTRONICS,,001-SAKET,WIOM Saket Warehouse,GRN/2025/2956,,2026-01-16T16:03:41,,WM-03,,,,TR-2425/13,TR-2425/13,2026-01-16T00:00:00,,Closed,,Mukul,Mukul,,,,NOD/2526/5732,SY101979,,0,,2025-09-04T00:00:00,,1950,TO/2425/131,Warehouse,,1,,,,,,,0,0,DEL_CX4138,0,0,0,0,ONT,,,,,"315/274, Basement, Westend Marg, near Saket Metro Station, Saiyad ul Ajaib, Sainik Farm, New Delhi, Delhi 110030",Transfer Receipt,989DB2B5F8C8,2026-01-01
WIOM,002-MUMBAI,WM-03,Wiom ONT_SY-GPON-2000-WADONT-WHITE,Normal BAU,1,0,0,1,0,0,PCS,ELECTRONICS,,001-SAKET,WIOM Saket Warehouse,GRN/2025/2956,,2026-01-16T16:03:41,,WM-03,,,,TR-2425/13,TR-2425/13,2026-01-16T00:00:00,,Closed,,Mukul,Mukul,,,,NOD/2526/5732,SY102041,,0,,2025-09-04T00:00:00,,1950,TO/2425/131,Warehouse,,1,,,,,,,0,0,DEL_CX4125,0,0,0,0,ONT,,,,,"315/274, Basement, Westend Marg, near Saket Metro Station, Saiyad ul Ajaib, Sainik Farm, New Delhi, Delhi 110030",Transfer Receipt,989DB2B5F570,2026-01-01
WIOM,002-MUMBAI,WM-03,Wiom ONT_SY-GPON-2000-WADONT-WHITE,Normal BAU,1,0,0,1,0,0,PCS,ELECTRONICS,,001-SAKET,WIOM Saket Warehouse,GRN/2025/2956,,2026-01-16T16:03:41,,WM-03,,,,TR-2425/13,TR-2425/13,2026-01-16T00:00:00,,Closed,,Mukul,Mukul,,,,NOD/2526/5732,SY101975,,0,,2025-09-04T00:00:00,,1950,TO/2425/131,Warehouse,,1,,,,,,,0,0,DEL_CX4138,0,0,0,0,ONT,,,,,"315/274, Basement, Westend Marg, near Saket Metro Station, Saiyad ul Ajaib, Sainik Farm, New Delhi, Delhi 110030",Transfer Receipt,989DB2B5FE60,2026-01-01
WIOM,002-MUMBAI,WM-03,Wiom ONT_SY-GPON-2000-WADONT-WHITE,Normal BAU,1,0,0,1,0,0,PCS,ELECTRONICS,,001-SAKET,WIOM Saket Warehouse,GRN/2025/2956,,2026-01-16T16:03:41,,WM-03,,,,TR-2425/13,TR-2425/13,2026-01-16T00:00:00,,Closed,,Mukul,Mukul,,,,NOD/2526/5732,SY101958,,0,,2025-09-04T00:00:00,,1950,TO/2425/131,Warehouse,,1,,,,,,,0,0,DEL_CX4103,0,0,0,0,ONT,,,,,"315/274, Basement, Westend Marg, near Saket Metro Station, Saiyad ul Ajaib, Sainik Farm, New Delhi, Delhi 110030",Transfer Receipt,989DB2B5EEB8,2026-01-01
WIOM,002-MUMBAI,WM-03,Wiom ONT_SY-GPON-2000-WADONT-WHITE,Normal BAU,1,0,0,1,0,0,PCS,ELECTRONICS,,001-SAKET,WIOM Saket Warehouse,GRN/2025/2956,,2026-01-16T16:03:41,,WM-03,,,,TR-2425/13,TR-2425/13,2026-01-16T00:00:00,,Closed,,Mukul,Mukul,,,,NOD/2526/6031,SY103503,,0,,2025-09-11T00:00:00,,1950,TO/2425/131,Warehouse,,1,,,,,,,0,0,DEL_CX4533,0,0,0,0,ONT,,,,,"315/274, Basement, Westend Marg, near Saket Metro Station, Saiyad ul Ajaib, Sainik Farm, New Delhi, Delhi 110030",Transfer Receipt,989DB2B63880,2026-01-01
WIOM,002-MUMBAI,WM-03,Wiom ONT_SY-GPON-2000-WADONT-WHITE,Normal BAU,1,0,0,1,0,0,PCS,ELECTRONICS,,001-SAKET,WIOM Saket Warehouse,GRN/2025/2956,,2026-01-16T16:03:41,,WM-03,,,,TR-2425/13,TR-2425/13,2026-01-16T00:00:00,,Closed,,Mukul,Mukul,,,,NOD/2526/5732,SY102043,,0,,2025-09-04T00:00:00,,1950,TO/2425/131,Warehouse,,1,,,,,,,0,0,DEL_CX4105,0,0,0,0,ONT,,,,,"315/274, Basement, Westend Marg, near Saket Metro Station, Saiyad ul Ajaib, Sainik Farm, New Delhi, Delhi 110030",Transfer Receipt,989DB2B601C0,2026-01-01
WIOM,002-MUMBAI,WM-03,Wiom ONT_SY-GPON-2000-WADONT-WHITE,Normal BAU,1,0,0,1,0,0,PCS,ELECTRONICS,,001-SAKET,WIOM Saket Warehouse,GRN/2025/2956,,2026-01-16T16:03:41,,WM-03,,,,TR-2425/13,TR-2425/13,2026-01-16T00:00:00,,Closed,,Mukul,Mukul,,,,NOD/2526/5732,SY102053,,0,,2025-09-04T00:00:00,,1950,TO/2425/131,Warehouse,,1,,,,,,,0,0,DEL_CX4125,0,0,0,0,ONT,,,,,"315/274, Basement, Westend Marg, near Saket Metro Station, Saiyad ul Ajaib, Sainik Farm, New Delhi, Delhi 110030",Transfer Receipt,989DB2B5F8C0,2026-01-01
WIOM,002-MUMBAI,WM-03,Wiom ONT_SY-GPON-2000-WADONT-WHITE,Normal BAU,1,0,0,1,0,0,PCS,ELECTRONICS,,001-SAKET,WIOM Saket Warehouse,GRN/2025/2956,,2026-01-16T16:03:41,,WM-03,,,,TR-2425/13,TR-2425/13,2026-01-16T00:00:00,,Closed,,Mukul,Mukul,,,,NOD/2526/5732,SY102052,,0,,2025-09-04T00:00:00,,1950,TO/2425/131,Warehouse,,1,,,,,,,0,0,DEL_CX4105,0,0,0,0,ONT,,,,,"315/274, Basement, Westend Marg, near Saket Metro Station, Saiyad ul Ajaib, Sainik Farm, New Delhi, Delhi 110030",Transfer Receipt,989DB2B5F8A0,2026-01-01
WIOM,002-MUMBAI,WM-03,Wiom ONT_SY-GPON-2000-WADONT-WHITE,Normal BAU,1,0,0,1,0,0,PCS,ELECTRONICS,,001-SAKET,WIOM Saket Warehouse,GRN/2025/2956,,2026-01-16T16:03:41,,WM-03,,,,TR-2425/13,TR-2425/13,2026-01-16T00:00:00,,Closed,,Mukul,Mukul,,,,NOD/2526/5732,SY102051,,0,,2025-09-04T00:00:00,,1950,TO/2425/131,Warehouse,,1,,,,,,,0,0,DEL_CX4105,0,0,0,0,ONT,,,,,"315/274, Basement, Westend Marg, near Saket Metro Station, Saiyad ul Ajaib, Sainik Farm, New Delhi, Delhi 110030",Transfer Receipt,989DB2B5FC98,2026-01-01
WIOM,002-MUMBAI,WM-03,Wiom ONT_SY-GPON-2000-WADONT-WHITE,Normal BAU,1,0,0,1,0,0,PCS,ELECTRONICS,,001-SAKET,WIOM Saket Warehouse,GRN/2025/2956,,2026-01-16T16:03:41,,WM-03,,,,TR-2425/13,TR-2425/13,2026-01-16T00:00:00,,Closed,,Mukul,Mukul,,,,NOD/2526/5732,SY102047,,0,,2025-09-04T00:00:00,,1950,TO/2425/131,Warehouse,,1,,,,,,,0,0,DEL_CX4105,0,0,0,0,ONT,,,,,"315/274, Basement, Westend Marg, near Saket Metro Station, Saiyad ul Ajaib, Sainik Farm, New Delhi, Delhi 110030",Transfer Receipt,989DB2B605B0,2026-01-01
WIOM,002-MUMBAI,WM-03,Wiom ONT_SY-GPON-2000-WADONT-WHITE,Normal BAU,1,0,0,1,0,0,PCS,ELECTRONICS,,001-SAKET,WIOM Saket Warehouse,GRN/2025/2956,,2026-01-16T16:03:41,,WM-03,,,,TR-2425/13,TR-2425/13,2026-01-16T00:00:00,,Closed,,Mukul,Mukul,,,,NOD/2526/5732,SY102057,,0,,2025-09-04T00:00:00,,1950,TO/2425/131,Warehouse,,1,,,,,,,0,0,DEL_CX4125,0,0,0,0,ONT,,,,,"315/274, Basement, Westend Marg, near Saket Metro Station, Saiyad ul Ajaib, Sainik Farm, New Delhi, Delhi 110030",Transfer Receipt,989DB2B5F658,2026-01-01
WIOM,002-MUMBAI,WM-03,Wiom ONT_SY-GPON-2000-WADONT-WHITE,Normal BAU,1,0,0,1,0,0,PCS,ELECTRONICS,,001-SAKET,WIOM Saket Warehouse,GRN/2025/2956,,2026-01-16T16:03:41,,WM-03,,,,TR-2425/13,TR-2425/13,2026-01-16T00:00:00,,Closed,,Mukul,Mukul,,,,NOD/2526/5732,SY101260,,0,,2025-09-04T00:00:00,,1950,TO/2425/131,Warehouse,,1,,,,,,,0,0,DEL_CX4155,0,0,0,0,ONT,,,,,"315/274, Basement, Westend Marg, near Saket Metro Station, Saiyad ul Ajaib, Sainik Farm, New Delhi, Delhi 110030",Transfer Receipt,989DB2B5EF80,2026-01-01
WIOM,002-MUMBAI,WM-03,Wiom ONT_SY-GPON-2000-WADONT-WHITE,Normal BAU,1,0,0,1,0,0,PCS,ELECTRONICS,,001-SAKET,WIOM Saket Warehouse,GRN/2025/2956,,2026-01-16T16:03:41,,WM-03,,,,TR-2425/13,TR-2425/13,2026-01-16T00:00:00,,Closed,,Mukul,Mukul,,,,NOD/2526/5732,SY101844,,0,,2025-09-04T00:00:00,,1950,TO/2425/131,Warehouse,,1,,,,,,,0,0,DEL_CX4126,0,0,0,0,ONT,,,,,"315/274, Basement, Westend Marg, near Saket Metro Station, Saiyad ul Ajaib, Sainik Farm, New Delhi, Delhi 110030",Transfer Receipt,989DB2B5DEA8,2026-01-01
WIOM,002-MUMBAI,WM-03,Wiom ONT_SY-GPON-2000-WADONT-WHITE,Normal BAU,1,0,0,1,0,0,PCS,ELECTRONICS,,001-SAKET,WIOM Saket Warehouse,GRN/2025/2956,,2026-01-16T16:03:41,,WM-03,,,,TR-2425/13,TR-2425/13,2026-01-16T00:00:00,,Closed,,Mukul,Mukul,,,,NOD/2526/5732,SY102084,,0,,2025-09-04T00:00:00,,1950,TO/2425/131,Warehouse,,1,,,,,,,0,0,DEL_CX4128,0,0,0,0,ONT,,,,,"315/274, Basement, Westend Marg, near Saket Metro Station, Saiyad ul Ajaib, Sainik Farm, New Delhi, Delhi 110030",Transfer Receipt,989DB2B5FBD8,2026-01-01
WIOM,002-MUMBAI,WM-03,Wiom ONT_SY-GPON-2000-WADONT-WHITE,Normal BAU,1,0,0,1,0,0,PCS,ELECTRONICS,,001-SAKET,WIOM Saket Warehouse,GRN/2025/2956,,2026-01-16T16:03:41,,WM-03,,,,TR-2425/13,TR-2425/13,2026-01-16T00:00:00,,Closed,,Mukul,Mukul,,,,NOD/2526/5732,SY102082,,0,,2025-09-04T00:00:00,,1950,TO/2425/131,Warehouse,,1,,,,,,,0,0,DEL_CX4126,0,0,0,0,ONT,,,,,"315/274, Basement, Westend Marg, near Saket Metro Station, Saiyad ul Ajaib, Sainik Farm, New Delhi, Delhi 110030",Transfer Receipt,989DB2B60670,2026-01-01
WIOM,002-MUMBAI,WM-03,Wiom ONT_SY-GPON-2000-WADONT-WHITE,Normal BAU,1,0,0,1,0,0,PCS,ELECTRONICS,,001-SAKET,WIOM Saket Warehouse,GRN/2025/2956,,2026-01-16T16:03:41,,WM-03,,,,TR-2425/13,TR-2425/13,2026-01-16T00:00:00,,Closed,,Mukul,Mukul,,,,NOD/2526/5732,SY102056,,0,,2025-09-04T00:00:00,,1950,TO/2425/131,Warehouse,,1,,,,,,,0,0,DEL_CX4105,0,0,0,0,ONT,,,,,"315/274, Basement, Westend Marg, near Saket Metro Station, Saiyad ul Ajaib, Sainik Farm, New Delhi, Delhi 110030",Transfer Receipt,989DB2B5F780,2026-01-01
WIOM,002-MUMBAI,WM-03,Wiom ONT_SY-GPON-2000-WADONT-WHITE,Normal BAU,1,0,0,1,0,0,PCS,ELECTRONICS,,001-SAKET,WIOM Saket Warehouse,GRN/2025/2956,,2026-01-16T16:03:41,,WM-03,,,,TR-2425/13,TR-2425/13,2026-01-16T00:00:00,,Closed,,Mukul,Mukul,,,,NOD/2526/5732,SY101252,,0,,2025-09-04T00:00:00,,1950,TO/2425/131,Warehouse,,1,,,,,,,0,0,DEL_CX4155,0,0,0,0,ONT,,,,,"315/274, Basement, Westend Marg, near Saket Metro Station, Saiyad ul Ajaib, Sainik Farm, New Delhi, Delhi 110030",Transfer Receipt,989DB2B5E710,2026-01-01
WIOM,002-MUMBAI,WM-03,Wiom ONT_SY-GPON-2000-WADONT-WHITE,Normal BAU,1,0,0,1,0,0,PCS,ELECTRONICS,,001-SAKET,WIOM Saket Warehouse,GRN/2025/2956,,2026-01-16T16:03:41,,WM-03,,,,TR-2425/13,TR-2425/13,2026-01-16T00:00:00,,Closed,,Mukul,Mukul,,,,NOD/2526/5732,SY102088,,0,,2025-09-04T00:00:00,,1950,TO/2425/131,Warehouse,,1,,,,,,,0,0,DEL_CX4128,0,0,0,0,ONT,,,,,"315/274, Basement, Westend Marg, near Saket Metro Station, Saiyad ul Ajaib, Sainik Farm, New Delhi, Delhi 110030",Transfer Receipt,989DB2B60460,2026-01-01
WIOM,002-MUMBAI,WM-03,Wiom ONT_SY-GPON-2000-WADONT-WHITE,Normal BAU,1,0,0,1,0,0,PCS,ELECTRONICS,,001-SAKET,WIOM Saket Warehouse,GRN/2025/2956,,2026-01-16T16:03:41,,WM-03,,,,TR-2425/13,TR-2425/13,2026-01-16T00:00:00,,Closed,,Mukul,Mukul,,,,NOD/2526/5732,SY102096,,0,,2025-09-04T00:00:00,,1950,TO/2425/131,Warehouse,,1,,,,,,,0,0,DEL_CX4128,0,0,0,0,ONT,,,,,"315/274, Basement, Westend Marg, near Saket Metro Station, Saiyad ul Ajaib, Sainik Farm, New Delhi, Delhi 110030",Transfer Receipt,989DB2B60668,2026-01-01
WIOM,002-MUMBAI,WM-03,Wiom ONT_SY-GPON-2000-WADONT-WHITE,Normal BAU,1,0,0,1,0,0,PCS,ELECTRONICS,,001-SAKET,WIOM Saket Warehouse,GRN/2025/2956,,2026-01-16T16:03:41,,WM-03,,,,TR-2425/13,TR-2425/13,2026-01-16T00:00:00,,Closed,,Mukul,Mukul,,,,NOD/2526/5732,SY102108,,0,,2025-09-04T00:00:00,,1950,TO/2425/131,Warehouse,,1,,,,,,,0,0,DEL_CX4142,0,0,0,0,ONT,,,,,"315/274, Basement, Westend Marg, near Saket Metro Station, Saiyad ul Ajaib, Sainik Farm, New Delhi, Delhi 110030",Transfer Receipt,989DB2B604E0,2026-01-01
WIOM,002-MUMBAI,WM-03,Wiom ONT_SY-GPON-2000-WADONT-WHITE,Normal BAU,1,0,0,1,0,0,PCS,ELECTRONICS,,001-SAKET,WIOM Saket Warehouse,GRN/2025/2956,,2026-01-16T16:03:41,,WM-03,,,,TR-2425/13,TR-2425/13,2026-01-16T00:00:00,,Closed,,Mukul,Mukul,,,,NOD/2526/5732,SY102107,,0,,2025-09-04T00:00:00,,1950,TO/2425/131,Warehouse,,1,,,,,,,0,0,DEL_CX4143,0,0,0,0,ONT,,,,,"315/274, Basement, Westend Marg, near Saket Metro Station, Saiyad ul Ajaib, Sainik Farm, New Delhi, Delhi 110030",Transfer Receipt,989DB2B60698,2026-01-01
WIOM,002-MUMBAI,WM-03,Wiom ONT_SY-GPON-2000-WADONT-WHITE,Normal BAU,1,0,0,1,0,0,PCS,ELECTRONICS,,001-SAKET,WIOM Saket Warehouse,GRN/2025/2956,,2026-01-16T16:03:41,,WM-03,,,,TR-2425/13,TR-2425/13,2026-01-16T00:00:00,,Closed,,Mukul,Mukul,,,,NOD/2526/5732,SY102104,,0,,2025-09-04T00:00:00,,1950,TO/2425/131,Warehouse,,1,,,,,,,0,0,DEL_CX4142,0,0,0,0,ONT,,,,,"315/274, Basement, Westend Marg, near Saket Metro Station, Saiyad ul Ajaib, Sainik Farm, New Delhi, Delhi 110030",Transfer Receipt,989DB2B60160,2026-01-01
WIOM,002-MUMBAI,WM-03,Wiom ONT_SY-GPON-2000-WADONT-WHITE,Normal BAU,1,0,0,1,0,0,PCS,ELECTRONICS,,001-SAKET,WIOM Saket Warehouse,GRN/2025/2956,,2026-01-16T16:03:41,,WM-03,,,,TR-2425/13,TR-2425/13,2026-01-16T00:00:00,,Closed,,Mukul,Mukul,,,,NOD/2526/5732,SY101313,,0,,2025-09-04T00:00:00,,1950,TO/2425/131,Warehouse,,1,,,,,,,0,0,DEL_CX4082,0,0,0,0,ONT,,,,,"315/274, Basement, Westend Marg, near Saket Metro Station, Saiyad ul Ajaib, Sainik Farm, New Delhi, Delhi 110030",Transfer Receipt,989DB2B5E8B8,2026-01-01
WIOM,002-MUMBAI,WM-03,Wiom ONT_SY-GPON-2000-WADONT-WHITE,Normal BAU,1,0,0,1,0,0,PCS,ELECTRONICS,,001-SAKET,WIOM Saket Warehouse,GRN/2025/2956,,2026-01-16T16:03:41,,WM-03,,,,TR-2425/13,TR-2425/13,2026-01-16T00:00:00,,Closed,,Mukul,Mukul,,,,NOD/2526/5732,SY102115,,0,,2025-09-04T00:00:00,,1950,TO/2425/131,Warehouse,,1,,,,,,,0,0,DEL_CX4143,0,0,0,0,ONT,,,,,"315/274, Basement, Westend Marg, near Saket Metro Station, Saiyad ul Ajaib, Sainik Farm, New Delhi, Delhi 110030",Transfer Receipt,989DB2B60398,2026-01-01
WIOM,002-MUMBAI,WM-03,Wiom ONT_SY-GPON-2000-WADONT-WHITE,Normal BAU,1,0,0,1,0,0,PCS,ELECTRONICS,,001-SAKET,WIOM Saket Warehouse,GRN/2025/2956,,2026-01-16T16:03:41,,WM-03,,,,TR-2425/13,TR-2425/13,2026-01-16T00:00:00,,Closed,,Mukul,Mukul,,,,NOD/2526/5732,SY101325,,0,,2025-09-04T00:00:00,,1950,TO/2425/131,Warehouse,,1,,,,,,,0,0,DEL_CX4143,0,0,0,0,ONT,,,,,"315/274, Basement, Westend Marg, near Saket Metro Station, Saiyad ul Ajaib, Sainik Farm, New Delhi, Delhi 110030",Transfer Receipt,989DB2B5EEE0,2026-01-01
WIOM,002-MUMBAI,WM-03,Wiom ONT_SY-GPON-2000-WADONT-WHITE,Normal BAU,1,0,0,1,0,0,PCS,ELECTRONICS,,001-SAKET,WIOM Saket Warehouse,GRN/2025/2956,,2026-01-16T16:03:41,,WM-03,,,,TR-2425/13,TR-2425/13,2026-01-16T00:00:00,,Closed,,Mukul,Mukul,,,,NOD/2526/5732,SY102122,,0,,2025-09-04T00:00:00,,1950,TO/2425/131,Warehouse,,1,,,,,,,0,0,DEL_CX4101,0,0,0,0,ONT,,,,,"315/274, Basement, Westend Marg, near Saket Metro Station, Saiyad ul Ajaib, Sainik Farm, New Delhi, Delhi 110030",Transfer Receipt,989DB2B60508,2026-01-01
WIOM,002-MUMBAI,WM-03,Wiom ONT_SY-GPON-2000-WADONT-WHITE,Normal BAU,1,0,0,1,0,0,PCS,ELECTRONICS,,001-SAKET,WIOM Saket Warehouse,GRN/2025/2956,,2026-01-16T16:03:41,,WM-03,,,,TR-2425/13,TR-2425/13,2026-01-16T00:00:00,,Closed,,Mukul,Mukul,,,,NOD/2526/5732,SY102121,,0,,2025-09-04T00:00:00,,1950,TO/2425/131,Warehouse,,1,,,,,,,0,0,DEL_CX4125,0,0,0,0,ONT,,,,,"315/274, Basement, Westend Marg, near Saket Metro Station, Saiyad ul Ajaib, Sainik Farm, New Delhi, Delhi 110030",Transfer Receipt,989DB2B60590,2026-01-01
WIOM,002-MUMBAI,WM-03,Wiom ONT_SY-GPON-2000-WADONT-WHITE,Normal BAU,1,0,0,1,0,0,PCS,ELECTRONICS,,001-SAKET,WIOM Saket Warehouse,GRN/2025/2956,,2026-01-16T16:03:41,,WM-03,,,,TR-2425/13,TR-2425/13,2026-01-16T00:00:00,,Closed,,Mukul,Mukul,,,,NOD/2526/5732,SY102120,,0,,2025-09-04T00:00:00,,1950,TO/2425/131,Warehouse,,1,,,,,,,0,0,DEL_CX4142,0,0,0,0,ONT,,,,,"315/274, Basement, Westend Marg, near Saket Metro Station, Saiyad ul Ajaib, Sainik Farm, New Delhi, Delhi 110030",Transfer Receipt,989DB2B60030,2026-01-01
WIOM,002-MUMBAI,WM-03,Wiom ONT_SY-GPON-2000-WADONT-WHITE,Normal BAU,1,0,0,1,0,0,PCS,ELECTRONICS,,001-SAKET,WIOM Saket Warehouse,GRN/2025/2956,,2026-01-16T16:03:41,,WM-03,,,,TR-2425/13,TR-2425/13,2026-01-16T00:00:00,,Closed,,Mukul,Mukul,,,,NOD/2526/5732,SY102112,,0,,2025-09-04T00:00:00,,1950,TO/2425/131,Warehouse,,1,,,,,,,0,0,DEL_CX4142,0,0,0,0,ONT,,,,,"315/274, Basement, Westend Marg, near Saket Metro Station, Saiyad ul Ajaib, Sainik Farm, New Delhi, Delhi 110030",Transfer Receipt,989DB2B60338,2026-01-01
WIOM,002-MUMBAI,WM-03,Wiom ONT_SY-GPON-2000-WADONT-WHITE,Normal BAU,1,0,0,1,0,0,PCS,ELECTRONICS,,001-SAKET,WIOM Saket Warehouse,GRN/2025/2956,,2026-01-16T16:03:41,,WM-03,,,,TR-2425/13,TR-2425/13,2026-01-16T00:00:00,,Closed,,Mukul,Mukul,,,,NOD/2526/5732,SY102092,,0,,2025-09-04T00:00:00,,1950,TO/2425/131,Warehouse,,1,,,,,,,0,0,DEL_CX4128,0,0,0,0,ONT,,,,,"315/274, Basement, Westend Marg, near Saket Metro Station, Saiyad ul Ajaib, Sainik Farm, New Delhi, Delhi 110030",Transfer Receipt,989DB2B60620,2026-01-01
WIOM,002-MUMBAI,WM-03,Wiom ONT_SY-GPON-2000-WADONT-WHITE,Normal BAU,1,0,0,1,0,0,PCS,ELECTRONICS,,001-SAKET,WIOM Saket Warehouse,GRN/2025/2956,,2026-01-16T16:03:41,,WM-03,,,,TR-2425/13,TR-2425/13,2026-01-16T00:00:00,,Closed,,Mukul,Mukul,,,,NOD/2526/5732,SY102045,,0,,2025-09-04T00:00:00,,1950,TO/2425/131,Warehouse,,1,,,,,,,0,0,DEL_CX4125,0,0,0,0,ONT,,,,,"315/274, Basement, Westend Marg, near Saket Metro Station, Saiyad ul Ajaib, Sainik Farm, New Delhi, Delhi 110030",Transfer Receipt,989DB2B60020,2026-01-01
WIOM,002-MUMBAI,WM-03,Wiom ONT_SY-GPON-2000-WADONT-WHITE,Normal BAU,1,0,0,1,0,0,PCS,ELECTRONICS,,001-SAKET,WIOM Saket Warehouse,GRN/2025/2956,,2026-01-16T16:03:41,,WM-03,,,,TR-2425/13,TR-2425/13,2026-01-16T00:00:00,,Closed,,Mukul,Mukul,,,,NOD/2526/5732,SY101925,,0,,2025-09-04T00:00:00,,1950,TO/2425/131,Warehouse,,1,,,,,,,0,0,DEL_CX4126,0,0,0,0,ONT,,,,,"315/274, Basement, Westend Marg, near Saket Metro Station, Saiyad ul Ajaib, Sainik Farm, New Delhi, Delhi 110030",Transfer Receipt,989DB2B5EB40,2026-01-01
WIOM,002-MUMBAI,WM-03,Wiom ONT_SY-GPON-2000-WADONT-WHITE,Normal BAU,1,0,0,1,0,0,PCS,ELECTRONICS,,001-SAKET,WIOM Saket Warehouse,GRN/2025/2956,,2026-01-16T16:03:41,,WM-03,,,,TR-2425/13,TR-2425/13,2026-01-16T00:00:00,,Closed,,Mukul,Mukul,,,,NOD/2526/5732,SY102132,,0,,2025-09-04T00:00:00,,1950,TO/2425/131,Warehouse,,1,,,,,,,0,0,DEL_CX4101,0,0,0,0,ONT,,,,,"315/274, Basement, Westend Marg, near Saket Metro Station, Saiyad ul Ajaib, Sainik Farm, New Delhi, Delhi 110030",Transfer Receipt,989DB2B5FA80,2026-01-01
WIOM,002-MUMBAI,WM-03,Wiom ONT_SY-GPON-2000-WADONT-WHITE,Normal BAU,1,0,0,1,0,0,PCS,ELECTRONICS,,001-SAKET,WIOM Saket Warehouse,GRN/2025/2956,,2026-01-16T16:03:41,,WM-03,,,,TR-2425/13,TR-2425/13,2026-01-16T00:00:00,,Closed,,Mukul,Mukul,,,,NOD/2526/5732,SY102131,,0,,2025-09-04T00:00:00,,1950,TO/2425/131,Warehouse,,1,,,,,,,0,0,DEL_CX4125,0,0,0,0,ONT,,,,,"315/274, Basement, Westend Marg, near Saket Metro Station, Saiyad ul Ajaib, Sainik Farm, New Delhi, Delhi 110030",Transfer Receipt,989DB2B5FFF0,2026-01-01
WIOM,002-MUMBAI,WM-03,Wiom ONT_SY-GPON-2000-WADONT-WHITE,Normal BAU,1,0,0,1,0,0,PCS,ELECTRONICS,,001-SAKET,WIOM Saket Warehouse,GRN/2025/2956,,2026-01-16T16:03:41,,WM-03,,,,TR-2425/13,TR-2425/13,2026-01-16T00:00:00,,Closed,,Mukul,Mukul,,,,NOD/2526/5732,SY102130,,0,,2025-09-04T00:00:00,,1950,TO/2425/131,Warehouse,,1,,,,,,,0,0,DEL_CX4101,0,0,0,0,ONT,,,,,"315/274, Basement, Westend Marg, near Saket Metro Station, Saiyad ul Ajaib, Sainik Farm, New Delhi, Delhi 110030",Transfer Receipt,989DB2B60070,2026-01-01
WIOM,002-MUMBAI,WM-03,Wiom ONT_SY-GPON-2000-WADONT-WHITE,Normal BAU,1,0,0,1,0,0,PCS,ELECTRONICS,,001-SAKET,WIOM Saket Warehouse,GRN/2025/2956,,2026-01-16T16:03:41,,WM-03,,,,TR-2425/13,TR-2425/13,2026-01-16T00:00:00,,Closed,,Mukul,Mukul,,,,NOD/2526/5732,SY102124,,0,,2025-09-04T00:00:00,,1950,TO/2425/131,Warehouse,,1,,,,,,,0,0,DEL_CX4101,0,0,0,0,ONT,,,,,"315/274, Basement, Westend Marg, near Saket Metro Station, Saiyad ul Ajaib, Sainik Farm, New Delhi, Delhi 110030",Transfer Receipt,989DB2B604F8,2026-01-01
WIOM,002-MUMBAI,WM-03,Wiom ONT_SY-GPON-2000-WADONT-WHITE,Normal BAU,1,0,0,1,0,0,PCS,ELECTRONICS,,001-SAKET,WIOM Saket Warehouse,GRN/2025/2956,,2026-01-16T16:03:41,,WM-03,,,,TR-2425/13,TR-2425/13,2026-01-16T00:00:00,,Closed,,Mukul,Mukul,,,,NOD/2526/5732,SY102136,,0,,2025-09-04T00:00:00,,1950,TO/2425/131,Warehouse,,1,,,,,,,0,0,DEL_CX4101,0,0,0,0,ONT,,,,,"315/274, Basement, Westend Marg, near Saket Metro Station, Saiyad ul Ajaib, Sainik Farm, New Delhi, Delhi 110030",Transfer Receipt,989DB2B5FB48,2026-01-01
WIOM,002-MUMBAI,WM-03,Wiom ONT_SY-GPON-2000-WADONT-WHITE,Normal BAU,1,0,0,1,0,0,PCS,ELECTRONICS,,001-SAKET,WIOM Saket Warehouse,GRN/2025/2956,,2026-01-16T16:03:41,,WM-03,,,,TR-2425/13,TR-2425/13,2026-01-16T00:00:00,,Closed,,Mukul,Mukul,,,,NOD/2526/5732,SY101388,,0,,2025-09-04T00:00:00,,1950,TO/2425/131,Warehouse,,1,,,,,,,0,0,DEL_CX4150,0,0,0,0,ONT,,,,,"315/274, Basement, Westend Marg, near Saket Metro Station, Saiyad ul Ajaib, Sainik Farm, New Delhi, Delhi 110030",Transfer Receipt,989DB2B5F148,2026-01-01
WIOM,002-MUMBAI,WM-03,Wiom ONT_SY-GPON-2000-WADONT-WHITE,Normal BAU,1,0,0,1,0,0,PCS,ELECTRONICS,,001-SAKET,WIOM Saket Warehouse,GRN/2025/2956,,2026-01-16T16:03:41,,WM-03,,,,TR-2425/13,TR-2425/13,2026-01-16T00:00:00,,Closed,,Mukul,Mukul,,,,NOD/2526/5732,SY102145,,0,,2025-09-04T00:00:00,,1950,TO/2425/131,Warehouse,,1,,,,,,,0,0,DEL_CX4105,0,0,0,0,ONT,,,,,"315/274, Basement, Westend Marg, near Saket Metro Station, Saiyad ul Ajaib, Sainik Farm, New Delhi, Delhi 110030",Transfer Receipt,989DB2B5FC58,2026-01-01
WIOM,002-MUMBAI,WM-03,Wiom ONT_SY-GPON-2000-WADONT-WHITE,Normal BAU,1,0,0,1,0,0,PCS,ELECTRONICS,,001-SAKET,WIOM Saket Warehouse,GRN/2025/2956,,2026-01-16T16:03:41,,WM-03,,,,TR-2425/13,TR-2425/13,2026-01-16T00:00:00,,Closed,,Mukul,Mukul,,,,NOD/2526/5732,SY102140,,0,,2025-09-04T00:00:00,,1950,TO/2425/131,Warehouse,,1,,,,,,,0,0,DEL_CX4101,0,0,0,0,ONT,,,,,"315/274, Basement, Westend Marg, near Saket Metro Station, Saiyad ul Ajaib, Sainik Farm, New Delhi, Delhi 110030",Transfer Receipt,989DB2B5DBD8,2026-01-01
WIOM,002-MUMBAI,WM-03,Wiom ONT_SY-GPON-2000-WADONT-WHITE,Normal BAU,1,0,0,1,0,0,PCS,ELECTRONICS,,001-SAKET,WIOM Saket Warehouse,GRN/2025/2956,,2026-01-16T16:03:41,,WM-03,,,,TR-2425/13,TR-2425/13,2026-01-16T00:00:00,,Closed,,Mukul,Mukul,,,,NOD/2526/5732,SY102141,,0,,2025-09-04T00:00:00,,1950,TO/2425/131,Warehouse,,1,,,,,,,0,0,DEL_CX4105,0,0,0,0,ONT,,,,,"315/274, Basement, Westend Marg, near Saket Metro Station, Saiyad ul Ajaib, Sainik Farm, New Delhi, Delhi 110030",Transfer Receipt,989DB2B5FC20,2026-01-01
WIOM,002-MUMBAI,WM-03,Wiom ONT_SY-GPON-2000-WADONT-WHITE,Normal BAU,1,0,0,1,0,0,PCS,ELECTRONICS,,001-SAKET,WIOM Saket Warehouse,GRN/2025/2956,,2026-01-16T16:03:41,,WM-03,,,,TR-2425/13,TR-2425/13,2026-01-16T00:00:00,,Closed,,Mukul,Mukul,,,,NOD/2526/5732,SY102135,,0,,2025-09-04T00:00:00,,1950,TO/2425/131,Warehouse,,1,,,,,,,0,0,DEL_CX4125,0,0,0,0,ONT,,,,,"315/274, Basement, Westend Marg, near Saket Metro Station, Saiyad ul Ajaib, Sainik Farm, New Delhi, Delhi 110030",Transfer Receipt,989DB2B60490,2026-01-01
WIOM,002-MUMBAI,WM-03,Wiom ONT_SY-GPON-2000-WADONT-WHITE,Normal BAU,1,0,0,1,0,0,PCS,ELECTRONICS,,001-SAKET,WIOM Saket Warehouse,GRN/2025/2956,,2026-01-16T16:03:41,,WM-03,,,,TR-2425/13,TR-2425/13,2026-01-16T00:00:00,,Closed,,Mukul,Mukul,,,,NOD/2526/5732,SY102126,,0,,2025-09-04T00:00:00,,1950,TO/2425/131,Warehouse,,1,,,,,,,0,0,DEL_CX4101,0,0,0,0,ONT,,,,,"315/274, Basement, Westend Marg, near Saket Metro Station, Saiyad ul Ajaib, Sainik Farm, New Delhi, Delhi 110030",Transfer Receipt,989DB2B60008,2026-01-01
WIOM,002-MUMBAI,WM-03,Wiom ONT_SY-GPON-2000-WADONT-WHITE,Normal BAU,1,0,0,1,0,0,PCS,ELECTRONICS,,001-SAKET,WIOM Saket Warehouse,GRN/2025/2956,,2026-01-16T16:03:41,,WM-03,,,,TR-2425/13,TR-2425/13,2026-01-16T00:00:00,,Closed,,Mukul,Mukul,,,,NOD/2526/6031,SY102751,,0,,2025-09-11T00:00:00,,1950,TO/2425/131,Warehouse,,1,,,,,,,0,0,DEL_CX4517,0,0,0,0,ONT,,,,,"315/274, Basement, Westend Marg, near Saket Metro Station, Saiyad ul Ajaib, Sainik Farm, New Delhi, Delhi 110030",Transfer Receipt,989DB2B61E28,2026-01-01
WIOM,002-MUMBAI,WM-03,Wiom ONT_SY-GPON-2000-WADONT-WHITE,Normal BAU,1,0,0,1,0,0,PCS,ELECTRONICS,,001-SAKET,WIOM Saket Warehouse,GRN/2025/2956,,2026-01-16T16:03:41,,WM-03,,,,TR-2425/13,TR-2425/13,2026-01-16T00:00:00,,Closed,,Mukul,Mukul,,,,NOD/2526/5732,SY101407,,0,,2025-09-04T00:00:00,,1950,TO/2425/131,Warehouse,,1,,,,,,,0,0,DEL_CX4148,0,0,0,0,ONT,,,,,"315/274, Basement, Westend Marg, near Saket Metro Station, Saiyad ul Ajaib, Sainik Farm, New Delhi, Delhi 110030",Transfer Receipt,989DB2B5F6B8,2026-01-01
WIOM,002-MUMBAI,WM-03,Wiom ONT_SY-GPON-2000-WADONT-WHITE,Normal BAU,1,0,0,1,0,0,PCS,ELECTRONICS,,001-SAKET,WIOM Saket Warehouse,GRN/2025/2956,,2026-01-16T16:03:41,,WM-03,,,,TR-2425/13,TR-2425/13,2026-01-16T00:00:00,,Closed,,Mukul,Mukul,,,,NOD/2526/6031,SY102748,,0,,2025-09-11T00:00:00,,1950,TO/2425/131,Warehouse,,1,,,,,,,0,0,DEL_CX4517,0,0,0,0,ONT,,,,,"315/274, Basement, Westend Marg, near Saket Metro Station, Saiyad ul Ajaib, Sainik Farm, New Delhi, Delhi 110030",Transfer Receipt,989DB2B62FF8,2026-01-01
WIOM,002-MUMBAI,WM-03,Wiom ONT_SY-GPON-2000-WADONT-WHITE,Normal BAU,1,0,0,1,0,0,PCS,ELECTRONICS,,001-SAKET,WIOM Saket Warehouse,GRN/2025/2956,,2026-01-16T16:03:41,,WM-03,,,,TR-2425/13,TR-2425/13,2026-01-16T00:00:00,,Closed,,Mukul,Mukul,,,,NOD/2526/6031,SY102759,,0,,2025-09-11T00:00:00,,1950,TO/2425/131,Warehouse,,1,,,,,,,0,0,DEL_CX4517,0,0,0,0,ONT,,,,,"315/274, Basement, Westend Marg, near Saket Metro Station, Saiyad ul Ajaib, Sainik Farm, New Delhi, Delhi 110030",Transfer Receipt,989DB2B62B28,2026-01-01
WIOM,002-MUMBAI,WM-03,Wiom ONT_SY-GPON-2000-WADONT-WHITE,Normal BAU,1,0,0,1,0,0,PCS,ELECTRONICS,,001-SAKET,WIOM Saket Warehouse,GRN/2025/2956,,2026-01-16T16:03:41,,WM-03,,,,TR-2425/13,TR-2425/13,2026-01-16T00:00:00,,Closed,,Mukul,Mukul,,,,NOD/2526/6031,SY102754,,0,,2025-09-11T00:00:00,,1950,TO/2425/131,Warehouse,,1,,,,,,,0,0,DEL_CX4517,0,0,0,0,ONT,,,,,"315/274, Basement, Westend Marg, near Saket Metro Station, Saiyad ul Ajaib, Sainik Farm, New Delhi, Delhi 110030",Transfer Receipt,989DB2B61E00,2026-01-01
WIOM,002-MUMBAI,WM-03,Wiom ONT_SY-GPON-2000-WADONT-WHITE,Normal BAU,1,0,0,1,0,0,PCS,ELECTRONICS,,001-SAKET,WIOM Saket Warehouse,GRN/2025/2956,,2026-01-16T16:03:41,,WM-03,,,,TR-2425/13,TR-2425/13,2026-01-16T00:00:00,,Closed,,Mukul,Mukul,,,,NOD/2526/5732,SY102153,,0,,2025-09-04T00:00:00,,1950,TO/2425/131,Warehouse,,1,,,,,,,0,0,DEL_CX4105,0,0,0,0,ONT,,,,,"315/274, Basement, Westend Marg, near Saket Metro Station, Saiyad ul Ajaib, Sainik Farm, New Delhi, Delhi 110030",Transfer Receipt,989DB2B603F8,2026-01-01
WIOM,002-MUMBAI,WM-03,Wiom ONT_SY-GPON-2000-WADONT-WHITE,Normal BAU,1,0,0,1,0,0,PCS,ELECTRONICS,,001-SAKET,WIOM Saket Warehouse,GRN/2025/2956,,2026-01-16T16:03:41,,WM-03,,,,TR-2425/13,TR-2425/13,2026-01-16T00:00:00,,Closed,,Mukul,Mukul,,,,NOD/2526/6031,SY102852,,0,,2025-09-11T00:00:00,,1950,TO/2425/131,Warehouse,,1,,,,,,,0,0,DEL_CX4517,0,0,0,0,ONT,,,,,"315/274, Basement, Westend Marg, near Saket Metro Station, Saiyad ul Ajaib, Sainik Farm, New Delhi, Delhi 110030",Transfer Receipt,989DB2B621E0,2026-01-01
WIOM,002-MUMBAI,WM-03,Wiom ONT_SY-GPON-2000-WADONT-WHITE,Normal BAU,1,0,0,1,0,0,PCS,ELECTRONICS,,001-SAKET,WIOM Saket Warehouse,GRN/2025/2956,,2026-01-16T16:03:41,,WM-03,,,,TR-2425/13,TR-2425/13,2026-01-16T00:00:00,,Closed,,Mukul,Mukul,,,,NOD/2526/5732,SY101446,,0,,2025-09-04T00:00:00,,1950,TO/2425/131,Warehouse,,1,,,,,,,0,0,DEL_CX4101,0,0,0,0,ONT,,,,,"315/274, Basement, Westend Marg, near Saket Metro Station, Saiyad ul Ajaib, Sainik Farm, New Delhi, Delhi 110030",Transfer Receipt,989DB2B5EF28,2026-01-01
WIOM,002-MUMBAI,WM-03,Wiom ONT_SY-GPON-2000-WADONT-WHITE,Normal BAU,1,0,0,1,0,0,PCS,ELECTRONICS,,001-SAKET,WIOM Saket Warehouse,GRN/2025/2956,,2026-01-16T16:03:41,,WM-03,,,,TR-2425/13,TR-2425/13,2026-01-16T00:00:00,,Closed,,Mukul,Mukul,,,,NOD/2526/6031,SY102886,,0,,2025-09-11T00:00:00,,1950,TO/2425/131,Warehouse,,1,,,,,,,0,0,DEL_CX4520,0,0,0,0,ONT,,,,,"315/274, Basement, Westend Marg, near Saket Metro Station, Saiyad ul Ajaib, Sainik Farm, New Delhi, Delhi 110030",Transfer Receipt,989DB2B62B60,2026-01-01
WIOM,002-MUMBAI,WM-03,Wiom ONT_SY-GPON-2000-WADONT-WHITE,Normal BAU,1,0,0,1,0,0,PCS,ELECTRONICS,,001-SAKET,WIOM Saket Warehouse,GRN/2025/2956,,2026-01-16T16:03:41,,WM-03,,,,TR-2425/13,TR-2425/13,2026-01-16T00:00:00,,Closed,,Mukul,Mukul,,,,NOD/2526/6031,SY102888,,0,,2025-09-11T00:00:00,,1950,TO/2425/131,Warehouse,,1,,,,,,,0,0,DEL_CX4520,0,0,0,0,ONT,,,,,"315/274, Basement, Westend Marg, near Saket Metro Station, Saiyad ul Ajaib, Sainik Farm, New Delhi, Delhi 110030",Transfer Receipt,989DB2B62070,2026-01-01
WIOM,002-MUMBAI,WM-03,Wiom ONT_SY-GPON-2000-WADONT-WHITE,Normal BAU,1,0,0,1,0,0,PCS,ELECTRONICS,,001-SAKET,WIOM Saket Warehouse,GRN/2025/2956,,2026-01-16T16:03:41,,WM-03,,,,TR-2425/13,TR-2425/13,2026-01-16T00:00:00,,Closed,,Mukul,Mukul,,,,NOD/2526/6031,SY102849,,0,,2025-09-11T00:00:00,,1950,TO/2425/131,Warehouse,,1,,,,,,,0,0,DEL_CX4517,0,0,0,0,ONT,,,,,"315/274, Basement, Westend Marg, near Saket Metro Station, Saiyad ul Ajaib, Sainik Farm, New Delhi, Delhi 110030",Transfer Receipt,989DB2B62CB0,2026-01-01
WIOM,002-MUMBAI,WM-03,Wiom ONT_SY-GPON-2000-WADONT-WHITE,Normal BAU,1,0,0,1,0,0,PCS,ELECTRONICS,,001-SAKET,WIOM Saket Warehouse,GRN/2025/2956,,2026-01-16T16:03:41,,WM-03,,,,TR-2425/13,TR-2425/13,2026-01-16T00:00:00,,Closed,,Mukul,Mukul,,,,NOD/2526/6031,SY102756,,0,,2025-09-11T00:00:00,,1950,TO/2425/131,Warehouse,,1,,,,,,,0,0,DEL_CX4517,0,0,0,0,ONT,,,,,"315/274, Basement, Westend Marg, near Saket Metro Station, Saiyad ul Ajaib, Sainik Farm, New Delhi, Delhi 110030",Transfer Receipt,989DB2B60D50,2026-01-01
WIOM,002-MUMBAI,WM-03,Wiom ONT_SY-GPON-2000-WADONT-WHITE,Normal BAU,1,0,0,1,0,0,PCS,ELECTRONICS,,001-SAKET,WIOM Saket Warehouse,GRN/2025/2956,,2026-01-16T16:03:41,,WM-03,,,,TR-2425/13,TR-2425/13,2026-01-16T00:00:00,,Closed,,Mukul,Mukul,,,,NOD/2526/6031,SY102745,,0,,2025-09-11T00:00:00,,1950,TO/2425/131,Warehouse,,1,,,,,,,0,0,DEL_CX4517,0,0,0,0,ONT,,,,,"315/274, Basement, Westend Marg, near Saket Metro Station, Saiyad ul Ajaib, Sainik Farm, New Delhi, Delhi 110030",Transfer Receipt,989DB2B61930,2026-01-01
WIOM,002-MUMBAI,WM-03,Wiom ONT_SY-GPON-2000-WADONT-WHITE,Normal BAU,1,0,0,1,0,0,PCS,ELECTRONICS,,001-SAKET,WIOM Saket Warehouse,GRN/2025/2956,,2026-01-16T16:03:41,,WM-03,,,,TR-2425/13,TR-2425/13,2026-01-16T00:00:00,,Closed,,Mukul,Mukul,,,,NOD/2526/5732,SY101340,,0,,2025-09-04T00:00:00,,1950,TO/2425/131,Warehouse,,1,,,,,,,0,0,DEL_CX4148,0,0,0,0,ONT,,,,,"315/274, Basement, Westend Marg, near Saket Metro Station, Saiyad ul Ajaib, Sainik Farm, New Delhi, Delhi 110030",Transfer Receipt,989DB2B5F5F8,2026-01-01
WIOM,002-MUMBAI,WM-03,Wiom ONT_SY-GPON-2000-WADONT-WHITE,Normal BAU,1,0,0,1,0,0,PCS,ELECTRONICS,,001-SAKET,WIOM Saket Warehouse,GRN/2025/2956,,2026-01-16T16:03:41,,WM-03,,,,TR-2425/13,TR-2425/13,2026-01-16T00:00:00,,Closed,,Mukul,Mukul,,,,NOD/2526/6031,SY102891,,0,,2025-09-11T00:00:00,,1950,TO/2425/131,Warehouse,,1,,,,,,,0,0,DEL_CX4520,0,0,0,0,ONT,,,,,"315/274, Basement, Westend Marg, near Saket Metro Station, Saiyad ul Ajaib, Sainik Farm, New Delhi, Delhi 110030",Transfer Receipt,989DB2B62540,2026-01-01
WIOM,002-MUMBAI,WM-03,Wiom ONT_SY-GPON-2000-WADONT-WHITE,Normal BAU,1,0,0,1,0,0,PCS,ELECTRONICS,,001-SAKET,WIOM Saket Warehouse,GRN/2025/2956,,2026-01-16T16:03:41,,WM-03,,,,TR-2425/13,TR-2425/13,2026-01-16T00:00:00,,Closed,,Mukul,Mukul,,,,NOD/2526/6031,SY102900,,0,,2025-09-11T00:00:00,,1950,TO/2425/131,Warehouse,,1,,,,,,,0,0,DEL_CX4520,0,0,0,0,ONT,,,,,"315/274, Basement, Westend Marg, near Saket Metro Station, Saiyad ul Ajaib, Sainik Farm, New Delhi, Delhi 110030",Transfer Receipt,989DB2B62808,2026-01-01
WIOM,002-MUMBAI,WM-03,Wiom ONT_SY-GPON-2000-WADONT-WHITE,Normal BAU,1,0,0,1,0,0,PCS,ELECTRONICS,,001-SAKET,WIOM Saket Warehouse,GRN/2025/2956,,2026-01-16T16:03:41,,WM-03,,,,TR-2425/13,TR-2425/13,2026-01-16T00:00:00,,Closed,,Mukul,Mukul,,,,NOD/2526/6031,SY103081,,0,,2025-09-11T00:00:00,,1950,TO/2425/131,Warehouse,,1,,,,,,,0,0,DEL_CX4517,0,0,0,0,ONT,,,,,"315/274, Basement, Westend Marg, near Saket Metro Station, Saiyad ul Ajaib, Sainik Farm, New Delhi, Delhi 110030",Transfer Receipt,989DB2B62D18,2026-01-01
WIOM,002-MUMBAI,WM-03,Wiom ONT_SY-GPON-2000-WADONT-WHITE,Normal BAU,1,0,0,1,0,0,PCS,ELECTRONICS,,001-SAKET,WIOM Saket Warehouse,GRN/2025/2956,,2026-01-16T16:03:41,,WM-03,,,,TR-2425/13,TR-2425/13,2026-01-16T00:00:00,,Closed,,Mukul,Mukul,,,,NOD/2526/5732,SY101501,,0,,2025-09-04T00:00:00,,1950,TO/2425/131,Warehouse,,1,,,,,,,0,0,DEL_CX4125,0,0,0,0,ONT,,,,,"315/274, Basement, Westend Marg, near Saket Metro Station, Saiyad ul Ajaib, Sainik Farm, New Delhi, Delhi 110030",Transfer Receipt,989DB2B5E3D8,2026-01-01
WIOM,002-MUMBAI,WM-03,Wiom ONT_SY-GPON-2000-WADONT-WHITE,Normal BAU,1,0,0,1,0,0,PCS,ELECTRONICS,,001-SAKET,WIOM Saket Warehouse,GRN/2025/2956,,2026-01-16T16:03:41,,WM-03,,,,TR-2425/13,TR-2425/13,2026-01-16T00:00:00,,Closed,,Mukul,Mukul,,,,NOD/2526/6031,SY102894,,0,,2025-09-11T00:00:00,,1950,TO/2425/131,Warehouse,,1,,,,,,,0,0,DEL_CX4520,0,0,0,0,ONT,,,,,"315/274, Basement, Westend Marg, near Saket Metro Station, Saiyad ul Ajaib, Sainik Farm, New Delhi, Delhi 110030",Transfer Receipt,989DB2B61008,2026-01-01
WIOM,002-MUMBAI,WM-03,Wiom ONT_SY-GPON-2000-WADONT-WHITE,Normal BAU,1,0,0,1,0,0,PCS,ELECTRONICS,,001-SAKET,WIOM Saket Warehouse,GRN/2025/2956,,2026-01-16T16:03:41,,WM-03,,,,TR-2425/13,TR-2425/13,2026-01-16T00:00:00,,Closed,,Mukul,Mukul,,,,NOD/2526/6031,SY103089,,0,,2025-09-11T00:00:00,,1950,TO/2425/131,Warehouse,,1,,,,,,,0,0,DEL_CX4517,0,0,0,0,ONT,,,,,"315/274, Basement, Westend Marg, near Saket Metro Station, Saiyad ul Ajaib, Sainik Farm, New Delhi, Delhi 110030",Transfer Receipt,989DB2B62C40,2026-01-01
WIOM,002-MUMBAI,WM-03,Wiom ONT_SY-GPON-2000-WADONT-WHITE,Normal BAU,1,0,0,1,0,0,PCS,ELECTRONICS,,001-SAKET,WIOM Saket Warehouse,GRN/2025/2956,,2026-01-16T16:03:41,,WM-03,,,,TR-2425/13,TR-2425/13,2026-01-16T00:00:00,,Closed,,Mukul,Mukul,,,,NOD/2526/6031,SY103097,,0,,2025-09-11T00:00:00,,1950,TO/2425/131,Warehouse,,1,,,,,,,0,0,DEL_CX4517,0,0,0,0,ONT,,,,,"315/274, Basement, Westend Marg, near Saket Metro Station, Saiyad ul Ajaib, Sainik Farm, New Delhi, Delhi 110030",Transfer Receipt,989DB2B632B8,2026-01-01
WIOM,002-MUMBAI,WM-03,Wiom ONT_SY-GPON-2000-WADONT-WHITE,Normal BAU,1,0,0,1,0,0,PCS,ELECTRONICS,,001-SAKET,WIOM Saket Warehouse,GRN/2025/2956,,2026-01-16T16:03:41,,WM-03,,,,TR-2425/13,TR-2425/13,2026-01-16T00:00:00,,Closed,,Mukul,Mukul,,,,NOD/2526/6031,SY103104,,0,,2025-09-11T00:00:00,,1950,TO/2425/131,Warehouse,,1,,,,,,,0,0,DEL_CX4534,0,0,0,0,ONT,,,,,"315/274, Basement, Westend Marg, near Saket Metro Station, Saiyad ul Ajaib, Sainik Farm, New Delhi, Delhi 110030",Transfer Receipt,989DB2B62C80,2026-01-01
WIOM,002-MUMBAI,WM-03,Wiom ONT_SY-GPON-2000-WADONT-WHITE,Normal BAU,1,0,0,1,0,0,PCS,ELECTRONICS,,001-SAKET,WIOM Saket Warehouse,GRN/2025/2956,,2026-01-16T16:03:41,,WM-03,,,,TR-2425/13,TR-2425/13,2026-01-16T00:00:00,,Closed,,Mukul,Mukul,,,,NOD/2526/6031,SY103102,,0,,2025-09-11T00:00:00,,1950,TO/2425/131,Warehouse,,1,,,,,,,0,0,DEL_CX4534,0,0,0,0,ONT,,,,,"315/274, Basement, Westend Marg, near Saket Metro Station, Saiyad ul Ajaib, Sainik Farm, New Delhi, Delhi 110030",Transfer Receipt,989DB2B62858,2026-01-01
WIOM,002-MUMBAI,WM-03,Wiom ONT_SY-GPON-2000-WADONT-WHITE,Normal BAU,1,0,0,1,0,0,PCS,ELECTRONICS,,001-SAKET,WIOM Saket Warehouse,GRN/2025/2956,,2026-01-16T16:03:41,,WM-03,,,,TR-2425/13,TR-2425/13,2026-01-16T00:00:00,,Closed,,Mukul,Mukul,,,,NOD/2526/6031,SY103103,,0,,2025-09-11T00:00:00,,1950,TO/2425/131,Warehouse,,1,,,,,,,0,0,DEL_CX4534,0,0,0,0,ONT,,,,,"315/274, Basement, Westend Marg, near Saket Metro Station, Saiyad ul Ajaib, Sainik Farm, New Delhi, Delhi 110030",Transfer Receipt,989DB2B629D8,2026-01-01
WIOM,002-MUMBAI,WM-03,Wiom ONT_SY-GPON-2000-WADONT-WHITE,Normal BAU,1,0,0,1,0,0,PCS,ELECTRONICS,,001-SAKET,WIOM Saket Warehouse,GRN/2025/2956,,2026-01-16T16:03:41,,WM-03,,,,TR-2425/13,TR-2425/13,2026-01-16T00:00:00,,Closed,,Mukul,Mukul,,,,NOD/2526/6031,SY103093,,0,,2025-09-11T00:00:00,,1950,TO/2425/131,Warehouse,,1,,,,,,,0,0,DEL_CX4517,0,0,0,0,ONT,,,,,"315/274, Basement, Westend Marg, near Saket Metro Station, Saiyad ul Ajaib, Sainik Farm, New Delhi, Delhi 110030",Transfer Receipt,989DB2B63138,2026-01-01
WIOM,002-MUMBAI,WM-03,Wiom ONT_SY-GPON-2000-WADONT-WHITE,Normal BAU,1,0,0,1,0,0,PCS,ELECTRONICS,,001-SAKET,WIOM Saket Warehouse,GRN/2025/2956,,2026-01-16T16:03:41,,WM-03,,,,TR-2425/13,TR-2425/13,2026-01-16T00:00:00,,Closed,,Mukul,Mukul,,,,NOD/2526/6031,SY102896,,0,,2025-09-11T00:00:00,,1950,TO/2425/131,Warehouse,,1,,,,,,,0,0,DEL_CX4520,0,0,0,0,ONT,,,,,"315/274, Basement, Westend Marg, near Saket Metro Station, Saiyad ul Ajaib, Sainik Farm, New Delhi, Delhi 110030",Transfer Receipt,989DB2B612A0,2026-01-01
WIOM,002-MUMBAI,WM-03,Wiom ONT_SY-GPON-2000-WADONT-WHITE,Normal BAU,1,0,0,1,0,0,PCS,ELECTRONICS,,001-SAKET,WIOM Saket Warehouse,GRN/2025/2956,,2026-01-16T16:03:41,,WM-03,,,,TR-2425/13,TR-2425/13,2026-01-16T00:00:00,,Closed,,Mukul,Mukul,,,,NOD/2526/5732,SY101544,,0,,2025-09-04T00:00:00,,1950,TO/2425/131,Warehouse,,1,,,,,,,0,0,DEL_CX4103,0,0,0,0,ONT,,,,,"315/274, Basement, Westend Marg, near Saket Metro Station, Saiyad ul Ajaib, Sainik Farm, New Delhi, Delhi 110030",Transfer Receipt,989DB2B5F560,2026-01-01
WIOM,002-MUMBAI,WM-03,Wiom ONT_SY-GPON-2000-WADONT-WHITE,Normal BAU,1,0,0,1,0,0,PCS,ELECTRONICS,,001-SAKET,WIOM Saket Warehouse,GRN/2025/2956,,2026-01-16T16:03:41,,WM-03,,,,TR-2425/13,TR-2425/13,2026-01-16T00:00:00,,Closed,,Mukul,Mukul,,,,NOD/2526/6031,SY103106,,0,,2025-09-11T00:00:00,,1950,TO/2425/131,Warehouse,,1,,,,,,,0,0,DEL_CX4534,0,0,0,0,ONT,,,,,"315/274, Basement, Westend Marg, near Saket Metro Station, Saiyad ul Ajaib, Sainik Farm, New Delhi, Delhi 110030",Transfer Receipt,989DB2B62880,2026-01-01
WIOM,002-MUMBAI,WM-03,Wiom ONT_SY-GPON-2000-WADONT-WHITE,Normal BAU,1,0,0,1,0,0,PCS,ELECTRONICS,,001-SAKET,WIOM Saket Warehouse,GRN/2025/2956,,2026-01-16T16:03:41,,WM-03,,,,TR-2425/13,TR-2425/13,2026-01-16T00:00:00,,Closed,,Mukul,Mukul,,,,NOD/2526/6031,SY103112,,0,,2025-09-11T00:00:00,,1950,TO/2425/131,Warehouse,,1,,,,,,,0,0,DEL_CX4534,0,0,0,0,ONT,,,,,"315/274, Basement, Westend Marg, near Saket Metro Station, Saiyad ul Ajaib, Sainik Farm, New Delhi, Delhi 110030",Transfer Receipt,989DB2B63058,2026-01-01
WIOM,002-MUMBAI,WM-03,Wiom ONT_SY-GPON-2000-WADONT-WHITE,Normal BAU,1,0,0,1,0,0,PCS,ELECTRONICS,,001-SAKET,WIOM Saket Warehouse,GRN/2025/2956,,2026-01-16T16:03:41,,WM-03,,,,TR-2425/13,TR-2425/13,2026-01-16T00:00:00,,Closed,,Mukul,Mukul,,,,NOD/2526/5732,SY101564,,0,,2025-09-04T00:00:00,,1950,TO/2425/131,Warehouse,,1,,,,,,,0,0,DEL_CX4078,0,0,0,0,ONT,,,,,"315/274, Basement, Westend Marg, near Saket Metro Station, Saiyad ul Ajaib, Sainik Farm, New Delhi, Delhi 110030",Transfer Receipt,989DB2B5E790,2026-01-01
WIOM,002-MUMBAI,WM-03,Wiom ONT_SY-GPON-2000-WADONT-WHITE,Normal BAU,1,0,0,1,0,0,PCS,ELECTRONICS,,001-SAKET,WIOM Saket Warehouse,GRN/2025/2956,,2026-01-16T16:03:41,,WM-03,,,,TR-2425/13,TR-2425/13,2026-01-16T00:00:00,,Closed,,Mukul,Mukul,,,,NOD/2526/6031,SY103110,,0,,2025-09-11T00:00:00,,1950,TO/2425/131,Warehouse,,1,,,,,,,0,0,DEL_CX4534,0,0,0,0,ONT,,,,,"315/274, Basement, Westend Marg, near Saket Metro Station, Saiyad ul Ajaib, Sainik Farm, New Delhi, Delhi 110030",Transfer Receipt,989DB2B63358,2026-01-01
WIOM,002-MUMBAI,WM-03,Wiom ONT_SY-GPON-2000-WADONT-WHITE,Normal BAU,1,0,0,1,0,0,PCS,ELECTRONICS,,001-SAKET,WIOM Saket Warehouse,GRN/2025/2956,,2026-01-16T16:03:41,,WM-03,,,,TR-2425/13,TR-2425/13,2026-01-16T00:00:00,,Closed,,Mukul,Mukul,,,,NOD/2526/6031,SY103111,,0,,2025-09-11T00:00:00,,1950,TO/2425/131,Warehouse,,1,,,,,,,0,0,DEL_CX4534,0,0,0,0,ONT,,,,,"315/274, Basement, Westend Marg, near Saket Metro Station, Saiyad ul Ajaib, Sainik Farm, New Delhi, Delhi 110030",Transfer Receipt,989DB2B62868,2026-01-01
WIOM,002-MUMBAI,WM-03,Wiom ONT_SY-GPON-2000-WADONT-WHITE,Normal BAU,1,0,0,1,0,0,PCS,ELECTRONICS,,001-SAKET,WIOM Saket Warehouse,GRN/2025/2956,,2026-01-16T16:03:41,,WM-03,,,,TR-2425/13,TR-2425/13,2026-01-16T00:00:00,,Closed,,Mukul,Mukul,,,,NOD/2526/6031,SY103108,,0,,2025-09-11T00:00:00,,1950,TO/2425/131,Warehouse,,1,,,,,,,0,0,DEL_CX4534,0,0,0,0,ONT,,,,,"315/274, Basement, Westend Marg, near Saket Metro Station, Saiyad ul Ajaib, Sainik Farm, New Delhi, Delhi 110030",Transfer Receipt,989DB2B627E0,2026-01-01
WIOM,002-MUMBAI,WM-03,Wiom ONT_SY-GPON-2000-WADONT-WHITE,Normal BAU,1,0,0,1,0,0,PCS,ELECTRONICS,,001-SAKET,WIOM Saket Warehouse,GRN/2025/2956,,2026-01-16T16:03:41,,WM-03,,,,TR-2425/13,TR-2425/13,2026-01-16T00:00:00,,Closed,,Mukul,Mukul,,,,NOD/2526/5732,SY101567,,0,,2025-09-04T00:00:00,,1950,TO/2425/131,Warehouse,,1,,,,,,,0,0,DEL_CX4078,0,0,0,0,ONT,,,,,"315/274, Basement, Westend Marg, near Saket Metro Station, Saiyad ul Ajaib, Sainik Farm, New Delhi, Delhi 110030",Transfer Receipt,989DB2B5F618,2026-01-01
WIOM,002-MUMBAI,WM-03,Wiom ONT_SY-GPON-2000-WADONT-WHITE,Normal BAU,1,0,0,1,0,0,PCS,ELECTRONICS,,001-SAKET,WIOM Saket Warehouse,GRN/2025/2956,,2026-01-16T16:03:41,,WM-03,,,,TR-2425/13,TR-2425/13,2026-01-16T00:00:00,,Closed,,Mukul,Mukul,,,,NOD/2526/6031,SY103114,,0,,2025-09-11T00:00:00,,1950,TO/2425/131,Warehouse,,1,,,,,,,0,0,DEL_CX4534,0,0,0,0,ONT,,,,,"315/274, Basement, Westend Marg, near Saket Metro Station, Saiyad ul Ajaib, Sainik Farm, New Delhi, Delhi 110030",Transfer Receipt,989DB2B628B8,2026-01-01
WIOM,002-MUMBAI,WM-03,Wiom ONT_SY-GPON-2000-WADONT-WHITE,Normal BAU,1,0,0,1,0,0,PCS,ELECTRONICS,,001-SAKET,WIOM Saket Warehouse,GRN/2025/2956,,2026-01-16T16:03:41,,WM-03,,,,TR-2425/13,TR-2425/13,2026-01-16T00:00:00,,Closed,,Mukul,Mukul,,,,NOD/2526/6031,SY103116,,0,,2025-09-11T00:00:00,,1950,TO/2425/131,Warehouse,,1,,,,,,,0,0,DEL_CX4534,0,0,0,0,ONT,,,,,"315/274, Basement, Westend Marg, near Saket Metro Station, Saiyad ul Ajaib, Sainik Farm, New Delhi, Delhi 110030",Transfer Receipt,989DB2B62D98,2026-01-01
WIOM,002-MUMBAI,WM-03,Wiom ONT_SY-GPON-2000-WADONT-WHITE,Normal BAU,1,0,0,1,0,0,PCS,ELECTRONICS,,001-SAKET,WIOM Saket Warehouse,GRN/2025/2956,,2026-01-16T16:03:41,,WM-03,,,,TR-2425/13,TR-2425/13,2026-01-16T00:00:00,,Closed,,Mukul,Mukul,,,,NOD/2526/5732,SY101830,,0,,2025-09-04T00:00:00,,1950,TO/2425/131,Warehouse,,1,,,,,,,0,0,DEL_CX4128,0,0,0,0,ONT,,,,,"315/274, Basement, Westend Marg, near Saket Metro Station, Saiyad ul Ajaib, Sainik Farm, New Delhi, Delhi 110030",Transfer Receipt,989DB2B5E190,2026-01-01
WIOM,002-MUMBAI,WM-03,Wiom ONT_SY-GPON-2000-WADONT-WHITE,Normal BAU,1,0,0,1,0,0,PCS,ELECTRONICS,,001-SAKET,WIOM Saket Warehouse,GRN/2025/2956,,2026-01-16T16:03:41,,WM-03,,,,TR-2425/13,TR-2425/13,2026-01-16T00:00:00,,Closed,,Mukul,Mukul,,,,NOD/2526/6031,SY103120,,0,,2025-09-11T00:00:00,,1950,TO/2425/131,Warehouse,,1,,,,,,,0,0,DEL_CX4534,0,0,0,0,ONT,,,,,"315/274, Basement, Westend Marg, near Saket Metro Station, Saiyad ul Ajaib, Sainik Farm, New Delhi, Delhi 110030",Transfer Receipt,989DB2B62840,2026-01-01
WIOM,002-MUMBAI,WM-03,Wiom ONT_SY-GPON-2000-WADONT-WHITE,Normal BAU,1,0,0,1,0,0,PCS,ELECTRONICS,,001-SAKET,WIOM Saket Warehouse,GRN/2025/2956,,2026-01-16T16:03:41,,WM-03,,,,TR-2425/13,TR-2425/13,2026-01-16T00:00:00,,Closed,,Mukul,Mukul,,,,NOD/2526/6031,SY103119,,0,,2025-09-11T00:00:00,,1950,TO/2425/131,Warehouse,,1,,,,,,,0,0,DEL_CX4534,0,0,0,0,ONT,,,,,"315/274, Basement, Westend Marg, near Saket Metro Station, Saiyad ul Ajaib, Sainik Farm, New Delhi, Delhi 110030",Transfer Receipt,989DB2B626E0,2026-01-01
WIOM,002-MUMBAI,WM-03,Wiom ONT_SY-GPON-2000-WADONT-WHITE,Normal BAU,1,0,0,1,0,0,PCS,ELECTRONICS,,001-SAKET,WIOM Saket Warehouse,GRN/2025/2956,,2026-01-16T16:03:41,,WM-03,,,,TR-2425/13,TR-2425/13,2026-01-16T00:00:00,,Closed,,Mukul,Mukul,,,,NOD/2526/6031,SY103117,,0,,2025-09-11T00:00:00,,1950,TO/2425/131,Warehouse,,1,,,,,,,0,0,DEL_CX4534,0,0,0,0,ONT,,,,,"315/274, Basement, Westend Marg, near Saket Metro Station, Saiyad ul Ajaib, Sainik Farm, New Delhi, Delhi 110030",Transfer Receipt,989DB2B62828,2026-01-01
WIOM,002-MUMBAI,WM-03,Wiom ONT_SY-GPON-2000-WADONT-WHITE,Normal BAU,1,0,0,1,0,0,PCS,ELECTRONICS,,001-SAKET,WIOM Saket Warehouse,GRN/2025/2956,,2026-01-16T16:03:41,,WM-03,,,,TR-2425/13,TR-2425/13,2026-01-16T00:00:00,,Closed,,Mukul,Mukul,,,,NOD/2526/6031,SY103109,,0,,2025-09-11T00:00:00,,1950,TO/2425/131,Warehouse,,1,,,,,,,0,0,DEL_CX4534,0,0,0,0,ONT,,,,,"315/274, Basement, Westend Marg, near Saket Metro Station, Saiyad ul Ajaib, Sainik Farm, New Delhi, Delhi 110030",Transfer Receipt,989DB2B62F50,2026-01-01
WIOM,002-MUMBAI,WM-03,Wiom ONT_SY-GPON-2000-WADONT-WHITE,Normal BAU,1,0,0,1,0,0,PCS,ELECTRONICS,,001-SAKET,WIOM Saket Warehouse,GRN/2025/2956,,2026-01-16T16:03:41,,WM-03,,,,TR-2425/13,TR-2425/13,2026-01-16T00:00:00,,Closed,,Mukul,Mukul,,,,NOD/2526/6031,SY102892,,0,,2025-09-11T00:00:00,,1950,TO/2425/131,Warehouse,,1,,,,,,,0,0,DEL_CX4520,0,0,0,0,ONT,,,,,"315/274, Basement, Westend Marg, near Saket Metro Station, Saiyad ul Ajaib, Sainik Farm, New Delhi, Delhi 110030",Transfer Receipt,989DB2B62D08,2026-01-01
WIOM,002-MUMBAI,WM-03,Wiom ONT_SY-GPON-2000-WADONT-WHITE,Normal BAU,1,0,0,1,0,0,PCS,ELECTRONICS,,001-SAKET,WIOM Saket Warehouse,GRN/2025/2956,,2026-01-16T16:03:41,,WM-03,,,,TR-2425/13,TR-2425/13,2026-01-16T00:00:00,,Closed,,Mukul,Mukul,,,,NOD/2526/5732,SY102125,,0,,2025-09-04T00:00:00,,1950,TO/2425/131,Warehouse,,1,,,,,,,0,0,DEL_CX4125,0,0,0,0,ONT,,,,,"315/274, Basement, Westend Marg, near Saket Metro Station, Saiyad ul Ajaib, Sainik Farm, New Delhi, Delhi 110030",Transfer Receipt,989DB2B5FA60,2026-01-01
WIOM,002-MUMBAI,WM-03,Wiom ONT_SY-GPON-2000-WADONT-WHITE,Normal BAU,1,0,0,1,0,0,PCS,ELECTRONICS,,001-SAKET,WIOM Saket Warehouse,GRN/2025/2956,,2026-01-16T16:03:41,,WM-03,,,,TR-2425/13,TR-2425/13,2026-01-16T00:00:00,,Closed,,Mukul,Mukul,,,,NOD/2526/5732,SY101749,,0,,2025-09-04T00:00:00,,1950,TO/2425/131,Warehouse,,1,,,,,,,0,0,DEL_CX4142,0,0,0,0,ONT,,,,,"315/274, Basement, Westend Marg, near Saket Metro Station, Saiyad ul Ajaib, Sainik Farm, New Delhi, Delhi 110030",Transfer Receipt,989DB2B60390,2026-01-01
WIOM,002-MUMBAI,WM-03,Wiom ONT_SY-GPON-2000-WADONT-WHITE,Normal BAU,1,0,0,1,0,0,PCS,ELECTRONICS,,001-SAKET,WIOM Saket Warehouse,GRN/2025/2956,,2026-01-16T16:03:41,,WM-03,,,,TR-2425/13,TR-2425/13,2026-01-16T00:00:00,,Closed,,Mukul,Mukul,,,,NOD/2526/5732,SY101715,,0,,2025-09-04T00:00:00,,1950,TO/2425/131,Warehouse,,1,,,,,,,0,0,DEL_CX4137,0,0,0,0,ONT,,,,,"315/274, Basement, Westend Marg, near Saket Metro Station, Saiyad ul Ajaib, Sainik Farm, New Delhi, Delhi 110030",Transfer Receipt,989DB2B60538,2026-01-01
WIOM,002-MUMBAI,WM-03,Wiom ONT_SY-GPON-2000-WADONT-WHITE,Normal BAU,1,0,0,1,0,0,PCS,ELECTRONICS,,001-SAKET,WIOM Saket Warehouse,GRN/2025/2956,,2026-01-16T16:03:41,,WM-03,,,,TR-2425/13,TR-2425/13,2026-01-16T00:00:00,,Closed,,Mukul,Mukul,,,,NOD/2526/5732,SY101573,,0,,2025-09-04T00:00:00,,1950,TO/2425/131,Warehouse,,1,,,,,,,0,0,DEL_CX4078,0,0,0,0,ONT,,,,,"315/274, Basement, Westend Marg, near Saket Metro Station, Saiyad ul Ajaib, Sainik Farm, New Delhi, Delhi 110030",Transfer Receipt,989DB2B5F668,2026-01-01
WIOM,002-MUMBAI,WM-03,Wiom ONT_SY-GPON-2000-WADONT-WHITE,Normal BAU,1,0,0,1,0,0,PCS,ELECTRONICS,,001-SAKET,WIOM Saket Warehouse,GRN/2025/2956,,2026-01-16T16:03:41,,WM-03,,,,TR-2425/13,TR-2425/13,2026-01-16T00:00:00,,Closed,,Mukul,Mukul,,,,NOD/2526/5732,SY101577,,0,,2025-09-04T00:00:00,,1950,TO/2425/131,Warehouse,,1,,,,,,,0,0,DEL_CX4078,0,0,0,0,ONT,,,,,"315/274, Basement, Westend Marg, near Saket Metro Station, Saiyad ul Ajaib, Sainik Farm, New Delhi, Delhi 110030",Transfer Receipt,989DB2B5F1A0,2026-01-01
WIOM,002-MUMBAI,WM-03,Wiom ONT_SY-GPON-2000-WADONT-WHITE,Normal BAU,1,0,0,1,0,0,PCS,ELECTRONICS,,001-SAKET,WIOM Saket Warehouse,GRN/2025/2956,,2026-01-16T16:03:41,,WM-03,,,,TR-2425/13,TR-2425/13,2026-01-16T00:00:00,,Closed,,Mukul,Mukul,,,,NOD/2526/6031,SY103150,,0,,2025-09-11T00:00:00,,1950,TO/2425/131,Warehouse,,1,,,,,,,0,0,DEL_CX4520,0,0,0,0,ONT,,,,,"315/274, Basement, Westend Marg, near Saket Metro Station, Saiyad ul Ajaib, Sainik Farm, New Delhi, Delhi 110030",Transfer Receipt,989DB2B63170,2026-01-01
WIOM,002-MUMBAI,WM-03,Wiom ONT_SY-GPON-2000-WADONT-WHITE,Normal BAU,1,0,0,1,0,0,PCS,ELECTRONICS,,001-SAKET,WIOM Saket Warehouse,GRN/2025/2956,,2026-01-16T16:03:41,,WM-03,,,,TR-2425/13,TR-2425/13,2026-01-16T00:00:00,,Closed,,Mukul,Mukul,,,,NOD/2526/6031,SY103154,,0,,2025-09-11T00:00:00,,1950,TO/2425/131,Warehouse,,1,,,,,,,0,0,DEL_CX4520,0,0,0,0,ONT,,,,,"315/274, Basement, Westend Marg, near Saket Metro Station, Saiyad ul Ajaib, Sainik Farm, New Delhi, Delhi 110030",Transfer Receipt,989DB2B62898,2026-01-01
WIOM,002-MUMBAI,WM-03,Wiom ONT_SY-GPON-2000-WADONT-WHITE,Normal BAU,1,0,0,1,0,0,PCS,ELECTRONICS,,001-SAKET,WIOM Saket Warehouse,GRN/2025/2956,,2026-01-16T16:03:41,,WM-03,,,,TR-2425/13,TR-2425/13,2026-01-16T00:00:00,,Closed,,Mukul,Mukul,,,,NOD/2526/6031,SY103153,,0,,2025-09-11T00:00:00,,1950,TO/2425/131,Warehouse,,1,,,,,,,0,0,DEL_CX4520,0,0,0,0,ONT,,,,,"315/274, Basement, Westend Marg, near Saket Metro Station, Saiyad ul Ajaib, Sainik Farm, New Delhi, Delhi 110030",Transfer Receipt,989DB2B632A0,2026-01-01
WIOM,002-MUMBAI,WM-03,Wiom ONT_SY-GPON-2000-WADONT-WHITE,Normal BAU,1,0,0,1,0,0,PCS,ELECTRONICS,,001-SAKET,WIOM Saket Warehouse,GRN/2025/2956,,2026-01-16T16:03:41,,WM-03,,,,TR-2425/13,TR-2425/13,2026-01-16T00:00:00,,Closed,,Mukul,Mukul,,,,NOD/2526/5732,SY101581,,0,,2025-09-04T00:00:00,,1950,TO/2425/131,Warehouse,,1,,,,,,,0,0,DEL_CX4134,0,0,0,0,ONT,,,,,"315/274, Basement, Westend Marg, near Saket Metro Station, Saiyad ul Ajaib, Sainik Farm, New Delhi, Delhi 110030",Transfer Receipt,989DB2B5EE20,2026-01-01
WIOM,002-MUMBAI,WM-03,Wiom ONT_SY-GPON-2000-WADONT-WHITE,Normal BAU,1,0,0,1,0,0,PCS,ELECTRONICS,,001-SAKET,WIOM Saket Warehouse,GRN/2025/2956,,2026-01-16T16:03:41,,WM-03,,,,TR-2425/13,TR-2425/13,2026-01-16T00:00:00,,Closed,,Mukul,Mukul,,,,NOD/2526/6031,SY103159,,0,,2025-09-11T00:00:00,,1950,TO/2425/131,Warehouse,,1,,,,,,,0,0,DEL_CX4520,0,0,0,0,ONT,,,,,"315/274, Basement, Westend Marg, near Saket Metro Station, Saiyad ul Ajaib, Sainik Farm, New Delhi, Delhi 110030",Transfer Receipt,989DB2B627A0,2026-01-01
WIOM,002-MUMBAI,WM-03,Wiom ONT_SY-GPON-2000-WADONT-WHITE,Normal BAU,1,0,0,1,0,0,PCS,ELECTRONICS,,001-SAKET,WIOM Saket Warehouse,GRN/2025/2956,,2026-01-16T16:03:41,,WM-03,,,,TR-2425/13,TR-2425/13,2026-01-16T00:00:00,,Closed,,Mukul,Mukul,,,,NOD/2526/6031,SY103502,,0,,2025-09-11T00:00:00,,1950,TO/2425/131,Warehouse,,1,,,,,,,0,0,DEL_CX4533,0,0,0,0,ONT,,,,,"315/274, Basement, Westend Marg, near Saket Metro Station, Saiyad ul Ajaib, Sainik Farm, New Delhi, Delhi 110030",Transfer Receipt,989DB2B61690,2026-01-01
WIOM,002-MUMBAI,WM-03,Wiom ONT_SY-GPON-2000-WADONT-WHITE,Normal BAU,1,0,0,1,0,0,PCS,ELECTRONICS,,001-SAKET,WIOM Saket Warehouse,GRN/2025/2956,,2026-01-16T16:03:41,,WM-03,,,,TR-2425/13,TR-2425/13,2026-01-16T00:00:00,,Closed,,Mukul,Mukul,,,,NOD/2526/6031,SY103506,,0,,2025-09-11T00:00:00,,1950,TO/2425/131,Warehouse,,1,,,,,,,0,0,DEL_CX4533,0,0,0,0,ONT,,,,,"315/274, Basement, Westend Marg, near Saket Metro Station, Saiyad ul Ajaib, Sainik Farm, New Delhi, Delhi 110030",Transfer Receipt,989DB2B63890,2026-01-01
WIOM,002-MUMBAI,WM-03,Wiom ONT_SY-GPON-2000-WADONT-WHITE,Normal BAU,1,0,0,1,0,0,PCS,ELECTRONICS,,001-SAKET,WIOM Saket Warehouse,GRN/2025/2956,,2026-01-16T16:03:41,,WM-03,,,,TR-2425/13,TR-2425/13,2026-01-16T00:00:00,,Closed,,Mukul,Mukul,,,,NOD/2526/6031,SY103504,,0,,2025-09-11T00:00:00,,1950,TO/2425/131,Warehouse,,1,,,,,,,0,0,DEL_CX4533,0,0,0,0,ONT,,,,,"315/274, Basement, Westend Marg, near Saket Metro Station, Saiyad ul Ajaib, Sainik Farm, New Delhi, Delhi 110030",Transfer Receipt,989DB2B63B78,2026-01-01
WIOM,002-MUMBAI,WM-03,Wiom ONT_SY-GPON-2000-WADONT-WHITE,Normal BAU,1,0,0,1,0,0,PCS,ELECTRONICS,,001-SAKET,WIOM Saket Warehouse,GRN/2025/2956,,2026-01-16T16:03:41,,WM-03,,,,TR-2425/13,TR-2425/13,2026-01-16T00:00:00,,Closed,,Mukul,Mukul,,,,NOD/2526/6031,SY103505,,0,,2025-09-11T00:00:00,,1950,TO/2425/131,Warehouse,,1,,,,,,,0,0,DEL_CX4533,0,0,0,0,ONT,,,,,"315/274, Basement, Westend Marg, near Saket Metro Station, Saiyad ul Ajaib, Sainik Farm, New Delhi, Delhi 110030",Transfer Receipt,989DB2B63530,2026-01-01
WIOM,002-MUMBAI,WM-03,Wiom ONT_SY-GPON-2000-WADONT-WHITE,Normal BAU,1,0,0,1,0,0,PCS,ELECTRONICS,,001-SAKET,WIOM Saket Warehouse,GRN/2025/2956,,2026-01-16T16:03:41,,WM-03,,,,TR-2425/13,TR-2425/13,2026-01-16T00:00:00,,Closed,,Mukul,Mukul,,,,NOD/2526/6031,SY103501,,0,,2025-09-11T00:00:00,,1950,TO/2425/131,Warehouse,,1,,,,,,,0,0,DEL_CX4533,0,0,0,0,ONT,,,,,"315/274, Basement, Westend Marg, near Saket Metro Station, Saiyad ul Ajaib, Sainik Farm, New Delhi, Delhi 110030",Transfer Receipt,989DB2B61FE0,2026-01-01
WIOM,002-MUMBAI,WM-03,Wiom ONT_SY-GPON-2000-WADONT-WHITE,Normal BAU,1,0,0,1,0,0,PCS,ELECTRONICS,,001-SAKET,WIOM Saket Warehouse,GRN/2025/2956,,2026-01-16T16:03:41,,WM-03,,,,TR-2425/13,TR-2425/13,2026-01-16T00:00:00,,Closed,,Mukul,Mukul,,,,NOD/2526/5732,SY101568,,0,,2025-09-04T00:00:00,,1950,TO/2425/131,Warehouse,,1,,,,,,,0,0,DEL_CX4078,0,0,0,0,ONT,,,,,"315/274, Basement, Westend Marg, near Saket Metro Station, Saiyad ul Ajaib, Sainik Farm, New Delhi, Delhi 110030",Transfer Receipt,989DB2B5F4D0,2026-01-01
WIOM,002-MUMBAI,WM-03,Wiom ONT_SY-GPON-2000-WADONT-WHITE,Normal BAU,1,0,0,1,0,0,PCS,ELECTRONICS,,001-SAKET,WIOM Saket Warehouse,GRN/2025/2956,,2026-01-16T16:03:41,,WM-03,,,,TR-2425/13,TR-2425/13,2026-01-16T00:00:00,,Closed,,Mukul,Mukul,,,,NOD/2526/5732,SY101598,,0,,2025-09-04T00:00:00,,1950,TO/2425/131,Warehouse,,1,,,,,,,0,0,DEL_CX4138,0,0,0,0,ONT,,,,,"315/274, Basement, Westend Marg, near Saket Metro Station, Saiyad ul Ajaib, Sainik Farm, New Delhi, Delhi 110030",Transfer Receipt,989DB2B5ECD8,2026-01-01
WIOM,002-MUMBAI,WM-03,Wiom ONT_SY-GPON-2000-WADONT-WHITE,Normal BAU,1,0,0,1,0,0,PCS,ELECTRONICS,,001-SAKET,WIOM Saket Warehouse,GRN/2025/2956,,2026-01-16T16:03:41,,WM-03,,,,TR-2425/13,TR-2425/13,2026-01-16T00:00:00,,Closed,,Mukul,Mukul,,,,NOD/2526/6031,SY103513,,0,,2025-09-11T00:00:00,,1950,TO/2425/131,Warehouse,,1,,,,,,,0,0,DEL_CX4533,0,0,0,0,ONT,,,,,"315/274, Basement, Westend Marg, near Saket Metro Station, Saiyad ul Ajaib, Sainik Farm, New Delhi, Delhi 110030",Transfer Receipt,989DB2B63820,2026-01-01
WIOM,002-MUMBAI,WM-03,Wiom ONT_SY-GPON-2000-WADONT-WHITE,Normal BAU,1,0,0,1,0,0,PCS,ELECTRONICS,,001-SAKET,WIOM Saket Warehouse,GRN/2025/2956,,2026-01-16T16:03:41,,WM-03,,,,TR-2425/13,TR-2425/13,2026-01-16T00:00:00,,Closed,,Mukul,Mukul,,,,NOD/2526/5732,SY101588,,0,,2025-09-04T00:00:00,,1950,TO/2425/131,Warehouse,,1,,,,,,,0,0,DEL_CX4138,0,0,0,0,ONT,,,,,"315/274, Basement, Westend Marg, near Saket Metro Station, Saiyad ul Ajaib, Sainik Farm, New Delhi, Delhi 110030",Transfer Receipt,989DB2B5FA58,2026-01-01
WIOM,002-MUMBAI,WM-03,Wiom ONT_SY-GPON-2000-WADONT-WHITE,Normal BAU,1,0,0,1,0,0,PCS,ELECTRONICS,,001-SAKET,WIOM Saket Warehouse,GRN/2025/2956,,2026-01-16T16:03:41,,WM-03,,,,TR-2425/13,TR-2425/13,2026-01-16T00:00:00,,Closed,,Mukul,Mukul,,,,NOD/2526/5732,SY101619,,0,,2025-09-04T00:00:00,,1950,TO/2425/131,Warehouse,,1,,,,,,,0,0,DEL_CX4138,0,0,0,0,ONT,,,,,"315/274, Basement, Westend Marg, near Saket Metro Station, Saiyad ul Ajaib, Sainik Farm, New Delhi, Delhi 110030",Transfer Receipt,989DB2B5DF50,2026-01-01
WIOM,002-MUMBAI,WM-03,Wiom ONT_SY-GPON-2000-WADONT-WHITE,Normal BAU,1,0,0,1,0,0,PCS,ELECTRONICS,,001-SAKET,WIOM Saket Warehouse,GRN/2025/2956,,2026-01-16T16:03:41,,WM-03,,,,TR-2425/13,TR-2425/13,2026-01-16T00:00:00,,Closed,,Mukul,Mukul,,,,NOD/2526/6031,SY103512,,0,,2025-09-11T00:00:00,,1950,TO/2425/131,Warehouse,,1,,,,,,,0,0,DEL_CX4533,0,0,0,0,ONT,,,,,"315/274, Basement, Westend Marg, near Saket Metro Station, Saiyad ul Ajaib, Sainik Farm, New Delhi, Delhi 110030",Transfer Receipt,989DB2B63EA0,2026-01-01
WIOM,002-MUMBAI,WM-03,Wiom ONT_SY-GPON-2000-WADONT-WHITE,Normal BAU,1,0,0,1,0,0,PCS,ELECTRONICS,,001-SAKET,WIOM Saket Warehouse,GRN/2025/2956,,2026-01-16T16:03:41,,WM-03,,,,TR-2425/13,TR-2425/13,2026-01-16T00:00:00,,Closed,,Mukul,Mukul,,,,NOD/2526/6031,SY103517,,0,,2025-09-11T00:00:00,,1950,TO/2425/131,Warehouse,,1,,,,,,,0,0,DEL_CX4533,0,0,0,0,ONT,,,,,"315/274, Basement, Westend Marg, near Saket Metro Station, Saiyad ul Ajaib, Sainik Farm, New Delhi, Delhi 110030",Transfer Receipt,989DB2B63E98,2026-01-01
WIOM,002-MUMBAI,WM-03,Wiom ONT_SY-GPON-2000-WADONT-WHITE,Normal BAU,1,0,0,1,0,0,PCS,ELECTRONICS,,001-SAKET,WIOM Saket Warehouse,GRN/2025/2956,,2026-01-16T16:03:41,,WM-03,,,,TR-2425/13,TR-2425/13,2026-01-16T00:00:00,,Closed,,Mukul,Mukul,,,,NOD/2526/6031,SY103514,,0,,2025-09-11T00:00:00,,1950,TO/2425/131,Warehouse,,1,,,,,,,0,0,DEL_CX4533,0,0,0,0,ONT,,,,,"315/274, Basement, Westend Marg, near Saket Metro Station, Saiyad ul Ajaib, Sainik Farm, New Delhi, Delhi 110030",Transfer Receipt,989DB2B63670,2026-01-01
WIOM,002-MUMBAI,WM-03,Wiom ONT_SY-GPON-2000-WADONT-WHITE,Normal BAU,1,0,0,1,0,0,PCS,ELECTRONICS,,001-SAKET,WIOM Saket Warehouse,GRN/2025/2956,,2026-01-16T16:03:41,,WM-03,,,,TR-2425/13,TR-2425/13,2026-01-16T00:00:00,,Closed,,Mukul,Mukul,,,,NOD/2526/6031,SY103508,,0,,2025-09-11T00:00:00,,1950,TO/2425/131,Warehouse,,1,,,,,,,0,0,DEL_CX4533,0,0,0,0,ONT,,,,,"315/274, Basement, Westend Marg, near Saket Metro Station, Saiyad ul Ajaib, Sainik Farm, New Delhi, Delhi 110030",Transfer Receipt,989DB2B63AC0,2026-01-01
WIOM,002-MUMBAI,WM-03,Wiom ONT_SY-GPON-2000-WADONT-WHITE,Normal BAU,1,0,0,1,0,0,PCS,ELECTRONICS,,001-SAKET,WIOM Saket Warehouse,GRN/2025/2956,,2026-01-16T16:03:41,,WM-03,,,,TR-2425/13,TR-2425/13,2026-01-16T00:00:00,,Closed,,Mukul,Mukul,,,,NOD/2526/5732,SY101624,,0,,2025-09-04T00:00:00,,1950,TO/2425/131,Warehouse,,1,,,,,,,0,0,DEL_CX4134,0,0,0,0,ONT,,,,,"315/274, Basement, Westend Marg, near Saket Metro Station, Saiyad ul Ajaib, Sainik Farm, New Delhi, Delhi 110030",Transfer Receipt,989DB2B5E270,2026-01-01
WIOM,002-MUMBAI,WM-03,Wiom ONT_SY-GPON-2000-WADONT-WHITE,Normal BAU,1,0,0,1,0,0,PCS,ELECTRONICS,,001-SAKET,WIOM Saket Warehouse,GRN/2025/2956,,2026-01-16T16:03:41,,WM-03,,,,TR-2425/13,TR-2425/13,2026-01-16T00:00:00,,Closed,,Mukul,Mukul,,,,NOD/2526/6031,SY103520,,0,,2025-09-11T00:00:00,,1950,TO/2425/131,Warehouse,,1,,,,,,,0,0,DEL_CX4533,0,0,0,0,ONT,,,,,"315/274, Basement, Westend Marg, near Saket Metro Station, Saiyad ul Ajaib, Sainik Farm, New Delhi, Delhi 110030",Transfer Receipt,989DB2B63518,2026-01-01
WIOM,002-MUMBAI,WM-03,Wiom ONT_SY-GPON-2000-WADONT-WHITE,Normal BAU,1,0,0,1,0,0,PCS,ELECTRONICS,,001-SAKET,WIOM Saket Warehouse,GRN/2025/2956,,2026-01-16T16:03:41,,WM-03,,,,TR-2425/13,TR-2425/13,2026-01-16T00:00:00,,Closed,,Mukul,Mukul,,,,NOD/2526/6031,SY103516,,0,,2025-09-11T00:00:00,,1950,TO/2425/131,Warehouse,,1,,,,,,,0,0,DEL_CX4533,0,0,0,0,ONT,,,,,"315/274, Basement, Westend Marg, near Saket Metro Station, Saiyad ul Ajaib, Sainik Farm, New Delhi, Delhi 110030",Transfer Receipt,989DB2B63E88,2026-01-01
WIOM,002-MUMBAI,WM-03,Wiom ONT_SY-GPON-2000-WADONT-WHITE,Normal BAU,1,0,0,1,0,0,PCS,ELECTRONICS,,001-SAKET,WIOM Saket Warehouse,GRN/2025/2956,,2026-01-16T16:03:41,,WM-03,,,,TR-2425/13,TR-2425/13,2026-01-16T00:00:00,,Closed,,Mukul,Mukul,,,,NOD/2526/5732,SY101605,,0,,2025-09-04T00:00:00,,1950,TO/2425/131,Warehouse,,1,,,,,,,0,0,DEL_CX4138,0,0,0,0,ONT,,,,,"315/274, Basement, Westend Marg, near Saket Metro Station, Saiyad ul Ajaib, Sainik Farm, New Delhi, Delhi 110030",Transfer Receipt,989DB2B5ECF0,2026-01-01
WIOM,002-MUMBAI,WM-03,Wiom ONT_SY-GPON-2000-WADONT-WHITE,Normal BAU,1,0,0,1,0,0,PCS,ELECTRONICS,,001-SAKET,WIOM Saket Warehouse,GRN/2025/2956,,2026-01-16T16:03:41,,WM-03,,,,TR-2425/13,TR-2425/13,2026-01-16T00:00:00,,Closed,,Mukul,Mukul,,,,NOD/2526/5732,SY101856,,0,,2025-09-04T00:00:00,,1950,TO/2425/131,Warehouse,,1,,,,,,,0,0,DEL_CX4126,0,0,0,0,ONT,,,,,"315/274, Basement, Westend Marg, near Saket Metro Station, Saiyad ul Ajaib, Sainik Farm, New Delhi, Delhi 110030",Transfer Receipt,989DB2B5DAD8,2026-01-01
WIOM,002-MUMBAI,WM-03,Wiom ONT_SY-GPON-2000-WADONT-WHITE,Normal BAU,1,0,0,1,0,0,PCS,ELECTRONICS,,001-SAKET,WIOM Saket Warehouse,GRN/2025/2956,,2026-01-16T16:03:41,,WM-03,,,,TR-2425/13,TR-2425/13,2026-01-16T00:00:00,,Closed,,Mukul,Mukul,,,,NOD/2526/6031,SY102842,,0,,2025-09-11T00:00:00,,1950,TO/2425/131,Warehouse,,1,,,,,,,0,0,DEL_CX4517,0,0,0,0,ONT,,,,,"315/274, Basement, Westend Marg, near Saket Metro Station, Saiyad ul Ajaib, Sainik Farm, New Delhi, Delhi 110030",Transfer Receipt,989DB2B621A8,2026-01-01
WIOM,002-MUMBAI,WM-03,Wiom ONT_SY-GPON-2000-WADONT-WHITE,Normal BAU,1,0,0,1,0,0,PCS,ELECTRONICS,,001-SAKET,WIOM Saket Warehouse,GRN/2025/2956,,2026-01-16T16:03:41,,WM-03,,,,TR-2425/13,TR-2425/13,2026-01-16T00:00:00,,Closed,,Mukul,Mukul,,,,NOD/2526/6031,SY103518,,0,,2025-09-11T00:00:00,,1950,TO/2425/131,Warehouse,,1,,,,,,,0,0,DEL_CX4533,0,0,0,0,ONT,,,,,"315/274, Basement, Westend Marg, near Saket Metro Station, Saiyad ul Ajaib, Sainik Farm, New Delhi, Delhi 110030",Transfer Receipt,989DB2B63778,2026-01-01
WIOM,002-MUMBAI,WM-03,Wiom ONT_SY-GPON-2000-WADONT-WHITE,Normal BAU,1,0,0,1,0,0,PCS,ELECTRONICS,,001-SAKET,WIOM Saket Warehouse,GRN/2025/2956,,2026-01-16T16:03:41,,WM-03,,,,TR-2425/13,TR-2425/13,2026-01-16T00:00:00,,Closed,,Mukul,Mukul,,,,NOD/2526/6031,SY103510,,0,,2025-09-11T00:00:00,,1950,TO/2425/131,Warehouse,,1,,,,,,,0,0,DEL_CX4533,0,0,0,0,ONT,,,,,"315/274, Basement, Westend Marg, near Saket Metro Station, Saiyad ul Ajaib, Sainik Farm, New Delhi, Delhi 110030",Transfer Receipt,989DB2B63AF8,2026-01-01
WIOM,002-MUMBAI,WM-03,Wiom ONT_SY-GPON-2000-WADONT-WHITE,Normal BAU,1,0,0,1,0,0,PCS,ELECTRONICS,,001-SAKET,WIOM Saket Warehouse,GRN/2025/2956,,2026-01-16T16:03:41,,WM-03,,,,TR-2425/13,TR-2425/13,2026-01-16T00:00:00,,Closed,,Mukul,Mukul,,,,NOD/2526/6031,SY103142,,0,,2025-09-11T00:00:00,,1950,TO/2425/131,Warehouse,,1,,,,,,,0,0,DEL_CX4520,0,0,0,0,ONT,,,,,"315/274, Basement, Westend Marg, near Saket Metro Station, Saiyad ul Ajaib, Sainik Farm, New Delhi, Delhi 110030",Transfer Receipt,989DB2B62590,2026-01-01
WIOM,002-MUMBAI,WM-03,Wiom ONT_SY-GPON-2000-WADONT-WHITE,Normal BAU,1,0,0,1,0,0,PCS,ELECTRONICS,,001-SAKET,WIOM Saket Warehouse,GRN/2025/2956,,2026-01-16T16:03:41,,WM-03,,,,TR-2425/13,TR-2425/13,2026-01-16T00:00:00,,Closed,,Mukul,Mukul,,,,NOD/2526/5732,SY101646,,0,,2025-09-04T00:00:00,,1950,TO/2425/131,Warehouse,,1,,,,,,,0,0,DEL_CX4103,0,0,0,0,ONT,,,,,"315/274, Basement, Westend Marg, near Saket Metro Station, Saiyad ul Ajaib, Sainik Farm, New Delhi, Delhi 110030",Transfer Receipt,989DB2B5E2E0,2026-01-01
WIOM,002-MUMBAI,WM-03,Wiom ONT_SY-GPON-2000-WADONT-WHITE,Normal BAU,1,0,0,1,0,0,PCS,ELECTRONICS,,001-SAKET,WIOM Saket Warehouse,GRN/2025/2956,,2026-01-16T16:03:41,,WM-03,,,,TR-2425/13,TR-2425/13,2026-01-16T00:00:00,,Closed,,Mukul,Mukul,,,,NOD/2526/6031,SY102889,,0,,2025-09-11T00:00:00,,1950,TO/2425/131,Warehouse,,1,,,,,,,0,0,DEL_CX4520,0,0,0,0,ONT,,,,,"315/274, Basement, Westend Marg, near Saket Metro Station, Saiyad ul Ajaib, Sainik Farm, New Delhi, Delhi 110030",Transfer Receipt,989DB2B62BC0,2026-01-01
WIOM,002-MUMBAI,WM-03,Wiom ONT_SY-GPON-2000-WADONT-WHITE,Normal BAU,1,0,0,1,0,0,PCS,ELECTRONICS,,001-SAKET,WIOM Saket Warehouse,GRN/2025/2956,,2026-01-16T16:03:41,,WM-03,,,,TR-2425/13,TR-2425/13,2026-01-16T00:00:00,,Closed,,Mukul,Mukul,,,,NOD/2526/5732,SY101655,,0,,2025-09-04T00:00:00,,1950,TO/2425/131,Warehouse,,1,,,,,,,0,0,DEL_CX4103,0,0,0,0,ONT,,,,,"315/274, Basement, Westend Marg, near Saket Metro Station, Saiyad ul Ajaib, Sainik Farm, New Delhi, Delhi 110030",Transfer Receipt,989DB2B5DCB8,2026-01-01
WIOM,002-MUMBAI,WM-03,Wiom ONT_SY-GPON-2000-WADONT-WHITE,Normal BAU,1,0,0,1,0,0,PCS,ELECTRONICS,,001-SAKET,WIOM Saket Warehouse,GRN/2025/2956,,2026-01-16T16:03:41,,WM-03,,,,TR-2425/13,TR-2425/13,2026-01-16T00:00:00,,Closed,,Mukul,Mukul,,,,NOD/2526/5732,SY101945,,0,,2025-09-04T00:00:00,,1950,TO/2425/131,Warehouse,,1,,,,,,,0,0,DEL_CX4103,0,0,0,0,ONT,,,,,"315/274, Basement, Westend Marg, near Saket Metro Station, Saiyad ul Ajaib, Sainik Farm, New Delhi, Delhi 110030",Transfer Receipt,989DB2B5E848,2026-01-01
WIOM,002-MUMBAI,WM-03,Wiom ONT_SY-GPON-2000-WADONT-WHITE,Normal BAU,1,0,0,1,0,0,PCS,ELECTRONICS,,001-SAKET,WIOM Saket Warehouse,GRN/2025/2956,,2026-01-16T16:03:41,,WM-03,,,,TR-2425/13,TR-2425/13,2026-01-16T00:00:00,,Closed,,Mukul,Mukul,,,,NOD/2526/6031,SY103085,,0,,2025-09-11T00:00:00,,1950,TO/2425/131,Warehouse,,1,,,,,,,0,0,DEL_CX4517,0,0,0,0,ONT,,,,,"315/274, Basement, Westend Marg, near Saket Metro Station, Saiyad ul Ajaib, Sainik Farm, New Delhi, Delhi 110030",Transfer Receipt,989DB2B5F9C8,2026-01-01
WIOM,002-MUMBAI,WM-03,Wiom ONT_SY-GPON-2000-WADONT-WHITE,Normal BAU,1,0,0,1,0,0,PCS,ELECTRONICS,,001-SAKET,WIOM Saket Warehouse,GRN/2025/2956,,2026-01-16T16:03:41,,WM-03,,,,TR-2425/13,TR-2425/13,2026-01-16T00:00:00,,Closed,,Mukul,Mukul,,,,NOD/2526/5732,SY101960,,0,,2025-09-04T00:00:00,,1950,TO/2425/131,Warehouse,,1,,,,,,,0,0,DEL_CX4103,0,0,0,0,ONT,,,,,"315/274, Basement, Westend Marg, near Saket Metro Station, Saiyad ul Ajaib, Sainik Farm, New Delhi, Delhi 110030",Transfer Receipt,989DB2B5ED50,2026-01-01
WIOM,002-MUMBAI,WM-03,Wiom ONT_SY-GPON-2000-WADONT-WHITE,Normal BAU,1,0,0,1,0,0,PCS,ELECTRONICS,,001-SAKET,WIOM Saket Warehouse,GRN/2025/2956,,2026-01-16T16:03:41,,WM-03,,,,TR-2425/13,TR-2425/13,2026-01-16T00:00:00,,Closed,,Mukul,Mukul,,,,NOD/2526/5732,SY101951,,0,,2025-09-04T00:00:00,,1950,TO/2425/131,Warehouse,,1,,,,,,,0,0,DEL_CX4103,0,0,0,0,ONT,,,,,"315/274, Basement, Westend Marg, near Saket Metro Station, Saiyad ul Ajaib, Sainik Farm, New Delhi, Delhi 110030",Transfer Receipt,989DB2B5FF68,2026-01-01
WIOM,002-MUMBAI,WM-03,Wiom ONT_SY-GPON-2000-WADONT-WHITE,Normal BAU,1,0,0,1,0,0,PCS,ELECTRONICS,,001-SAKET,WIOM Saket Warehouse,GRN/2025/2956,,2026-01-16T16:03:41,,WM-03,,,,TR-2425/13,TR-2425/13,2026-01-16T00:00:00,,Closed,,Mukul,Mukul,,,,NOD/2526/5732,SY101694,,0,,2025-09-04T00:00:00,,1950,TO/2425/131,Warehouse,,1,,,,,,,0,0,DEL_CX4137,0,0,0,0,ONT,,,,,"315/274, Basement, Westend Marg, near Saket Metro Station, Saiyad ul Ajaib, Sainik Farm, New Delhi, Delhi 110030",Transfer Receipt,989DB2B5DBC8,2026-01-01
WIOM,002-MUMBAI,WM-03,Wiom ONT_SY-GPON-2000-WADONT-WHITE,Normal BAU,1,0,0,1,0,0,PCS,ELECTRONICS,,001-SAKET,WIOM Saket Warehouse,GRN/2025/2956,,2026-01-16T16:03:41,,WM-03,,,,TR-2425/13,TR-2425/13,2026-01-16T00:00:00,,Closed,,Mukul,Mukul,,,,NOD/2526/6031,SY102746,,0,,2025-09-11T00:00:00,,1950,TO/2425/131,Warehouse,,1,,,,,,,0,0,DEL_CX4517,0,0,0,0,ONT,,,,,"315/274, Basement, Westend Marg, near Saket Metro Station, Saiyad ul Ajaib, Sainik Farm, New Delhi, Delhi 110030",Transfer Receipt,989DB2B61E90,2026-01-01
WIOM,002-MUMBAI,WM-03,Wiom ONT_SY-GPON-2000-WADONT-WHITE,Normal BAU,1,0,0,1,0,0,PCS,ELECTRONICS,,001-SAKET,WIOM Saket Warehouse,GRN/2025/2956,,2026-01-16T16:03:41,,WM-03,,,,TR-2425/13,TR-2425/13,2026-01-16T00:00:00,,Closed,,Mukul,Mukul,,,,NOD/2526/5732,SY101976,,0,,2025-09-04T00:00:00,,1950,TO/2425/131,Warehouse,,1,,,,,,,0,0,DEL_CX4138,0,0,0,0,ONT,,,,,"315/274, Basement, Westend Marg, near Saket Metro Station, Saiyad ul Ajaib, Sainik Farm, New Delhi, Delhi 110030",Transfer Receipt,989DB2B5F8F0,2026-01-01
WIOM,002-MUMBAI,WM-03,Wiom ONT_SY-GPON-2000-WADONT-WHITE,Normal BAU,1,0,0,1,0,0,PCS,ELECTRONICS,,001-SAKET,WIOM Saket Warehouse,GRN/2025/2956,,2026-01-16T16:03:41,,WM-03,,,,TR-2425/13,TR-2425/13,2026-01-16T00:00:00,,Closed,,Mukul,Mukul,,,,NOD/2526/6031,SY103113,,0,,2025-09-11T00:00:00,,1950,TO/2425/131,Warehouse,,1,,,,,,,0,0,DEL_CX4534,0,0,0,0,ONT,,,,,"315/274, Basement, Westend Marg, near Saket Metro Station, Saiyad ul Ajaib, Sainik Farm, New Delhi, Delhi 110030",Transfer Receipt,989DB2B62B80,2026-01-01
WIOM,002-MUMBAI,WM-03,Wiom ONT_SY-GPON-2000-WADONT-WHITE,Normal BAU,1,0,0,1,0,0,PCS,ELECTRONICS,,001-SAKET,WIOM Saket Warehouse,GRN/2025/2956,,2026-01-16T16:03:41,,WM-03,,,,TR-2425/13,TR-2425/13,2026-01-16T00:00:00,,Closed,,Mukul,Mukul,,,,NOD/2526/5732,SY101649,,0,,2025-09-04T00:00:00,,1950,TO/2425/131,Warehouse,,1,,,,,,,0,0,DEL_CX4103,0,0,0,0,ONT,,,,,"315/274, Basement, Westend Marg, near Saket Metro Station, Saiyad ul Ajaib, Sainik Farm, New Delhi, Delhi 110030",Transfer Receipt,989DB2B5E490,2026-01-01
WIOM,002-MUMBAI,WM-03,Wiom ONT_SY-GPON-2000-WADONT-WHITE,Normal BAU,1,0,0,1,0,0,PCS,ELECTRONICS,,001-SAKET,WIOM Saket Warehouse,GRN/2025/2956,,2026-01-16T16:03:41,,WM-03,,,,TR-2425/13,TR-2425/13,2026-01-16T00:00:00,,Closed,,Mukul,Mukul,,,,NOD/2526/6031,SY103105,,0,,2025-09-11T00:00:00,,1950,TO/2425/131,Warehouse,,1,,,,,,,0,0,DEL_CX4534,0,0,0,0,ONT,,,,,"315/274, Basement, Westend Marg, near Saket Metro Station, Saiyad ul Ajaib, Sainik Farm, New Delhi, Delhi 110030",Transfer Receipt,989DB2B63298,2026-01-01
WIOM,002-MUMBAI,WM-03,Wiom ONT_SY-GPON-2000-WADONT-WHITE,Normal BAU,1,0,0,1,0,0,PCS,ELECTRONICS,,001-SAKET,WIOM Saket Warehouse,GRN/2025/2956,,2026-01-16T16:03:41,,WM-03,,,,TR-2425/13,TR-2425/13,2026-01-16T00:00:00,,Closed,,Mukul,Mukul,,,,NOD/2526/5732,SY102138,,0,,2025-09-04T00:00:00,,1950,TO/2425/131,Warehouse,,1,,,,,,,0,0,DEL_CX4101,0,0,0,0,ONT,,,,,"315/274, Basement, Westend Marg, near Saket Metro Station, Saiyad ul Ajaib, Sainik Farm, New Delhi, Delhi 110030",Transfer Receipt,989DB2B60510,2026-01-01
WIOM,002-MUMBAI,WM-03,Wiom ONT_SY-GPON-2000-WADONT-WHITE,Normal BAU,1,0,0,1,0,0,PCS,ELECTRONICS,,001-SAKET,WIOM Saket Warehouse,GRN/2025/2956,,2026-01-16T16:03:41,,WM-03,,,,TR-2425/13,TR-2425/13,2026-01-16T00:00:00,,Closed,,Mukul,Mukul,,,,NOD/2526/5732,SY101757,,0,,2025-09-04T00:00:00,,1950,TO/2425/131,Warehouse,,1,,,,,,,0,0,DEL_CX4143,0,0,0,0,ONT,,,,,"315/274, Basement, Westend Marg, near Saket Metro Station, Saiyad ul Ajaib, Sainik Farm, New Delhi, Delhi 110030",Transfer Receipt,989DB2B5FF80,2026-01-01
WIOM,002-MUMBAI,WM-03,Wiom ONT_SY-GPON-2000-WADONT-WHITE,Normal BAU,1,0,0,1,0,0,PCS,ELECTRONICS,,001-SAKET,WIOM Saket Warehouse,GRN/2025/2956,,2026-01-16T16:03:41,,WM-03,,,,TR-2425/13,TR-2425/13,2026-01-16T00:00:00,,Closed,,Mukul,Mukul,,,,NOD/2526/5732,SY101710,,0,,2025-09-04T00:00:00,,1950,TO/2425/131,Warehouse,,1,,,,,,,0,0,DEL_CX4137,0,0,0,0,ONT,,,,,"315/274, Basement, Westend Marg, near Saket Metro Station, Saiyad ul Ajaib, Sainik Farm, New Delhi, Delhi 110030",Transfer Receipt,989DB2B605B8,2026-01-01
WIOM,002-MUMBAI,WM-03,Wiom ONT_SY-GPON-2000-WADONT-WHITE,Normal BAU,1,0,0,1,0,0,PCS,ELECTRONICS,,001-SAKET,WIOM Saket Warehouse,GRN/2025/2956,,2026-01-16T16:03:41,,WM-03,,,,TR-2425/13,TR-2425/13,2026-01-16T00:00:00,,Closed,,Mukul,Mukul,,,,NOD/2526/6031,SY103519,,0,,2025-09-11T00:00:00,,1950,TO/2425/131,Warehouse,,1,,,,,,,0,0,DEL_CX4533,0,0,0,0,ONT,,,,,"315/274, Basement, Westend Marg, near Saket Metro Station, Saiyad ul Ajaib, Sainik Farm, New Delhi, Delhi 110030",Transfer Receipt,989DB2B63630,2026-01-01
WIOM,002-MUMBAI,WM-03,Wiom ONT_SY-GPON-2000-WADONT-WHITE,Normal BAU,1,0,0,1,0,0,PCS,ELECTRONICS,,001-SAKET,WIOM Saket Warehouse,GRN/2025/2956,,2026-01-16T16:03:41,,WM-03,,,,TR-2425/13,TR-2425/13,2026-01-16T00:00:00,,Closed,,Mukul,Mukul,,,,NOD/2526/6031,SY103507,,0,,2025-09-11T00:00:00,,1950,TO/2425/131,Warehouse,,1,,,,,,,0,0,DEL_CX4533,0,0,0,0,ONT,,,,,"315/274, Basement, Westend Marg, near Saket Metro Station, Saiyad ul Ajaib, Sainik Farm, New Delhi, Delhi 110030",Transfer Receipt,989DB2B63580,2026-01-01
WIOM,002-MUMBAI,WM-03,Wiom ONT_SY-GPON-2000-WADONT-WHITE,Normal BAU,1,0,0,1,0,0,PCS,ELECTRONICS,,001-SAKET,WIOM Saket Warehouse,GRN/2025/2956,,2026-01-16T16:03:41,,WM-03,,,,TR-2425/13,TR-2425/13,2026-01-16T00:00:00,,Closed,,Mukul,Mukul,,,,NOD/2526/6031,SY103515,,0,,2025-09-11T00:00:00,,1950,TO/2425/131,Warehouse,,1,,,,,,,0,0,DEL_CX4533,0,0,0,0,ONT,,,,,"315/274, Basement, Westend Marg, near Saket Metro Station, Saiyad ul Ajaib, Sainik Farm, New Delhi, Delhi 110030",Transfer Receipt,989DB2B63590,2026-01-01
WIOM,002-MUMBAI,WM-03,Wiom ONT_SY-GPON-2000-WADONT-WHITE,Normal BAU,1,0,0,1,0,0,PCS,ELECTRONICS,,001-SAKET,WIOM Saket Warehouse,GRN/2025/2956,,2026-01-16T16:03:41,,WM-03,,,,TR-2425/13,TR-2425/13,2026-01-16T00:00:00,,Closed,,Mukul,Mukul,,,,NOD/2526/6031,SY103511,,0,,2025-09-11T00:00:00,,1950,TO/2425/131,Warehouse,,1,,,,,,,0,0,DEL_CX4533,0,0,0,0,ONT,,,,,"315/274, Basement, Westend Marg, near Saket Metro Station, Saiyad ul Ajaib, Sainik Farm, New Delhi, Delhi 110030",Transfer Receipt,989DB2B637A0,2026-01-01
WIOM,002-MUMBAI,WM-03,Wiom ONT_SY-GPON-2000-WADONT-WHITE,Normal BAU,1,0,0,1,0,0,PCS,ELECTRONICS,,001-SAKET,WIOM Saket Warehouse,GRN/2025/2956,,2026-01-16T16:03:41,,WM-03,,,,TR-2425/13,TR-2425/13,2026-01-16T00:00:00,,Closed,,Mukul,Mukul,,,,NOD/2526/6031,SY103146,,0,,2025-09-11T00:00:00,,1950,TO/2425/131,Warehouse,,1,,,,,,,0,0,DEL_CX4520,0,0,0,0,ONT,,,,,"315/274, Basement, Westend Marg, near Saket Metro Station, Saiyad ul Ajaib, Sainik Farm, New Delhi, Delhi 110030",Transfer Receipt,989DB2B62FC8,2026-01-01
WIOM,002-MUMBAI,WM-03,Wiom ONT_SY-GPON-2000-WADONT-WHITE,Normal BAU,1,0,0,1,0,0,PCS,ELECTRONICS,,001-SAKET,WIOM Saket Warehouse,GRN/2025/2956,,2026-01-16T16:03:41,,WM-03,,,,TR-2425/13,TR-2425/13,2026-01-16T00:00:00,,Closed,,Mukul,Mukul,,,,NOD/2526/6031,SY103149,,0,,2025-09-11T00:00:00,,1950,TO/2425/131,Warehouse,,1,,,,,,,0,0,DEL_CX4520,0,0,0,0,ONT,,,,,"315/274, Basement, Westend Marg, near Saket Metro Station, Saiyad ul Ajaib, Sainik Farm, New Delhi, Delhi 110030",Transfer Receipt,989DB2B627D0,2026-01-01
WIOM,002-MUMBAI,WM-03,Wiom ONT_SY-GPON-2000-WADONT-WHITE,Normal BAU,1,0,0,1,0,0,PCS,ELECTRONICS,,001-SAKET,WIOM Saket Warehouse,GRN/2025/2956,,2026-01-16T16:03:41,,WM-03,,,,TR-2425/13,TR-2425/13,2026-01-16T00:00:00,,Closed,,Mukul,Mukul,,,,NOD/2526/6031,SY103145,,0,,2025-09-11T00:00:00,,1950,TO/2425/131,Warehouse,,1,,,,,,,0,0,DEL_CX4520,0,0,0,0,ONT,,,,,"315/274, Basement, Westend Marg, near Saket Metro Station, Saiyad ul Ajaib, Sainik Farm, New Delhi, Delhi 110030",Transfer Receipt,989DB2B62568,2026-01-01
WIOM,002-MUMBAI,WM-03,Wiom ONT_SY-GPON-2000-WADONT-WHITE,Normal BAU,1,0,0,1,0,0,PCS,ELECTRONICS,,001-SAKET,WIOM Saket Warehouse,GRN/2025/2956,,2026-01-16T16:03:41,,WM-03,,,,TR-2425/13,TR-2425/13,2026-01-16T00:00:00,,Closed,,Mukul,Mukul,,,,NOD/2526/5732,SY101518,,0,,2025-09-04T00:00:00,,1950,TO/2425/131,Warehouse,,1,,,,,,,0,0,DEL_CX4125,0,0,0,0,ONT,,,,,"315/274, Basement, Westend Marg, near Saket Metro Station, Saiyad ul Ajaib, Sainik Farm, New Delhi, Delhi 110030",Transfer Receipt,989DB2B5E128,2026-01-01
WIOM,002-MUMBAI,WM-03,Wiom ONT_SY-GPON-2000-WADONT-WHITE,Normal BAU,1,0,0,1,0,0,PCS,ELECTRONICS,,001-SAKET,WIOM Saket Warehouse,GRN/2025/2956,,2026-01-16T16:03:41,,WM-03,,,,TR-2425/13,TR-2425/13,2026-01-16T00:00:00,,Closed,,Mukul,Mukul,,,,NOD/2526/5538,SY100123,,0,,2025-08-30T00:00:00,,1950,TO/2425/131,Warehouse,,1,,,,,,,0,0,DEL_CX3990,0,0,0,0,ONT,,,,,"315/274, Basement, Westend Marg, near Saket Metro Station, Saiyad ul Ajaib, Sainik Farm, New Delhi, Delhi 110030",Transfer Receipt,989DB2B5BCF8,2026-01-01
WIOM,002-MUMBAI,WM-03,Wiom ONT_SY-GPON-2000-WADONT-WHITE,Normal BAU,1,0,0,1,0,0,PCS,ELECTRONICS,,001-SAKET,WIOM Saket Warehouse,GRN/2025/2956,,2026-01-16T16:03:41,,WM-03,,,,TR-2425/13,TR-2425/13,2026-01-16T00:00:00,,Closed,,Mukul,Mukul,,,,NOD/2526/5732,SY101729,,0,,2025-09-04T00:00:00,,1950,TO/2425/131,Warehouse,,1,,,,,,,0,0,DEL_CX4137,0,0,0,0,ONT,,,,,"315/274, Basement, Westend Marg, near Saket Metro Station, Saiyad ul Ajaib, Sainik Farm, New Delhi, Delhi 110030",Transfer Receipt,989DB2B605D8,2026-01-01
WIOM,002-MUMBAI,WM-03,Wiom ONT_SY-GPON-2000-WADONT-WHITE,Normal BAU,1,0,0,1,0,0,PCS,ELECTRONICS,,001-SAKET,WIOM Saket Warehouse,GRN/2025/2956,,2026-01-16T16:03:41,,WM-03,,,,TR-2425/13,TR-2425/13,2026-01-16T00:00:00,,Closed,,Mukul,Mukul,,,,NOD/2526/5538,SY100121,,0,,2025-08-30T00:00:00,,1950,TO/2425/131,Warehouse,,1,,,,,,,0,0,DEL_CX3990,0,0,0,0,ONT,,,,,"315/274, Basement, Westend Marg, near Saket Metro Station, Saiyad ul Ajaib, Sainik Farm, New Delhi, Delhi 110030",Transfer Receipt,989DB2B5BB50,2026-01-01
WIOM,002-MUMBAI,WM-03,Wiom ONT_SY-GPON-2000-WADONT-WHITE,Normal BAU,1,0,0,1,0,0,PCS,ELECTRONICS,,001-SAKET,WIOM Saket Warehouse,GRN/2025/2956,,2026-01-16T16:03:41,,WM-03,,,,TR-2425/13,TR-2425/13,2026-01-16T00:00:00,,Closed,,Mukul,Mukul,,,,NOD/2526/5538,SY100122,,0,,2025-08-30T00:00:00,,1950,TO/2425/131,Warehouse,,1,,,,,,,0,0,DEL_CX3990,0,0,0,0,ONT,,,,,"315/274, Basement, Westend Marg, near Saket Metro Station, Saiyad ul Ajaib, Sainik Farm, New Delhi, Delhi 110030",Transfer Receipt,989DB2B5BCB8,2026-01-01
WIOM,002-MUMBAI,WM-03,Wiom ONT_SY-GPON-2000-WADONT-WHITE,Normal BAU,1,0,0,1,0,0,PCS,ELECTRONICS,,001-SAKET,WIOM Saket Warehouse,GRN/2025/2956,,2026-01-16T16:03:41,,WM-03,,,,TR-2425/13,TR-2425/13,2026-01-16T00:00:00,,Closed,,Mukul,Mukul,,,,NOD/2526/5732,SY101738,,0,,2025-09-04T00:00:00,,1950,TO/2425/131,Warehouse,,1,,,,,,,0,0,DEL_CX4137,0,0,0,0,ONT,,,,,"315/274, Basement, Westend Marg, near Saket Metro Station, Saiyad ul Ajaib, Sainik Farm, New Delhi, Delhi 110030",Transfer Receipt,989DB2B60320,2026-01-01
WIOM,002-MUMBAI,WM-03,Wiom ONT_SY-GPON-2000-WADONT-WHITE,Normal BAU,1,0,0,1,0,0,PCS,ELECTRONICS,,001-SAKET,WIOM Saket Warehouse,GRN/2025/2956,,2026-01-16T16:03:41,,WM-03,,,,TR-2425/13,TR-2425/13,2026-01-16T00:00:00,,Closed,,Mukul,Mukul,,,,NOD/2526/5538,SY100131,,0,,2025-08-30T00:00:00,,1950,TO/2425/131,Warehouse,,1,,,,,,,0,0,DEL_CX3990,0,0,0,0,ONT,,,,,"315/274, Basement, Westend Marg, near Saket Metro Station, Saiyad ul Ajaib, Sainik Farm, New Delhi, Delhi 110030",Transfer Receipt,989DB2B5BB10,2026-01-01
WIOM,002-MUMBAI,WM-03,Wiom ONT_SY-GPON-2000-WADONT-WHITE,Normal BAU,1,0,0,1,0,0,PCS,ELECTRONICS,,001-SAKET,WIOM Saket Warehouse,GRN/2025/2956,,2026-01-16T16:03:41,,WM-03,,,,TR-2425/13,TR-2425/13,2026-01-16T00:00:00,,Closed,,Mukul,Mukul,,,,NOD/2526/5732,SY102059,,0,,2025-09-04T00:00:00,,1950,TO/2425/131,Warehouse,,1,,,,,,,0,0,DEL_CX4105,0,0,0,0,ONT,,,,,"315/274, Basement, Westend Marg, near Saket Metro Station, Saiyad ul Ajaib, Sainik Farm, New Delhi, Delhi 110030",Transfer Receipt,989DB2B5F7A0,2026-01-01
WIOM,002-MUMBAI,WM-03,Wiom ONT_SY-GPON-2000-WADONT-WHITE,Normal BAU,1,0,0,1,0,0,PCS,ELECTRONICS,,001-SAKET,WIOM Saket Warehouse,GRN/2025/2956,,2026-01-16T16:03:41,,WM-03,,,,TR-2425/13,TR-2425/13,2026-01-16T00:00:00,,Closed,,Mukul,Mukul,,,,NOD/2526/5538,SY100129,,0,,2025-08-30T00:00:00,,1950,TO/2425/131,Warehouse,,1,,,,,,,0,0,DEL_CX3990,0,0,0,0,ONT,,,,,"315/274, Basement, Westend Marg, near Saket Metro Station, Saiyad ul Ajaib, Sainik Farm, New Delhi, Delhi 110030",Transfer Receipt,989DB2B5B660,2026-01-01
WIOM,002-MUMBAI,WM-03,Wiom ONT_SY-GPON-2000-WADONT-WHITE,Normal BAU,1,0,0,1,0,0,PCS,ELECTRONICS,,001-SAKET,WIOM Saket Warehouse,GRN/2025/2956,,2026-01-16T16:03:41,,WM-03,,,,TR-2425/13,TR-2425/13,2026-01-16T00:00:00,,Closed,,Mukul,Mukul,,,,NOD/2526/5732,SY101748,,0,,2025-09-04T00:00:00,,1950,TO/2425/131,Warehouse,,1,,,,,,,0,0,DEL_CX4142,0,0,0,0,ONT,,,,,"315/274, Basement, Westend Marg, near Saket Metro Station, Saiyad ul Ajaib, Sainik Farm, New Delhi, Delhi 110030",Transfer Receipt,989DB2B60408,2026-01-01
WIOM,002-MUMBAI,WM-03,Wiom ONT_SY-GPON-2000-WADONT-WHITE,Normal BAU,1,0,0,1,0,0,PCS,ELECTRONICS,,001-SAKET,WIOM Saket Warehouse,GRN/2025/2956,,2026-01-16T16:03:41,,WM-03,,,,TR-2425/13,TR-2425/13,2026-01-16T00:00:00,,Closed,,Mukul,Mukul,,,,NOD/2526/5538,SY100134,,0,,2025-08-30T00:00:00,,1950,TO/2425/131,Warehouse,,1,,,,,,,0,0,DEL_CX3990,0,0,0,0,ONT,,,,,"315/274, Basement, Westend Marg, near Saket Metro Station, Saiyad ul Ajaib, Sainik Farm, New Delhi, Delhi 110030",Transfer Receipt,989DB2B5BDF0,2026-01-01
WIOM,002-MUMBAI,WM-03,Wiom ONT_SY-GPON-2000-WADONT-WHITE,Normal BAU,1,0,0,1,0,0,PCS,ELECTRONICS,,001-SAKET,WIOM Saket Warehouse,GRN/2025/2956,,2026-01-16T16:03:41,,WM-03,,,,TR-2425/13,TR-2425/13,2026-01-16T00:00:00,,Closed,,Mukul,Mukul,,,,NOD/2526/5538,SY100133,,0,,2025-08-30T00:00:00,,1950,TO/2425/131,Warehouse,,1,,,,,,,0,0,DEL_CX3990,0,0,0,0,ONT,,,,,"315/274, Basement, Westend Marg, near Saket Metro Station, Saiyad ul Ajaib, Sainik Farm, New Delhi, Delhi 110030",Transfer Receipt,989DB2B5B650,2026-01-01
WIOM,002-MUMBAI,WM-03,Wiom ONT_SY-GPON-2000-WADONT-WHITE,Normal BAU,1,0,0,1,0,0,PCS,ELECTRONICS,,001-SAKET,WIOM Saket Warehouse,GRN/2025/2956,,2026-01-16T16:03:41,,WM-03,,,,TR-2425/13,TR-2425/13,2026-01-16T00:00:00,,Closed,,Mukul,Mukul,,,,NOD/2526/5538,SY100128,,0,,2025-08-30T00:00:00,,1950,TO/2425/131,Warehouse,,1,,,,,,,0,0,DEL_CX3990,0,0,0,0,ONT,,,,,"315/274, Basement, Westend Marg, near Saket Metro Station, Saiyad ul Ajaib, Sainik Farm, New Delhi, Delhi 110030",Transfer Receipt,989DB2B5B968,2026-01-01
WIOM,002-MUMBAI,WM-03,Wiom ONT_SY-GPON-2000-WADONT-WHITE,Normal BAU,1,0,0,1,0,0,PCS,ELECTRONICS,,001-SAKET,WIOM Saket Warehouse,GRN/2025/2956,,2026-01-16T16:03:41,,WM-03,,,,TR-2425/13,TR-2425/13,2026-01-16T00:00:00,,Closed,,Mukul,Mukul,,,,NOD/2526/5732,SY101753,,0,,2025-09-04T00:00:00,,1950,TO/2425/131,Warehouse,,1,,,,,,,0,0,DEL_CX4142,0,0,0,0,ONT,,,,,"315/274, Basement, Westend Marg, near Saket Metro Station, Saiyad ul Ajaib, Sainik Farm, New Delhi, Delhi 110030",Transfer Receipt,989DB2B5FEF8,2026-01-01
WIOM,002-MUMBAI,WM-03,Wiom ONT_SY-GPON-2000-WADONT-WHITE,Normal BAU,1,0,0,1,0,0,PCS,ELECTRONICS,,001-SAKET,WIOM Saket Warehouse,GRN/2025/2956,,2026-01-16T16:03:41,,WM-03,,,,TR-2425/13,TR-2425/13,2026-01-16T00:00:00,,Closed,,Mukul,Mukul,,,,NOD/2526/5538,SY100137,,0,,2025-08-30T00:00:00,,1950,TO/2425/131,Warehouse,,1,,,,,,,0,0,DEL_CX3990,0,0,0,0,ONT,,,,,"315/274, Basement, Westend Marg, near Saket Metro Station, Saiyad ul Ajaib, Sainik Farm, New Delhi, Delhi 110030",Transfer Receipt,989DB2B5BDB0,2026-01-01
WIOM,002-MUMBAI,WM-03,Wiom ONT_SY-GPON-2000-WADONT-WHITE,Normal BAU,1,0,0,1,0,0,PCS,ELECTRONICS,,001-SAKET,WIOM Saket Warehouse,GRN/2025/2956,,2026-01-16T16:03:41,,WM-03,,,,TR-2425/13,TR-2425/13,2026-01-16T00:00:00,,Closed,,Mukul,Mukul,,,,NOD/2526/5732,SY101756,,0,,2025-09-04T00:00:00,,1950,TO/2425/131,Warehouse,,1,,,,,,,0,0,DEL_CX4142,0,0,0,0,ONT,,,,,"315/274, Basement, Westend Marg, near Saket Metro Station, Saiyad ul Ajaib, Sainik Farm, New Delhi, Delhi 110030",Transfer Receipt,989DB2B5F9D8,2026-01-01
WIOM,002-MUMBAI,WM-03,Wiom ONT_SY-GPON-2000-WADONT-WHITE,Normal BAU,1,0,0,1,0,0,PCS,ELECTRONICS,,001-SAKET,WIOM Saket Warehouse,GRN/2025/2956,,2026-01-16T16:03:41,,WM-03,,,,TR-2425/13,TR-2425/13,2026-01-16T00:00:00,,Closed,,Mukul,Mukul,,,,NOD/2526/5538,SY100138,,0,,2025-08-30T00:00:00,,1950,TO/2425/131,Warehouse,,1,,,,,,,0,0,DEL_CX3990,0,0,0,0,ONT,,,,,"315/274, Basement, Westend Marg, near Saket Metro Station, Saiyad ul Ajaib, Sainik Farm, New Delhi, Delhi 110030",Transfer Receipt,989DB2B57690,2026-01-01
WIOM,002-MUMBAI,WM-03,Wiom ONT_SY-GPON-2000-WADONT-WHITE,Normal BAU,1,0,0,1,0,0,PCS,ELECTRONICS,,001-SAKET,WIOM Saket Warehouse,GRN/2025/2956,,2026-01-16T16:03:41,,WM-03,,,,TR-2425/13,TR-2425/13,2026-01-16T00:00:00,,Closed,,Mukul,Mukul,,,,NOD/2526/5538,SY100139,,0,,2025-08-30T00:00:00,,1950,TO/2425/131,Warehouse,,1,,,,,,,0,0,DEL_CX3990,0,0,0,0,ONT,,,,,"315/274, Basement, Westend Marg, near Saket Metro Station, Saiyad ul Ajaib, Sainik Farm, New Delhi, Delhi 110030",Transfer Receipt,989DB2B5BE78,2026-01-01
WIOM,002-MUMBAI,WM-03,Wiom ONT_SY-GPON-2000-WADONT-WHITE,Normal BAU,1,0,0,1,0,0,PCS,ELECTRONICS,,001-SAKET,WIOM Saket Warehouse,GRN/2025/2956,,2026-01-16T16:03:41,,WM-03,,,,TR-2425/13,TR-2425/13,2026-01-16T00:00:00,,Closed,,Mukul,Mukul,,,,NOD/2526/5538,SY100132,,0,,2025-08-30T00:00:00,,1950,TO/2425/131,Warehouse,,1,,,,,,,0,0,DEL_CX3990,0,0,0,0,ONT,,,,,"315/274, Basement, Westend Marg, near Saket Metro Station, Saiyad ul Ajaib, Sainik Farm, New Delhi, Delhi 110030",Transfer Receipt,989DB2B5C050,2026-01-01
WIOM,002-MUMBAI,WM-03,Wiom ONT_SY-GPON-2000-WADONT-WHITE,Normal BAU,1,0,0,1,0,0,PCS,ELECTRONICS,,001-SAKET,WIOM Saket Warehouse,GRN/2025/2956,,2026-01-16T16:03:41,,WM-03,,,,TR-2425/13,TR-2425/13,2026-01-16T00:00:00,,Closed,,Mukul,Mukul,,,,NOD/2526/5538,SY100130,,0,,2025-08-30T00:00:00,,1950,TO/2425/131,Warehouse,,1,,,,,,,0,0,DEL_CX3990,0,0,0,0,ONT,,,,,"315/274, Basement, Westend Marg, near Saket Metro Station, Saiyad ul Ajaib, Sainik Farm, New Delhi, Delhi 110030",Transfer Receipt,989DB2B5C030,2026-01-01
WIOM,002-MUMBAI,WM-03,Wiom ONT_SY-GPON-2000-WADONT-WHITE,Normal BAU,1,0,0,1,0,0,PCS,ELECTRONICS,,001-SAKET,WIOM Saket Warehouse,GRN/2025/2956,,2026-01-16T16:03:41,,WM-03,,,,TR-2425/13,TR-2425/13,2026-01-16T00:00:00,,Closed,,Mukul,Mukul,,,,NOD/2526/5538,SY100124,,0,,2025-08-30T00:00:00,,1950,TO/2425/131,Warehouse,,1,,,,,,,0,0,DEL_CX3990,0,0,0,0,ONT,,,,,"315/274, Basement, Westend Marg, near Saket Metro Station, Saiyad ul Ajaib, Sainik Farm, New Delhi, Delhi 110030",Transfer Receipt,989DB2B5BE68,2026-01-01
WIOM,002-MUMBAI,WM-03,Wiom ONT_SY-GPON-2000-WADONT-WHITE,Normal BAU,1,0,0,1,0,0,PCS,ELECTRONICS,,001-SAKET,WIOM Saket Warehouse,GRN/2025/2956,,2026-01-16T16:03:41,,WM-03,,,,TR-2425/13,TR-2425/13,2026-01-16T00:00:00,,Closed,,Mukul,Mukul,,,,NOD/2526/5538,SY100140,,0,,2025-08-30T00:00:00,,1950,TO/2425/131,Warehouse,,1,,,,,,,0,0,DEL_CX3990,0,0,0,0,ONT,,,,,"315/274, Basement, Westend Marg, near Saket Metro Station, Saiyad ul Ajaib, Sainik Farm, New Delhi, Delhi 110030",Transfer Receipt,989DB2B5B6E0,2026-01-01
WIOM,002-MUMBAI,WM-03,Wiom ONT_SY-GPON-2000-WADONT-WHITE,Normal BAU,1,0,0,1,0,0,PCS,ELECTRONICS,,001-SAKET,WIOM Saket Warehouse,GRN/2025/2956,,2026-01-16T16:03:41,,WM-03,,,,TR-2425/13,TR-2425/13,2026-01-16T00:00:00,,Closed,,Mukul,Mukul,,,,NOD/2526/5538,SY100762,,0,,2025-08-30T00:00:00,,1950,TO/2425/131,Warehouse,,1,,,,,,,0,0,DEL_CX4009,0,0,0,0,ONT,,,,,"315/274, Basement, Westend Marg, near Saket Metro Station, Saiyad ul Ajaib, Sainik Farm, New Delhi, Delhi 110030",Transfer Receipt,989DB2B5D680,2026-01-01
WIOM,002-MUMBAI,WM-03,Wiom ONT_SY-GPON-2000-WADONT-WHITE,Normal BAU,1,0,0,1,0,0,PCS,ELECTRONICS,,001-SAKET,WIOM Saket Warehouse,GRN/2025/2956,,2026-01-16T16:03:41,,WM-03,,,,TR-2425/13,TR-2425/13,2026-01-16T00:00:00,,Closed,,Mukul,Mukul,,,,NOD/2526/5732,SY102048,,0,,2025-09-04T00:00:00,,1950,TO/2425/131,Warehouse,,1,,,,,,,0,0,DEL_CX4105,0,0,0,0,ONT,,,,,"315/274, Basement, Westend Marg, near Saket Metro Station, Saiyad ul Ajaib, Sainik Farm, New Delhi, Delhi 110030",Transfer Receipt,989DB2B603C0,2026-01-01
WIOM,002-MUMBAI,WM-03,Wiom ONT_SY-GPON-2000-WADONT-WHITE,Normal BAU,1,0,0,1,0,0,PCS,ELECTRONICS,,001-SAKET,WIOM Saket Warehouse,GRN/2025/2956,,2026-01-16T16:03:41,,WM-03,,,,TR-2425/13,TR-2425/13,2026-01-16T00:00:00,,Closed,,Mukul,Mukul,,,,NOD/2526/5732,SY101828,,0,,2025-09-04T00:00:00,,1950,TO/2425/131,Warehouse,,1,,,,,,,0,0,DEL_CX4126,0,0,0,0,ONT,,,,,"315/274, Basement, Westend Marg, near Saket Metro Station, Saiyad ul Ajaib, Sainik Farm, New Delhi, Delhi 110030",Transfer Receipt,989DB2B5DCC8,2026-01-01
WIOM,002-MUMBAI,WM-03,Wiom ONT_SY-GPON-2000-WADONT-WHITE,Normal BAU,1,0,0,1,0,0,PCS,ELECTRONICS,,001-SAKET,WIOM Saket Warehouse,GRN/2025/2956,,2026-01-16T16:03:41,,WM-03,,,,TR-2425/13,TR-2425/13,2026-01-16T00:00:00,,Closed,,Mukul,Mukul,,,,NOD/2526/5538,SY100766,,0,,2025-08-30T00:00:00,,1950,TO/2425/131,Warehouse,,1,,,,,,,0,0,DEL_CX4009,0,0,0,0,ONT,,,,,"315/274, Basement, Westend Marg, near Saket Metro Station, Saiyad ul Ajaib, Sainik Farm, New Delhi, Delhi 110030",Transfer Receipt,989DB2B5D4E8,2026-01-01
WIOM,002-MUMBAI,WM-03,Wiom ONT_SY-GPON-2000-WADONT-WHITE,Normal BAU,1,0,0,1,0,0,PCS,ELECTRONICS,,001-SAKET,WIOM Saket Warehouse,GRN/2025/2956,,2026-01-16T16:03:41,,WM-03,,,,TR-2425/13,TR-2425/13,2026-01-16T00:00:00,,Closed,,Mukul,Mukul,,,,NOD/2526/5538,SY100767,,0,,2025-08-30T00:00:00,,1950,TO/2425/131,Warehouse,,1,,,,,,,0,0,DEL_CX4009,0,0,0,0,ONT,,,,,"315/274, Basement, Westend Marg, near Saket Metro Station, Saiyad ul Ajaib, Sainik Farm, New Delhi, Delhi 110030",Transfer Receipt,989DB2B5DA78,2026-01-01
WIOM,002-MUMBAI,WM-03,Wiom ONT_SY-GPON-2000-WADONT-WHITE,Normal BAU,1,0,0,1,0,0,PCS,ELECTRONICS,,001-SAKET,WIOM Saket Warehouse,GRN/2025/2956,,2026-01-16T16:03:41,,WM-03,,,,TR-2425/13,TR-2425/13,2026-01-16T00:00:00,,Closed,,Mukul,Mukul,,,,NOD/2526/5538,SY100765,,0,,2025-08-30T00:00:00,,1950,TO/2425/131,Warehouse,,1,,,,,,,0,0,DEL_CX4009,0,0,0,0,ONT,,,,,"315/274, Basement, Westend Marg, near Saket Metro Station, Saiyad ul Ajaib, Sainik Farm, New Delhi, Delhi 110030",Transfer Receipt,989DB2B5D638,2026-01-01
WIOM,002-MUMBAI,WM-03,Wiom ONT_SY-GPON-2000-WADONT-WHITE,Normal BAU,1,0,0,1,0,0,PCS,ELECTRONICS,,001-SAKET,WIOM Saket Warehouse,GRN/2025/2956,,2026-01-16T16:03:41,,WM-03,,,,TR-2425/13,TR-2425/13,2026-01-16T00:00:00,,Closed,,Mukul,Mukul,,,,NOD/2526/5538,SY100761,,0,,2025-08-30T00:00:00,,1950,TO/2425/131,Warehouse,,1,,,,,,,0,0,DEL_CX4009,0,0,0,0,ONT,,,,,"315/274, Basement, Westend Marg, near Saket Metro Station, Saiyad ul Ajaib, Sainik Farm, New Delhi, Delhi 110030",Transfer Receipt,989DB2B5D848,2026-01-01
WIOM,002-MUMBAI,WM-03,Wiom ONT_SY-GPON-2000-WADONT-WHITE,Normal BAU,1,0,0,1,0,0,PCS,ELECTRONICS,,001-SAKET,WIOM Saket Warehouse,GRN/2025/2956,,2026-01-16T16:03:41,,WM-03,,,,TR-2425/13,TR-2425/13,2026-01-16T00:00:00,,Closed,,Mukul,Mukul,,,,NOD/2526/5732,SY101838,,0,,2025-09-04T00:00:00,,1950,TO/2425/131,Warehouse,,1,,,,,,,0,0,DEL_CX4128,0,0,0,0,ONT,,,,,"315/274, Basement, Westend Marg, near Saket Metro Station, Saiyad ul Ajaib, Sainik Farm, New Delhi, Delhi 110030",Transfer Receipt,989DB2B5DD28,2026-01-01
WIOM,002-MUMBAI,WM-03,Wiom ONT_SY-GPON-2000-WADONT-WHITE,Normal BAU,1,0,0,1,0,0,PCS,ELECTRONICS,,001-SAKET,WIOM Saket Warehouse,GRN/2025/2956,,2026-01-16T16:03:41,,WM-03,,,,TR-2425/13,TR-2425/13,2026-01-16T00:00:00,,Closed,,Mukul,Mukul,,,,NOD/2526/5538,SY100768,,0,,2025-08-30T00:00:00,,1950,TO/2425/131,Warehouse,,1,,,,,,,0,0,DEL_CX4009,0,0,0,0,ONT,,,,,"315/274, Basement, Westend Marg, near Saket Metro Station, Saiyad ul Ajaib, Sainik Farm, New Delhi, Delhi 110030",Transfer Receipt,989DB2B5D978,2026-01-01
WIOM,002-MUMBAI,WM-03,Wiom ONT_SY-GPON-2000-WADONT-WHITE,Normal BAU,1,0,0,1,0,0,PCS,ELECTRONICS,,001-SAKET,WIOM Saket Warehouse,GRN/2025/2956,,2026-01-16T16:03:41,,WM-03,,,,TR-2425/13,TR-2425/13,2026-01-16T00:00:00,,Closed,,Mukul,Mukul,,,,NOD/2526/5538,SY100770,,0,,2025-08-30T00:00:00,,1950,TO/2425/131,Warehouse,,1,,,,,,,0,0,DEL_CX4009,0,0,0,0,ONT,,,,,"315/274, Basement, Westend Marg, near Saket Metro Station, Saiyad ul Ajaib, Sainik Farm, New Delhi, Delhi 110030",Transfer Receipt,989DB2B5D468,2026-01-01
WIOM,002-MUMBAI,WM-03,Wiom ONT_SY-GPON-2000-WADONT-WHITE,Normal BAU,1,0,0,1,0,0,PCS,ELECTRONICS,,001-SAKET,WIOM Saket Warehouse,GRN/2025/2956,,2026-01-16T16:03:41,,WM-03,,,,TR-2425/13,TR-2425/13,2026-01-16T00:00:00,,Closed,,Mukul,Mukul,,,,NOD/2526/5538,SY100769,,0,,2025-08-30T00:00:00,,1950,TO/2425/131,Warehouse,,1,,,,,,,0,0,DEL_CX4009,0,0,0,0,ONT,,,,,"315/274, Basement, Westend Marg, near Saket Metro Station, Saiyad ul Ajaib, Sainik Farm, New Delhi, Delhi 110030",Transfer Receipt,989DB2B5D168,2026-01-01
WIOM,002-MUMBAI,WM-03,Wiom ONT_SY-GPON-2000-WADONT-WHITE,Normal BAU,1,0,0,1,0,0,PCS,ELECTRONICS,,001-SAKET,WIOM Saket Warehouse,GRN/2025/2956,,2026-01-16T16:03:41,,WM-03,,,,TR-2425/13,TR-2425/13,2026-01-16T00:00:00,,Closed,,Mukul,Mukul,,,,NOD/2526/5732,SY101843,,0,,2025-09-04T00:00:00,,1950,TO/2425/131,Warehouse,,1,,,,,,,0,0,DEL_CX4126,0,0,0,0,ONT,,,,,"315/274, Basement, Westend Marg, near Saket Metro Station, Saiyad ul Ajaib, Sainik Farm, New Delhi, Delhi 110030",Transfer Receipt,989DB2B5E480,2026-01-01
WIOM,002-MUMBAI,WM-03,Wiom ONT_SY-GPON-2000-WADONT-WHITE,Normal BAU,1,0,0,1,0,0,PCS,ELECTRONICS,,001-SAKET,WIOM Saket Warehouse,GRN/2025/2956,,2026-01-16T16:03:41,,WM-03,,,,TR-2425/13,TR-2425/13,2026-01-16T00:00:00,,Closed,,Mukul,Mukul,,,,NOD/2526/5538,SY100775,,0,,2025-08-30T00:00:00,,1950,TO/2425/131,Warehouse,,1,,,,,,,0,0,DEL_CX4009,0,0,0,0,ONT,,,,,"315/274, Basement, Westend Marg, near Saket Metro Station, Saiyad ul Ajaib, Sainik Farm, New Delhi, Delhi 110030",Transfer Receipt,989DB2B5D8B8,2026-01-01
WIOM,002-MUMBAI,WM-03,Wiom ONT_SY-GPON-2000-WADONT-WHITE,Normal BAU,1,0,0,1,0,0,PCS,ELECTRONICS,,001-SAKET,WIOM Saket Warehouse,GRN/2025/2956,,2026-01-16T16:03:41,,WM-03,,,,TR-2425/13,TR-2425/13,2026-01-16T00:00:00,,Closed,,Mukul,Mukul,,,,NOD/2526/5538,SY100772,,0,,2025-08-30T00:00:00,,1950,TO/2425/131,Warehouse,,1,,,,,,,0,0,DEL_CX4009,0,0,0,0,ONT,,,,,"315/274, Basement, Westend Marg, near Saket Metro Station, Saiyad ul Ajaib, Sainik Farm, New Delhi, Delhi 110030",Transfer Receipt,989DB2B5D278,2026-01-01
WIOM,002-MUMBAI,WM-03,Wiom ONT_SY-GPON-2000-WADONT-WHITE,Normal BAU,1,0,0,1,0,0,PCS,ELECTRONICS,,001-SAKET,WIOM Saket Warehouse,GRN/2025/2956,,2026-01-16T16:03:41,,WM-03,,,,TR-2425/13,TR-2425/13,2026-01-16T00:00:00,,Closed,,Mukul,Mukul,,,,NOD/2526/5538,SY100774,,0,,2025-08-30T00:00:00,,1950,TO/2425/131,Warehouse,,1,,,,,,,0,0,DEL_CX4009,0,0,0,0,ONT,,,,,"315/274, Basement, Westend Marg, near Saket Metro Station, Saiyad ul Ajaib, Sainik Farm, New Delhi, Delhi 110030",Transfer Receipt,989DB2B5D600,2026-01-01
WIOM,002-MUMBAI,WM-03,Wiom ONT_SY-GPON-2000-WADONT-WHITE,Normal BAU,1,0,0,1,0,0,PCS,ELECTRONICS,,001-SAKET,WIOM Saket Warehouse,GRN/2025/2956,,2026-01-16T16:03:41,,WM-03,,,,TR-2425/13,TR-2425/13,2026-01-16T00:00:00,,Closed,,Mukul,Mukul,,,,NOD/2526/5538,SY100773,,0,,2025-08-30T00:00:00,,1950,TO/2425/131,Warehouse,,1,,,,,,,0,0,DEL_CX4009,0,0,0,0,ONT,,,,,"315/274, Basement, Westend Marg, near Saket Metro Station, Saiyad ul Ajaib, Sainik Farm, New Delhi, Delhi 110030",Transfer Receipt,989DB2B5D3B0,2026-01-01
WIOM,002-MUMBAI,WM-03,Wiom ONT_SY-GPON-2000-WADONT-WHITE,Normal BAU,1,0,0,1,0,0,PCS,ELECTRONICS,,001-SAKET,WIOM Saket Warehouse,GRN/2025/2956,,2026-01-16T16:03:41,,WM-03,,,,TR-2425/13,TR-2425/13,2026-01-16T00:00:00,,Closed,,Mukul,Mukul,,,,NOD/2526/5538,SY100764,,0,,2025-08-30T00:00:00,,1950,TO/2425/131,Warehouse,,1,,,,,,,0,0,DEL_CX4009,0,0,0,0,ONT,,,,,"315/274, Basement, Westend Marg, near Saket Metro Station, Saiyad ul Ajaib, Sainik Farm, New Delhi, Delhi 110030",Transfer Receipt,989DB2B5D6D0,2026-01-01
WIOM,002-MUMBAI,WM-03,Wiom ONT_SY-GPON-2000-WADONT-WHITE,Normal BAU,1,0,0,1,0,0,PCS,ELECTRONICS,,001-SAKET,WIOM Saket Warehouse,GRN/2025/2956,,2026-01-16T16:03:41,,WM-03,,,,TR-2425/13,TR-2425/13,2026-01-16T00:00:00,,Closed,,Mukul,Mukul,,,,NOD/2526/5538,SY100136,,0,,2025-08-30T00:00:00,,1950,TO/2425/131,Warehouse,,1,,,,,,,0,0,DEL_CX3990,0,0,0,0,ONT,,,,,"315/274, Basement, Westend Marg, near Saket Metro Station, Saiyad ul Ajaib, Sainik Farm, New Delhi, Delhi 110030",Transfer Receipt,989DB2B5B6D0,2026-01-01
WIOM,002-MUMBAI,WM-03,Wiom ONT_SY-GPON-2000-WADONT-WHITE,Normal BAU,1,0,0,1,0,0,PCS,ELECTRONICS,,001-SAKET,WIOM Saket Warehouse,GRN/2025/2956,,2026-01-16T16:03:41,,WM-03,,,,TR-2425/13,TR-2425/13,2026-01-16T00:00:00,,Closed,,Mukul,Mukul,,,,NOD/2526/5538,SY100126,,0,,2025-08-30T00:00:00,,1950,TO/2425/131,Warehouse,,1,,,,,,,0,0,DEL_CX3990,0,0,0,0,ONT,,,,,"315/274, Basement, Westend Marg, near Saket Metro Station, Saiyad ul Ajaib, Sainik Farm, New Delhi, Delhi 110030",Transfer Receipt,989DB2B5B9F0,2026-01-01
WIOM,002-MUMBAI,WM-03,Wiom ONT_SY-GPON-2000-WADONT-WHITE,Normal BAU,1,0,0,1,0,0,PCS,ELECTRONICS,,001-SAKET,WIOM Saket Warehouse,GRN/2025/2956,,2026-01-16T16:03:41,,WM-03,,,,TR-2425/13,TR-2425/13,2026-01-16T00:00:00,,Closed,,Mukul,Mukul,,,,NOD/2526/5732,SY101851,,0,,2025-09-04T00:00:00,,1950,TO/2425/131,Warehouse,,1,,,,,,,0,0,DEL_CX4126,0,0,0,0,ONT,,,,,"315/274, Basement, Westend Marg, near Saket Metro Station, Saiyad ul Ajaib, Sainik Farm, New Delhi, Delhi 110030",Transfer Receipt,989DB2B5DCE0,2026-01-01
WIOM,002-MUMBAI,WM-03,Wiom ONT_SY-GPON-2000-WADONT-WHITE,Normal BAU,1,0,0,1,0,0,PCS,ELECTRONICS,,001-SAKET,WIOM Saket Warehouse,GRN/2025/2956,,2026-01-16T16:03:41,,WM-03,,,,TR-2425/13,TR-2425/13,2026-01-16T00:00:00,,Closed,,Mukul,Mukul,,,,NOD/2526/5538,SY100861,,0,,2025-08-30T00:00:00,,1950,TO/2425/131,Warehouse,,1,,,,,,,0,0,DEL_CX3993,0,0,0,0,ONT,,,,,"315/274, Basement, Westend Marg, near Saket Metro Station, Saiyad ul Ajaib, Sainik Farm, New Delhi, Delhi 110030",Transfer Receipt,989DB2B55418,2026-01-01
WIOM,002-MUMBAI,WM-03,Wiom ONT_SY-GPON-2000-WADONT-WHITE,Normal BAU,1,0,0,1,0,0,PCS,ELECTRONICS,,001-SAKET,WIOM Saket Warehouse,GRN/2025/2956,,2026-01-16T16:03:41,,WM-03,,,,TR-2425/13,TR-2425/13,2026-01-16T00:00:00,,Closed,,Mukul,Mukul,,,,NOD/2526/5538,SY100862,,0,,2025-08-30T00:00:00,,1950,TO/2425/131,Warehouse,,1,,,,,,,0,0,DEL_CX3993,0,0,0,0,ONT,,,,,"315/274, Basement, Westend Marg, near Saket Metro Station, Saiyad ul Ajaib, Sainik Farm, New Delhi, Delhi 110030",Transfer Receipt,989DB2B576D0,2026-01-01
WIOM,002-MUMBAI,WM-03,Wiom ONT_SY-GPON-2000-WADONT-WHITE,Normal BAU,1,0,0,1,0,0,PCS,ELECTRONICS,,001-SAKET,WIOM Saket Warehouse,GRN/2025/2956,,2026-01-16T16:03:41,,WM-03,,,,TR-2425/13,TR-2425/13,2026-01-16T00:00:00,,Closed,,Mukul,Mukul,,,,NOD/2526/5732,SY101862,,0,,2025-09-04T00:00:00,,1950,TO/2425/131,Warehouse,,1,,,,,,,0,0,DEL_CX4125,0,0,0,0,ONT,,,,,"315/274, Basement, Westend Marg, near Saket Metro Station, Saiyad ul Ajaib, Sainik Farm, New Delhi, Delhi 110030",Transfer Receipt,989DB2B5EA18,2026-01-01
WIOM,002-MUMBAI,WM-03,Wiom ONT_SY-GPON-2000-WADONT-WHITE,Normal BAU,1,0,0,1,0,0,PCS,ELECTRONICS,,001-SAKET,WIOM Saket Warehouse,GRN/2025/2956,,2026-01-16T16:03:41,,WM-03,,,,TR-2425/13,TR-2425/13,2026-01-16T00:00:00,,Closed,,Mukul,Mukul,,,,NOD/2526/5538,SY100865,,0,,2025-08-30T00:00:00,,1950,TO/2425/131,Warehouse,,1,,,,,,,0,0,DEL_CX3993,0,0,0,0,ONT,,,,,"315/274, Basement, Westend Marg, near Saket Metro Station, Saiyad ul Ajaib, Sainik Farm, New Delhi, Delhi 110030",Transfer Receipt,989DB2B5D210,2026-01-01
WIOM,002-MUMBAI,WM-03,Wiom ONT_SY-GPON-2000-WADONT-WHITE,Normal BAU,1,0,0,1,0,0,PCS,ELECTRONICS,,001-SAKET,WIOM Saket Warehouse,GRN/2025/2956,,2026-01-16T16:03:41,,WM-03,,,,TR-2425/13,TR-2425/13,2026-01-16T00:00:00,,Closed,,Mukul,Mukul,,,,NOD/2526/5538,SY100780,,0,,2025-08-30T00:00:00,,1950,TO/2425/131,Warehouse,,1,,,,,,,0,0,DEL_CX4009,0,0,0,0,ONT,,,,,"315/274, Basement, Westend Marg, near Saket Metro Station, Saiyad ul Ajaib, Sainik Farm, New Delhi, Delhi 110030",Transfer Receipt,989DB2B5D7E8,2026-01-01
WIOM,002-MUMBAI,WM-03,Wiom ONT_SY-GPON-2000-WADONT-WHITE,Normal BAU,1,0,0,1,0,0,PCS,ELECTRONICS,,001-SAKET,WIOM Saket Warehouse,GRN/2025/2956,,2026-01-16T16:03:41,,WM-03,,,,TR-2425/13,TR-2425/13,2026-01-16T00:00:00,,Closed,,Mukul,Mukul,,,,NOD/2526/5538,SY100863,,0,,2025-08-30T00:00:00,,1950,TO/2425/131,Warehouse,,1,,,,,,,0,0,DEL_CX3993,0,0,0,0,ONT,,,,,"315/274, Basement, Westend Marg, near Saket Metro Station, Saiyad ul Ajaib, Sainik Farm, New Delhi, Delhi 110030",Transfer Receipt,989DB2B5D2A8,2026-01-01
WIOM,002-MUMBAI,WM-03,Wiom ONT_SY-GPON-2000-WADONT-WHITE,Normal BAU,1,0,0,1,0,0,PCS,ELECTRONICS,,001-SAKET,WIOM Saket Warehouse,GRN/2025/2956,,2026-01-16T16:03:41,,WM-03,,,,TR-2425/13,TR-2425/13,2026-01-16T00:00:00,,Closed,,Mukul,Mukul,,,,NOD/2526/5538,SY100776,,0,,2025-08-30T00:00:00,,1950,TO/2425/131,Warehouse,,1,,,,,,,0,0,DEL_CX4009,0,0,0,0,ONT,,,,,"315/274, Basement, Westend Marg, near Saket Metro Station, Saiyad ul Ajaib, Sainik Farm, New Delhi, Delhi 110030",Transfer Receipt,989DB2B5D310,2026-01-01
WIOM,002-MUMBAI,WM-03,Wiom ONT_SY-GPON-2000-WADONT-WHITE,Normal BAU,1,0,0,1,0,0,PCS,ELECTRONICS,,001-SAKET,WIOM Saket Warehouse,GRN/2025/2956,,2026-01-16T16:03:41,,WM-03,,,,TR-2425/13,TR-2425/13,2026-01-16T00:00:00,,Closed,,Mukul,Mukul,,,,NOD/2526/5732,SY101870,,0,,2025-09-04T00:00:00,,1950,TO/2425/131,Warehouse,,1,,,,,,,0,0,DEL_CX4125,0,0,0,0,ONT,,,,,"315/274, Basement, Westend Marg, near Saket Metro Station, Saiyad ul Ajaib, Sainik Farm, New Delhi, Delhi 110030",Transfer Receipt,989DB2B5F720,2026-01-01
WIOM,002-MUMBAI,WM-03,Wiom ONT_SY-GPON-2000-WADONT-WHITE,Normal BAU,1,0,0,1,0,0,PCS,ELECTRONICS,,001-SAKET,WIOM Saket Warehouse,GRN/2025/2956,,2026-01-16T16:03:41,,WM-03,,,,TR-2425/13,TR-2425/13,2026-01-16T00:00:00,,Closed,,Mukul,Mukul,,,,NOD/2526/5538,SY100871,,0,,2025-08-30T00:00:00,,1950,TO/2425/131,Warehouse,,1,,,,,,,0,0,DEL_CX3993,0,0,0,0,ONT,,,,,"315/274, Basement, Westend Marg, near Saket Metro Station, Saiyad ul Ajaib, Sainik Farm, New Delhi, Delhi 110030",Transfer Receipt,989DB2B5CD28,2026-01-01
WIOM,002-MUMBAI,WM-03,Wiom ONT_SY-GPON-2000-WADONT-WHITE,Normal BAU,1,0,0,1,0,0,PCS,ELECTRONICS,,001-SAKET,WIOM Saket Warehouse,GRN/2025/2956,,2026-01-16T16:03:41,,WM-03,,,,TR-2425/13,TR-2425/13,2026-01-16T00:00:00,,Closed,,Mukul,Mukul,,,,NOD/2526/5538,SY100869,,0,,2025-08-30T00:00:00,,1950,TO/2425/131,Warehouse,,1,,,,,,,0,0,DEL_CX3993,0,0,0,0,ONT,,,,,"315/274, Basement, Westend Marg, near Saket Metro Station, Saiyad ul Ajaib, Sainik Farm, New Delhi, Delhi 110030",Transfer Receipt,989DB2B5CBF0,2026-01-01
WIOM,002-MUMBAI,WM-03,Wiom ONT_SY-GPON-2000-WADONT-WHITE,Normal BAU,1,0,0,1,0,0,PCS,ELECTRONICS,,001-SAKET,WIOM Saket Warehouse,GRN/2025/2956,,2026-01-16T16:03:41,,WM-03,,,,TR-2425/13,TR-2425/13,2026-01-16T00:00:00,,Closed,,Mukul,Mukul,,,,NOD/2526/5538,SY100864,,0,,2025-08-30T00:00:00,,1950,TO/2425/131,Warehouse,,1,,,,,,,0,0,DEL_CX3993,0,0,0,0,ONT,,,,,"315/274, Basement, Westend Marg, near Saket Metro Station, Saiyad ul Ajaib, Sainik Farm, New Delhi, Delhi 110030",Transfer Receipt,989DB2B5C518,2026-01-01
WIOM,002-MUMBAI,WM-03,Wiom ONT_SY-GPON-2000-WADONT-WHITE,Normal BAU,1,0,0,1,0,0,PCS,ELECTRONICS,,001-SAKET,WIOM Saket Warehouse,GRN/2025/2956,,2026-01-16T16:03:41,,WM-03,,,,TR-2425/13,TR-2425/13,2026-01-16T00:00:00,,Closed,,Mukul,Mukul,,,,NOD/2526/5538,SY100868,,0,,2025-08-30T00:00:00,,1950,TO/2425/131,Warehouse,,1,,,,,,,0,0,DEL_CX3993,0,0,0,0,ONT,,,,,"315/274, Basement, Westend Marg, near Saket Metro Station, Saiyad ul Ajaib, Sainik Farm, New Delhi, Delhi 110030",Transfer Receipt,989DB2B55DB0,2026-01-01
WIOM,002-MUMBAI,WM-03,Wiom ONT_SY-GPON-2000-WADONT-WHITE,Normal BAU,1,0,0,1,0,0,PCS,ELECTRONICS,,001-SAKET,WIOM Saket Warehouse,GRN/2025/2956,,2026-01-16T16:03:41,,WM-03,,,,TR-2425/13,TR-2425/13,2026-01-16T00:00:00,,Closed,,Mukul,Mukul,,,,NOD/2526/5538,SY100874,,0,,2025-08-30T00:00:00,,1950,TO/2425/131,Warehouse,,1,,,,,,,0,0,DEL_CX3993,0,0,0,0,ONT,,,,,"315/274, Basement, Westend Marg, near Saket Metro Station, Saiyad ul Ajaib, Sainik Farm, New Delhi, Delhi 110030",Transfer Receipt,989DB2B5CC48,2026-01-01
WIOM,002-MUMBAI,WM-03,Wiom ONT_SY-GPON-2000-WADONT-WHITE,Normal BAU,1,0,0,1,0,0,PCS,ELECTRONICS,,001-SAKET,WIOM Saket Warehouse,GRN/2025/2956,,2026-01-16T16:03:41,,WM-03,,,,TR-2425/13,TR-2425/13,2026-01-16T00:00:00,,Closed,,Mukul,Mukul,,,,NOD/2526/5538,SY100873,,0,,2025-08-30T00:00:00,,1950,TO/2425/131,Warehouse,,1,,,,,,,0,0,DEL_CX3993,0,0,0,0,ONT,,,,,"315/274, Basement, Westend Marg, near Saket Metro Station, Saiyad ul Ajaib, Sainik Farm, New Delhi, Delhi 110030",Transfer Receipt,989DB2B5D1C0,2026-01-01
WIOM,002-MUMBAI,WM-03,Wiom ONT_SY-GPON-2000-WADONT-WHITE,Normal BAU,1,0,0,1,0,0,PCS,ELECTRONICS,,001-SAKET,WIOM Saket Warehouse,GRN/2025/2956,,2026-01-16T16:03:41,,WM-03,,,,TR-2425/13,TR-2425/13,2026-01-16T00:00:00,,Closed,,Mukul,Mukul,,,,NOD/2526/5538,SY100870,,0,,2025-08-30T00:00:00,,1950,TO/2425/131,Warehouse,,1,,,,,,,0,0,DEL_CX3993,0,0,0,0,ONT,,,,,"315/274, Basement, Westend Marg, near Saket Metro Station, Saiyad ul Ajaib, Sainik Farm, New Delhi, Delhi 110030",Transfer Receipt,989DB2B5C6F8,2026-01-01
WIOM,002-MUMBAI,WM-03,Wiom ONT_SY-GPON-2000-WADONT-WHITE,Normal BAU,1,0,0,1,0,0,PCS,ELECTRONICS,,001-SAKET,WIOM Saket Warehouse,GRN/2025/2956,,2026-01-16T16:03:41,,WM-03,,,,TR-2425/13,TR-2425/13,2026-01-16T00:00:00,,Closed,,Mukul,Mukul,,,,NOD/2526/5538,SY100866,,0,,2025-08-30T00:00:00,,1950,TO/2425/131,Warehouse,,1,,,,,,,0,0,DEL_CX3993,0,0,0,0,ONT,,,,,"315/274, Basement, Westend Marg, near Saket Metro Station, Saiyad ul Ajaib, Sainik Farm, New Delhi, Delhi 110030",Transfer Receipt,989DB2B560C8,2026-01-01
WIOM,002-MUMBAI,WM-03,Wiom ONT_SY-GPON-2000-WADONT-WHITE,Normal BAU,1,0,0,1,0,0,PCS,ELECTRONICS,,001-SAKET,WIOM Saket Warehouse,GRN/2025/2956,,2026-01-16T16:03:41,,WM-03,,,,TR-2425/13,TR-2425/13,2026-01-16T00:00:00,,Closed,,Mukul,Mukul,,,,NOD/2526/5538,SY100778,,0,,2025-08-30T00:00:00,,1950,TO/2425/131,Warehouse,,1,,,,,,,0,0,DEL_CX4009,0,0,0,0,ONT,,,,,"315/274, Basement, Westend Marg, near Saket Metro Station, Saiyad ul Ajaib, Sainik Farm, New Delhi, Delhi 110030",Transfer Receipt,989DB2B5D270,2026-01-01
WIOM,002-MUMBAI,WM-03,Wiom ONT_SY-GPON-2000-WADONT-WHITE,Normal BAU,1,0,0,1,0,0,PCS,ELECTRONICS,,001-SAKET,WIOM Saket Warehouse,GRN/2025/2956,,2026-01-16T16:03:41,,WM-03,,,,TR-2425/13,TR-2425/13,2026-01-16T00:00:00,,Closed,,Mukul,Mukul,,,,NOD/2526/5732,SY101938,,0,,2025-09-04T00:00:00,,1950,TO/2425/131,Warehouse,,1,,,,,,,0,0,DEL_CX4137,0,0,0,0,ONT,,,,,"315/274, Basement, Westend Marg, near Saket Metro Station, Saiyad ul Ajaib, Sainik Farm, New Delhi, Delhi 110030",Transfer Receipt,989DB2B5F358,2026-01-01
WIOM,002-MUMBAI,WM-03,Wiom ONT_SY-GPON-2000-WADONT-WHITE,Normal BAU,1,0,0,1,0,0,PCS,ELECTRONICS,,001-SAKET,WIOM Saket Warehouse,GRN/2025/2956,,2026-01-16T16:03:41,,WM-03,,,,TR-2425/13,TR-2425/13,2026-01-16T00:00:00,,Closed,,Mukul,Mukul,,,,NOD/2526/5732,SY101948,,0,,2025-09-04T00:00:00,,1950,TO/2425/131,Warehouse,,1,,,,,,,0,0,DEL_CX4103,0,0,0,0,ONT,,,,,"315/274, Basement, Westend Marg, near Saket Metro Station, Saiyad ul Ajaib, Sainik Farm, New Delhi, Delhi 110030",Transfer Receipt,989DB2B5FDE0,2026-01-01
WIOM,002-MUMBAI,WM-03,Wiom ONT_SY-GPON-2000-WADONT-WHITE,Normal BAU,1,0,0,1,0,0,PCS,ELECTRONICS,,001-SAKET,WIOM Saket Warehouse,GRN/2025/2956,,2026-01-16T16:03:41,,WM-03,,,,TR-2425/13,TR-2425/13,2026-01-16T00:00:00,,Closed,,Mukul,Mukul,,,,NOD/2526/5538,SY100879,,0,,2025-08-30T00:00:00,,1950,TO/2425/131,Warehouse,,1,,,,,,,0,0,DEL_CX3993,0,0,0,0,ONT,,,,,"315/274, Basement, Westend Marg, near Saket Metro Station, Saiyad ul Ajaib, Sainik Farm, New Delhi, Delhi 110030",Transfer Receipt,989DB2B56080,2026-01-01
WIOM,002-MUMBAI,WM-03,Wiom ONT_SY-GPON-2000-WADONT-WHITE,Normal BAU,1,0,0,1,0,0,PCS,ELECTRONICS,,001-SAKET,WIOM Saket Warehouse,GRN/2025/2956,,2026-01-16T16:03:41,,WM-03,,,,TR-2425/13,TR-2425/13,2026-01-16T00:00:00,,Closed,,Mukul,Mukul,,,,NOD/2526/5732,SY102086,,0,,2025-09-04T00:00:00,,1950,TO/2425/131,Warehouse,,1,,,,,,,0,0,DEL_CX4126,0,0,0,0,ONT,,,,,"315/274, Basement, Westend Marg, near Saket Metro Station, Saiyad ul Ajaib, Sainik Farm, New Delhi, Delhi 110030",Transfer Receipt,989DB2B5F638,2026-01-01
WIOM,002-MUMBAI,WM-03,Wiom ONT_SY-GPON-2000-WADONT-WHITE,Normal BAU,1,0,0,1,0,0,PCS,ELECTRONICS,,001-SAKET,WIOM Saket Warehouse,GRN/2025/2956,,2026-01-16T16:03:41,,WM-03,,,,TR-2425/13,TR-2425/13,2026-01-16T00:00:00,,Closed,,Mukul,Mukul,,,,NOD/2526/5538,SY100876,,0,,2025-08-30T00:00:00,,1950,TO/2425/131,Warehouse,,1,,,,,,,0,0,DEL_CX3993,0,0,0,0,ONT,,,,,"315/274, Basement, Westend Marg, near Saket Metro Station, Saiyad ul Ajaib, Sainik Farm, New Delhi, Delhi 110030",Transfer Receipt,989DB2B5C770,2026-01-01
WIOM,002-MUMBAI,WM-03,Wiom ONT_SY-GPON-2000-WADONT-WHITE,Normal BAU,1,0,0,1,0,0,PCS,ELECTRONICS,,001-SAKET,WIOM Saket Warehouse,GRN/2025/2956,,2026-01-16T16:03:41,,WM-03,,,,TR-2425/13,TR-2425/13,2026-01-16T00:00:00,,Closed,,Mukul,Mukul,,,,NOD/2526/5732,SY101956,,0,,2025-09-04T00:00:00,,1950,TO/2425/131,Warehouse,,1,,,,,,,0,0,DEL_CX4103,0,0,0,0,ONT,,,,,"315/274, Basement, Westend Marg, near Saket Metro Station, Saiyad ul Ajaib, Sainik Farm, New Delhi, Delhi 110030",Transfer Receipt,989DB2B5F590,2026-01-01
WIOM,002-MUMBAI,WM-03,Wiom ONT_SY-GPON-2000-WADONT-WHITE,Normal BAU,1,0,0,1,0,0,PCS,ELECTRONICS,,001-SAKET,WIOM Saket Warehouse,GRN/2025/2956,,2026-01-16T16:03:41,,WM-03,,,,TR-2425/13,TR-2425/13,2026-01-16T00:00:00,,Closed,,Mukul,Mukul,,,,NOD/2526/5538,SY100942,,0,,2025-08-30T00:00:00,,1950,TO/2425/131,Warehouse,,1,,,,,,,0,0,DEL_CX3987,0,0,0,0,ONT,,,,,"315/274, Basement, Westend Marg, near Saket Metro Station, Saiyad ul Ajaib, Sainik Farm, New Delhi, Delhi 110030",Transfer Receipt,989DB2B5DA90,2026-01-01
WIOM,002-MUMBAI,WM-03,Wiom ONT_SY-GPON-2000-WADONT-WHITE,Normal BAU,1,0,0,1,0,0,PCS,ELECTRONICS,,001-SAKET,WIOM Saket Warehouse,GRN/2025/2956,,2026-01-16T16:03:41,,WM-03,,,,TR-2425/13,TR-2425/13,2026-01-16T00:00:00,,Closed,,Mukul,Mukul,,,,NOD/2526/5538,SY100941,,0,,2025-08-30T00:00:00,,1950,TO/2425/131,Warehouse,,1,,,,,,,0,0,DEL_CX3987,0,0,0,0,ONT,,,,,"315/274, Basement, Westend Marg, near Saket Metro Station, Saiyad ul Ajaib, Sainik Farm, New Delhi, Delhi 110030",Transfer Receipt,989DB2B5D5F8,2026-01-01
WIOM,002-MUMBAI,WM-03,Wiom ONT_SY-GPON-2000-WADONT-WHITE,Normal BAU,1,0,0,1,0,0,PCS,ELECTRONICS,,001-SAKET,WIOM Saket Warehouse,GRN/2025/2956,,2026-01-16T16:03:41,,WM-03,,,,TR-2425/13,TR-2425/13,2026-01-16T00:00:00,,Closed,,Mukul,Mukul,,,,NOD/2526/5538,SY100878,,0,,2025-08-30T00:00:00,,1950,TO/2425/131,Warehouse,,1,,,,,,,0,0,DEL_CX3993,0,0,0,0,ONT,,,,,"315/274, Basement, Westend Marg, near Saket Metro Station, Saiyad ul Ajaib, Sainik Farm, New Delhi, Delhi 110030",Transfer Receipt,989DB2B5D090,2026-01-01
WIOM,002-MUMBAI,WM-03,Wiom ONT_SY-GPON-2000-WADONT-WHITE,Normal BAU,1,0,0,1,0,0,PCS,ELECTRONICS,,001-SAKET,WIOM Saket Warehouse,GRN/2025/2956,,2026-01-16T16:03:41,,WM-03,,,,TR-2425/13,TR-2425/13,2026-01-16T00:00:00,,Closed,,Mukul,Mukul,,,,NOD/2526/5538,SY100877,,0,,2025-08-30T00:00:00,,1950,TO/2425/131,Warehouse,,1,,,,,,,0,0,DEL_CX3993,0,0,0,0,ONT,,,,,"315/274, Basement, Westend Marg, near Saket Metro Station, Saiyad ul Ajaib, Sainik Farm, New Delhi, Delhi 110030",Transfer Receipt,989DB2B5CC30,2026-01-01
WIOM,002-MUMBAI,WM-03,Wiom ONT_SY-GPON-2000-WADONT-WHITE,Normal BAU,1,0,0,1,0,0,PCS,ELECTRONICS,,001-SAKET,WIOM Saket Warehouse,GRN/2025/2956,,2026-01-16T16:03:41,,WM-03,,,,TR-2425/13,TR-2425/13,2026-01-16T00:00:00,,Closed,,Mukul,Mukul,,,,NOD/2526/5538,SY100946,,0,,2025-08-30T00:00:00,,1950,TO/2425/131,Warehouse,,1,,,,,,,0,0,DEL_CX3987,0,0,0,0,ONT,,,,,"315/274, Basement, Westend Marg, near Saket Metro Station, Saiyad ul Ajaib, Sainik Farm, New Delhi, Delhi 110030",Transfer Receipt,989DB2B5DA30,2026-01-01
WIOM,002-MUMBAI,WM-03,Wiom ONT_SY-GPON-2000-WADONT-WHITE,Normal BAU,1,0,0,1,0,0,PCS,ELECTRONICS,,001-SAKET,WIOM Saket Warehouse,GRN/2025/2956,,2026-01-16T16:03:41,,WM-03,,,,TR-2425/13,TR-2425/13,2026-01-16T00:00:00,,Closed,,Mukul,Mukul,,,,NOD/2526/5538,SY100947,,0,,2025-08-30T00:00:00,,1950,TO/2425/131,Warehouse,,1,,,,,,,0,0,DEL_CX3987,0,0,0,0,ONT,,,,,"315/274, Basement, Westend Marg, near Saket Metro Station, Saiyad ul Ajaib, Sainik Farm, New Delhi, Delhi 110030",Transfer Receipt,989DB2B5D710,2026-01-01
WIOM,002-MUMBAI,WM-03,Wiom ONT_SY-GPON-2000-WADONT-WHITE,Normal BAU,1,0,0,1,0,0,PCS,ELECTRONICS,,001-SAKET,WIOM Saket Warehouse,GRN/2025/2956,,2026-01-16T16:03:41,,WM-03,,,,TR-2425/13,TR-2425/13,2026-01-16T00:00:00,,Closed,,Mukul,Mukul,,,,NOD/2526/5538,SY100945,,0,,2025-08-30T00:00:00,,1950,TO/2425/131,Warehouse,,1,,,,,,,0,0,DEL_CX3987,0,0,0,0,ONT,,,,,"315/274, Basement, Westend Marg, near Saket Metro Station, Saiyad ul Ajaib, Sainik Farm, New Delhi, Delhi 110030",Transfer Receipt,989DB2B5DA88,2026-01-01
WIOM,002-MUMBAI,WM-03,Wiom ONT_SY-GPON-2000-WADONT-WHITE,Normal BAU,1,0,0,1,0,0,PCS,ELECTRONICS,,001-SAKET,WIOM Saket Warehouse,GRN/2025/2956,,2026-01-16T16:03:41,,WM-03,,,,TR-2425/13,TR-2425/13,2026-01-16T00:00:00,,Closed,,Mukul,Mukul,,,,NOD/2526/5732,SY101972,,0,,2025-09-04T00:00:00,,1950,TO/2425/131,Warehouse,,1,,,,,,,0,0,DEL_CX4138,0,0,0,0,ONT,,,,,"315/274, Basement, Westend Marg, near Saket Metro Station, Saiyad ul Ajaib, Sainik Farm, New Delhi, Delhi 110030",Transfer Receipt,989DB2B5F138,2026-01-01
WIOM,002-MUMBAI,WM-03,Wiom ONT_SY-GPON-2000-WADONT-WHITE,Normal BAU,1,0,0,1,0,0,PCS,ELECTRONICS,,001-SAKET,WIOM Saket Warehouse,GRN/2025/2956,,2026-01-16T16:03:41,,WM-03,,,,TR-2425/13,TR-2425/13,2026-01-16T00:00:00,,Closed,,Mukul,Mukul,,,,NOD/2526/5538,SY100949,,0,,2025-08-30T00:00:00,,1950,TO/2425/131,Warehouse,,1,,,,,,,0,0,DEL_CX3987,0,0,0,0,ONT,,,,,"315/274, Basement, Westend Marg, near Saket Metro Station, Saiyad ul Ajaib, Sainik Farm, New Delhi, Delhi 110030",Transfer Receipt,989DB2B5D5D8,2026-01-01
WIOM,002-MUMBAI,WM-03,Wiom ONT_SY-GPON-2000-WADONT-WHITE,Normal BAU,1,0,0,1,0,0,PCS,ELECTRONICS,,001-SAKET,WIOM Saket Warehouse,GRN/2025/2956,,2026-01-16T16:03:41,,WM-03,,,,TR-2425/13,TR-2425/13,2026-01-16T00:00:00,,Closed,,Mukul,Mukul,,,,NOD/2526/5538,SY100948,,0,,2025-08-30T00:00:00,,1950,TO/2425/131,Warehouse,,1,,,,,,,0,0,DEL_CX3987,0,0,0,0,ONT,,,,,"315/274, Basement, Westend Marg, near Saket Metro Station, Saiyad ul Ajaib, Sainik Farm, New Delhi, Delhi 110030",Transfer Receipt,989DB2B5D800,2026-01-01
WIOM,002-MUMBAI,WM-03,Wiom ONT_SY-GPON-2000-WADONT-WHITE,Normal BAU,1,0,0,1,0,0,PCS,ELECTRONICS,,001-SAKET,WIOM Saket Warehouse,GRN/2025/2956,,2026-01-16T16:03:41,,WM-03,,,,TR-2425/13,TR-2425/13,2026-01-16T00:00:00,,Closed,,Mukul,Mukul,,,,NOD/2526/5538,SY100950,,0,,2025-08-30T00:00:00,,1950,TO/2425/131,Warehouse,,1,,,,,,,0,0,DEL_CX3987,0,0,0,0,ONT,,,,,"315/274, Basement, Westend Marg, near Saket Metro Station, Saiyad ul Ajaib, Sainik Farm, New Delhi, Delhi 110030",Transfer Receipt,989DB2B5D868,2026-01-01
WIOM,002-MUMBAI,WM-03,Wiom ONT_SY-GPON-2000-WADONT-WHITE,Normal BAU,1,0,0,1,0,0,PCS,ELECTRONICS,,001-SAKET,WIOM Saket Warehouse,GRN/2025/2956,,2026-01-16T16:03:41,,WM-03,,,,TR-2425/13,TR-2425/13,2026-01-16T00:00:00,,Closed,,Mukul,Mukul,,,,NOD/2526/5538,SY100944,,0,,2025-08-30T00:00:00,,1950,TO/2425/131,Warehouse,,1,,,,,,,0,0,DEL_CX3987,0,0,0,0,ONT,,,,,"315/274, Basement, Westend Marg, near Saket Metro Station, Saiyad ul Ajaib, Sainik Farm, New Delhi, Delhi 110030",Transfer Receipt,989DB2B5D7A8,2026-01-01
WIOM,002-MUMBAI,WM-03,Wiom ONT_SY-GPON-2000-WADONT-WHITE,Normal BAU,1,0,0,1,0,0,PCS,ELECTRONICS,,001-SAKET,WIOM Saket Warehouse,GRN/2025/2956,,2026-01-16T16:03:41,,WM-03,,,,TR-2425/13,TR-2425/13,2026-01-16T00:00:00,,Closed,,Mukul,Mukul,,,,NOD/2526/5538,SY100880,,0,,2025-08-30T00:00:00,,1950,TO/2425/131,Warehouse,,1,,,,,,,0,0,DEL_CX3993,0,0,0,0,ONT,,,,,"315/274, Basement, Westend Marg, near Saket Metro Station, Saiyad ul Ajaib, Sainik Farm, New Delhi, Delhi 110030",Transfer Receipt,989DB2B5CD70,2026-01-01
WIOM,002-MUMBAI,WM-03,Wiom ONT_SY-GPON-2000-WADONT-WHITE,Normal BAU,1,0,0,1,0,0,PCS,ELECTRONICS,,001-SAKET,WIOM Saket Warehouse,GRN/2025/2956,,2026-01-16T16:03:41,,WM-03,,,,TR-2425/13,TR-2425/13,2026-01-16T00:00:00,,Closed,,Mukul,Mukul,,,,NOD/2526/5538,SY100872,,0,,2025-08-30T00:00:00,,1950,TO/2425/131,Warehouse,,1,,,,,,,0,0,DEL_CX3993,0,0,0,0,ONT,,,,,"315/274, Basement, Westend Marg, near Saket Metro Station, Saiyad ul Ajaib, Sainik Farm, New Delhi, Delhi 110030",Transfer Receipt,989DB2B5C720,2026-01-01
WIOM,002-MUMBAI,WM-03,Wiom ONT_SY-GPON-2000-WADONT-WHITE,Normal BAU,1,0,0,1,0,0,PCS,ELECTRONICS,,001-SAKET,WIOM Saket Warehouse,GRN/2025/2956,,2026-01-16T16:03:41,,WM-03,,,,TR-2425/13,TR-2425/13,2026-01-16T00:00:00,,Closed,,Mukul,Mukul,,,,NOD/2526/5538,SY100777,,0,,2025-08-30T00:00:00,,1950,TO/2425/131,Warehouse,,1,,,,,,,0,0,DEL_CX4009,0,0,0,0,ONT,,,,,"315/274, Basement, Westend Marg, near Saket Metro Station, Saiyad ul Ajaib, Sainik Farm, New Delhi, Delhi 110030",Transfer Receipt,989DB2B5D3A8,2026-01-01
WIOM,002-MUMBAI,WM-03,Wiom ONT_SY-GPON-2000-WADONT-WHITE,Normal BAU,1,0,0,1,0,0,PCS,ELECTRONICS,,001-SAKET,WIOM Saket Warehouse,GRN/2025/2956,,2026-01-16T16:03:41,,WM-03,,,,TR-2425/13,TR-2425/13,2026-01-16T00:00:00,,Closed,,Mukul,Mukul,,,,NOD/2526/5538,SY100125,,0,,2025-08-30T00:00:00,,1950,TO/2425/131,Warehouse,,1,,,,,,,0,0,DEL_CX3990,0,0,0,0,ONT,,,,,"315/274, Basement, Westend Marg, near Saket Metro Station, Saiyad ul Ajaib, Sainik Farm, New Delhi, Delhi 110030",Transfer Receipt,989DB2B5BB58,2026-01-01
WIOM,002-MUMBAI,WM-03,Wiom ONT_SY-GPON-2000-WADONT-WHITE,Normal BAU,1,0,0,1,0,0,PCS,ELECTRONICS,,001-SAKET,WIOM Saket Warehouse,GRN/2025/2956,,2026-01-16T16:03:41,,WM-03,,,,TR-2425/13,TR-2425/13,2026-01-16T00:00:00,,Closed,,Mukul,Mukul,,,,NOD/2526/5732,SY101980,,0,,2025-09-04T00:00:00,,1950,TO/2425/131,Warehouse,,1,,,,,,,0,0,DEL_CX4138,0,0,0,0,ONT,,,,,"315/274, Basement, Westend Marg, near Saket Metro Station, Saiyad ul Ajaib, Sainik Farm, New Delhi, Delhi 110030",Transfer Receipt,989DB2B5F7C8,2026-01-01
WIOM,002-MUMBAI,WM-03,Wiom ONT_SY-GPON-2000-WADONT-WHITE,Normal BAU,1,0,0,1,0,0,PCS,ELECTRONICS,,001-SAKET,WIOM Saket Warehouse,GRN/2025/2956,,2026-01-16T16:03:41,,WM-03,,,,TR-2425/13,TR-2425/13,2026-01-16T00:00:00,,Closed,,Mukul,Mukul,,,,NOD/2526/5732,SY101741,,0,,2025-09-04T00:00:00,,1950,TO/2425/131,Warehouse,,1,,,,,,,0,0,DEL_CX4143,0,0,0,0,ONT,,,,,"315/274, Basement, Westend Marg, near Saket Metro Station, Saiyad ul Ajaib, Sainik Farm, New Delhi, Delhi 110030",Transfer Receipt,989DB2B60368,2026-01-01
WIOM,002-MUMBAI,WM-03,Wiom ONT_SY-GPON-2000-WADONT-WHITE,Normal BAU,1,0,0,1,0,0,PCS,ELECTRONICS,,001-SAKET,WIOM Saket Warehouse,GRN/2025/2956,,2026-01-16T16:03:41,,WM-03,,,,TR-2425/13,TR-2425/13,2026-01-16T00:00:00,,Closed,,Mukul,Mukul,,,,NOD/2526/5538,SY100961,,0,,2025-08-30T00:00:00,,1950,TO/2425/131,Warehouse,,1,,,,,,,0,0,DEL_CX3981,0,0,0,0,ONT,,,,,"315/274, Basement, Westend Marg, near Saket Metro Station, Saiyad ul Ajaib, Sainik Farm, New Delhi, Delhi 110030",Transfer Receipt,989DB2B5D8F0,2026-01-01
WIOM,002-MUMBAI,WM-03,Wiom ONT_SY-GPON-2000-WADONT-WHITE,Normal BAU,1,0,0,1,0,0,PCS,ELECTRONICS,,001-SAKET,WIOM Saket Warehouse,GRN/2025/2956,,2026-01-16T16:03:41,,WM-03,,,,TR-2425/13,TR-2425/13,2026-01-16T00:00:00,,Closed,,Mukul,Mukul,,,,NOD/2526/5538,SY100956,,0,,2025-08-30T00:00:00,,1950,TO/2425/131,Warehouse,,1,,,,,,,0,0,DEL_CX3987,0,0,0,0,ONT,,,,,"315/274, Basement, Westend Marg, near Saket Metro Station, Saiyad ul Ajaib, Sainik Farm, New Delhi, Delhi 110030",Transfer Receipt,989DB2B5D968,2026-01-01
WIOM,002-MUMBAI,WM-03,Wiom ONT_SY-GPON-2000-WADONT-WHITE,Normal BAU,1,0,0,1,0,0,PCS,ELECTRONICS,,001-SAKET,WIOM Saket Warehouse,GRN/2025/2956,,2026-01-16T16:03:41,,WM-03,,,,TR-2425/13,TR-2425/13,2026-01-16T00:00:00,,Closed,,Mukul,Mukul,,,,NOD/2526/5538,SY100958,,0,,2025-08-30T00:00:00,,1950,TO/2425/131,Warehouse,,1,,,,,,,0,0,DEL_CX3987,0,0,0,0,ONT,,,,,"315/274, Basement, Westend Marg, near Saket Metro Station, Saiyad ul Ajaib, Sainik Farm, New Delhi, Delhi 110030",Transfer Receipt,989DB2B5D870,2026-01-01
WIOM,002-MUMBAI,WM-03,Wiom ONT_SY-GPON-2000-WADONT-WHITE,Normal BAU,1,0,0,1,0,0,PCS,ELECTRONICS,,001-SAKET,WIOM Saket Warehouse,GRN/2025/2956,,2026-01-16T16:03:41,,WM-03,,,,TR-2425/13,TR-2425/13,2026-01-16T00:00:00,,Closed,,Mukul,Mukul,,,,NOD/2526/5538,SY100957,,0,,2025-08-30T00:00:00,,1950,TO/2425/131,Warehouse,,1,,,,,,,0,0,DEL_CX3987,0,0,0,0,ONT,,,,,"315/274, Basement, Westend Marg, near Saket Metro Station, Saiyad ul Ajaib, Sainik Farm, New Delhi, Delhi 110030",Transfer Receipt,989DB2B5D860,2026-01-01
WIOM,002-MUMBAI,WM-03,Wiom ONT_SY-GPON-2000-WADONT-WHITE,Normal BAU,1,0,0,1,0,0,PCS,ELECTRONICS,,001-SAKET,WIOM Saket Warehouse,GRN/2025/2956,,2026-01-16T16:03:41,,WM-03,,,,TR-2425/13,TR-2425/13,2026-01-16T00:00:00,,Closed,,Mukul,Mukul,,,,NOD/2526/5732,SY102049,,0,,2025-09-04T00:00:00,,1950,TO/2425/131,Warehouse,,1,,,,,,,0,0,DEL_CX4125,0,0,0,0,ONT,,,,,"315/274, Basement, Westend Marg, near Saket Metro Station, Saiyad ul Ajaib, Sainik Farm, New Delhi, Delhi 110030",Transfer Receipt,989DB2B60560,2026-01-01
WIOM,002-MUMBAI,WM-03,Wiom ONT_SY-GPON-2000-WADONT-WHITE,Normal BAU,1,0,0,1,0,0,PCS,ELECTRONICS,,001-SAKET,WIOM Saket Warehouse,GRN/2025/2956,,2026-01-16T16:03:41,,WM-03,,,,TR-2425/13,TR-2425/13,2026-01-16T00:00:00,,Closed,,Mukul,Mukul,,,,NOD/2526/5538,SY100965,,0,,2025-08-30T00:00:00,,1950,TO/2425/131,Warehouse,,1,,,,,,,0,0,DEL_CX3981,0,0,0,0,ONT,,,,,"315/274, Basement, Westend Marg, near Saket Metro Station, Saiyad ul Ajaib, Sainik Farm, New Delhi, Delhi 110030",Transfer Receipt,989DB2B5D948,2026-01-01
WIOM,002-MUMBAI,WM-03,Wiom ONT_SY-GPON-2000-WADONT-WHITE,Normal BAU,1,0,0,1,0,0,PCS,ELECTRONICS,,001-SAKET,WIOM Saket Warehouse,GRN/2025/2956,,2026-01-16T16:03:41,,WM-03,,,,TR-2425/13,TR-2425/13,2026-01-16T00:00:00,,Closed,,Mukul,Mukul,,,,NOD/2526/5538,SY100960,,0,,2025-08-30T00:00:00,,1950,TO/2425/131,Warehouse,,1,,,,,,,0,0,DEL_CX3987,0,0,0,0,ONT,,,,,"315/274, Basement, Westend Marg, near Saket Metro Station, Saiyad ul Ajaib, Sainik Farm, New Delhi, Delhi 110030",Transfer Receipt,989DB2B5D950,2026-01-01
WIOM,002-MUMBAI,WM-03,Wiom ONT_SY-GPON-2000-WADONT-WHITE,Normal BAU,1,0,0,1,0,0,PCS,ELECTRONICS,,001-SAKET,WIOM Saket Warehouse,GRN/2025/2956,,2026-01-16T16:03:41,,WM-03,,,,TR-2425/13,TR-2425/13,2026-01-16T00:00:00,,Closed,,Mukul,Mukul,,,,NOD/2526/5538,SY100962,,0,,2025-08-30T00:00:00,,1950,TO/2425/131,Warehouse,,1,,,,,,,0,0,DEL_CX3981,0,0,0,0,ONT,,,,,"315/274, Basement, Westend Marg, near Saket Metro Station, Saiyad ul Ajaib, Sainik Farm, New Delhi, Delhi 110030",Transfer Receipt,989DB2B5D988,2026-01-01
WIOM,002-MUMBAI,WM-03,Wiom ONT_SY-GPON-2000-WADONT-WHITE,Normal BAU,1,0,0,1,0,0,PCS,ELECTRONICS,,001-SAKET,WIOM Saket Warehouse,GRN/2025/2956,,2026-01-16T16:03:41,,WM-03,,,,TR-2425/13,TR-2425/13,2026-01-16T00:00:00,,Closed,,Mukul,Mukul,,,,NOD/2526/5538,SY100966,,0,,2025-08-30T00:00:00,,1950,TO/2425/131,Warehouse,,1,,,,,,,0,0,DEL_CX3981,0,0,0,0,ONT,,,,,"315/274, Basement, Westend Marg, near Saket Metro Station, Saiyad ul Ajaib, Sainik Farm, New Delhi, Delhi 110030",Transfer Receipt,989DB2B5D698,2026-01-01
WIOM,002-MUMBAI,WM-03,Wiom ONT_SY-GPON-2000-WADONT-WHITE,Normal BAU,1,0,0,1,0,0,PCS,ELECTRONICS,,001-SAKET,WIOM Saket Warehouse,GRN/2025/2956,,2026-01-16T16:03:41,,WM-03,,,,TR-2425/13,TR-2425/13,2026-01-16T00:00:00,,Closed,,Mukul,Mukul,,,,NOD/2526/5732,SY102055,,0,,2025-09-04T00:00:00,,1950,TO/2425/131,Warehouse,,1,,,,,,,0,0,DEL_CX4105,0,0,0,0,ONT,,,,,"315/274, Basement, Westend Marg, near Saket Metro Station, Saiyad ul Ajaib, Sainik Farm, New Delhi, Delhi 110030",Transfer Receipt,989DB2B603C8,2026-01-01
WIOM,002-MUMBAI,WM-03,Wiom ONT_SY-GPON-2000-WADONT-WHITE,Normal BAU,1,0,0,1,0,0,PCS,ELECTRONICS,,001-SAKET,WIOM Saket Warehouse,GRN/2025/2956,,2026-01-16T16:03:41,,WM-03,,,,TR-2425/13,TR-2425/13,2026-01-16T00:00:00,,Closed,,Mukul,Mukul,,,,NOD/2526/5538,SY100969,,0,,2025-08-30T00:00:00,,1950,TO/2425/131,Warehouse,,1,,,,,,,0,0,DEL_CX3981,0,0,0,0,ONT,,,,,"315/274, Basement, Westend Marg, near Saket Metro Station, Saiyad ul Ajaib, Sainik Farm, New Delhi, Delhi 110030",Transfer Receipt,989DB2B5D940,2026-01-01
WIOM,002-MUMBAI,WM-03,Wiom ONT_SY-GPON-2000-WADONT-WHITE,Normal BAU,1,0,0,1,0,0,PCS,ELECTRONICS,,001-SAKET,WIOM Saket Warehouse,GRN/2025/2956,,2026-01-16T16:03:41,,WM-03,,,,TR-2425/13,TR-2425/13,2026-01-16T00:00:00,,Closed,,Mukul,Mukul,,,,NOD/2526/5538,SY100964,,0,,2025-08-30T00:00:00,,1950,TO/2425/131,Warehouse,,1,,,,,,,0,0,DEL_CX3981,0,0,0,0,ONT,,,,,"315/274, Basement, Westend Marg, near Saket Metro Station, Saiyad ul Ajaib, Sainik Farm, New Delhi, Delhi 110030",Transfer Receipt,989DB2B5D878,2026-01-01
WIOM,002-MUMBAI,WM-03,Wiom ONT_SY-GPON-2000-WADONT-WHITE,Normal BAU,1,0,0,1,0,0,PCS,ELECTRONICS,,001-SAKET,WIOM Saket Warehouse,GRN/2025/2956,,2026-01-16T16:03:41,,WM-03,,,,TR-2425/13,TR-2425/13,2026-01-16T00:00:00,,Closed,,Mukul,Mukul,,,,NOD/2526/5538,SY100967,,0,,2025-08-30T00:00:00,,1950,TO/2425/131,Warehouse,,1,,,,,,,0,0,DEL_CX3981,0,0,0,0,ONT,,,,,"315/274, Basement, Westend Marg, near Saket Metro Station, Saiyad ul Ajaib, Sainik Farm, New Delhi, Delhi 110030",Transfer Receipt,989DB2B5DA08,2026-01-01
WIOM,002-MUMBAI,WM-03,Wiom ONT_SY-GPON-2000-WADONT-WHITE,Normal BAU,1,0,0,1,0,0,PCS,ELECTRONICS,,001-SAKET,WIOM Saket Warehouse,GRN/2025/2956,,2026-01-16T16:03:41,,WM-03,,,,TR-2425/13,TR-2425/13,2026-01-16T00:00:00,,Closed,,Mukul,Mukul,,,,NOD/2526/5538,SY100963,,0,,2025-08-30T00:00:00,,1950,TO/2425/131,Warehouse,,1,,,,,,,0,0,DEL_CX3981,0,0,0,0,ONT,,,,,"315/274, Basement, Westend Marg, near Saket Metro Station, Saiyad ul Ajaib, Sainik Farm, New Delhi, Delhi 110030",Transfer Receipt,989DB2B5D938,2026-01-01
WIOM,002-MUMBAI,WM-03,Wiom ONT_SY-GPON-2000-WADONT-WHITE,Normal BAU,1,0,0,1,0,0,PCS,ELECTRONICS,,001-SAKET,WIOM Saket Warehouse,GRN/2025/2956,,2026-01-16T16:03:41,,WM-03,,,,TR-2425/13,TR-2425/13,2026-01-16T00:00:00,,Closed,,Mukul,Mukul,,,,NOD/2526/5538,SY100952,,0,,2025-08-30T00:00:00,,1950,TO/2425/131,Warehouse,,1,,,,,,,0,0,DEL_CX3987,0,0,0,0,ONT,,,,,"315/274, Basement, Westend Marg, near Saket Metro Station, Saiyad ul Ajaib, Sainik Farm, New Delhi, Delhi 110030",Transfer Receipt,989DB2B5D970,2026-01-01
WIOM,002-MUMBAI,WM-03,Wiom ONT_SY-GPON-2000-WADONT-WHITE,Normal BAU,1,0,0,1,0,0,PCS,ELECTRONICS,,001-SAKET,WIOM Saket Warehouse,GRN/2025/2956,,2026-01-16T16:03:41,,WM-03,,,,TR-2425/13,TR-2425/13,2026-01-16T00:00:00,,Closed,,Mukul,Mukul,,,,NOD/2526/5732,SY102060,,0,,2025-09-04T00:00:00,,1950,TO/2425/131,Warehouse,,1,,,,,,,0,0,DEL_CX4105,0,0,0,0,ONT,,,,,"315/274, Basement, Westend Marg, near Saket Metro Station, Saiyad ul Ajaib, Sainik Farm, New Delhi, Delhi 110030",Transfer Receipt,989DB2B5FD00,2026-01-01
WIOM,002-MUMBAI,WM-03,Wiom ONT_SY-GPON-2000-WADONT-WHITE,Normal BAU,1,0,0,1,0,0,PCS,ELECTRONICS,,001-SAKET,WIOM Saket Warehouse,GRN/2025/2956,,2026-01-16T16:03:41,,WM-03,,,,TR-2425/13,TR-2425/13,2026-01-16T00:00:00,,Closed,,Mukul,Mukul,,,,NOD/2526/5538,SY100973,,0,,2025-08-30T00:00:00,,1950,TO/2425/131,Warehouse,,1,,,,,,,0,0,DEL_CX3981,0,0,0,0,ONT,,,,,"315/274, Basement, Westend Marg, near Saket Metro Station, Saiyad ul Ajaib, Sainik Farm, New Delhi, Delhi 110030",Transfer Receipt,989DB2B5D918,2026-01-01
WIOM,002-MUMBAI,WM-03,Wiom ONT_SY-GPON-2000-WADONT-WHITE,Normal BAU,1,0,0,1,0,0,PCS,ELECTRONICS,,001-SAKET,WIOM Saket Warehouse,GRN/2025/2956,,2026-01-16T16:03:41,,WM-03,,,,TR-2425/13,TR-2425/13,2026-01-16T00:00:00,,Closed,,Mukul,Mukul,,,,NOD/2526/5538,SY100968,,0,,2025-08-30T00:00:00,,1950,TO/2425/131,Warehouse,,1,,,,,,,0,0,DEL_CX3981,0,0,0,0,ONT,,,,,"315/274, Basement, Westend Marg, near Saket Metro Station, Saiyad ul Ajaib, Sainik Farm, New Delhi, Delhi 110030",Transfer Receipt,989DB2B5D700,2026-01-01
WIOM,002-MUMBAI,WM-03,Wiom ONT_SY-GPON-2000-WADONT-WHITE,Normal BAU,1,0,0,1,0,0,PCS,ELECTRONICS,,001-SAKET,WIOM Saket Warehouse,GRN/2025/2956,,2026-01-16T16:03:41,,WM-03,,,,TR-2425/13,TR-2425/13,2026-01-16T00:00:00,,Closed,,Mukul,Mukul,,,,NOD/2526/5538,SY100972,,0,,2025-08-30T00:00:00,,1950,TO/2425/131,Warehouse,,1,,,,,,,0,0,DEL_CX3981,0,0,0,0,ONT,,,,,"315/274, Basement, Westend Marg, near Saket Metro Station, Saiyad ul Ajaib, Sainik Farm, New Delhi, Delhi 110030",Transfer Receipt,989DB2B5D9E0,2026-01-01
WIOM,002-MUMBAI,WM-03,Wiom ONT_SY-GPON-2000-WADONT-WHITE,Normal BAU,1,0,0,1,0,0,PCS,ELECTRONICS,,001-SAKET,WIOM Saket Warehouse,GRN/2025/2956,,2026-01-16T16:03:41,,WM-03,,,,TR-2425/13,TR-2425/13,2026-01-16T00:00:00,,Closed,,Mukul,Mukul,,,,NOD/2526/5538,SY100979,,0,,2025-08-30T00:00:00,,1950,TO/2425/131,Warehouse,,1,,,,,,,0,0,DEL_CX3981,0,0,0,0,ONT,,,,,"315/274, Basement, Westend Marg, near Saket Metro Station, Saiyad ul Ajaib, Sainik Farm, New Delhi, Delhi 110030",Transfer Receipt,989DB2B5D990,2026-01-01
WIOM,002-MUMBAI,WM-03,Wiom ONT_SY-GPON-2000-WADONT-WHITE,Normal BAU,1,0,0,1,0,0,PCS,ELECTRONICS,,001-SAKET,WIOM Saket Warehouse,GRN/2025/2956,,2026-01-16T16:03:41,,WM-03,,,,TR-2425/13,TR-2425/13,2026-01-16T00:00:00,,Closed,,Mukul,Mukul,,,,NOD/2526/5538,SY100977,,0,,2025-08-30T00:00:00,,1950,TO/2425/131,Warehouse,,1,,,,,,,0,0,DEL_CX3981,0,0,0,0,ONT,,,,,"315/274, Basement, Westend Marg, near Saket Metro Station, Saiyad ul Ajaib, Sainik Farm, New Delhi, Delhi 110030",Transfer Receipt,989DB2B5D5C0,2026-01-01
WIOM,002-MUMBAI,WM-03,Wiom ONT_SY-GPON-2000-WADONT-WHITE,Normal BAU,1,0,0,1,0,0,PCS,ELECTRONICS,,001-SAKET,WIOM Saket Warehouse,GRN/2025/2956,,2026-01-16T16:03:41,,WM-03,,,,TR-2425/13,TR-2425/13,2026-01-16T00:00:00,,Closed,,Mukul,Mukul,,,,NOD/2526/5538,SY100974,,0,,2025-08-30T00:00:00,,1950,TO/2425/131,Warehouse,,1,,,,,,,0,0,DEL_CX3981,0,0,0,0,ONT,,,,,"315/274, Basement, Westend Marg, near Saket Metro Station, Saiyad ul Ajaib, Sainik Farm, New Delhi, Delhi 110030",Transfer Receipt,989DB2B5D888,2026-01-01
WIOM,002-MUMBAI,WM-03,Wiom ONT_SY-GPON-2000-WADONT-WHITE,Normal BAU,1,0,0,1,0,0,PCS,ELECTRONICS,,001-SAKET,WIOM Saket Warehouse,GRN/2025/2956,,2026-01-16T16:03:41,,WM-03,,,,TR-2425/13,TR-2425/13,2026-01-16T00:00:00,,Closed,,Mukul,Mukul,,,,NOD/2526/5538,SY100970,,0,,2025-08-30T00:00:00,,1950,TO/2425/131,Warehouse,,1,,,,,,,0,0,DEL_CX3981,0,0,0,0,ONT,,,,,"315/274, Basement, Westend Marg, near Saket Metro Station, Saiyad ul Ajaib, Sainik Farm, New Delhi, Delhi 110030",Transfer Receipt,989DB2B5D880,2026-01-01
WIOM,002-MUMBAI,WM-03,Wiom ONT_SY-GPON-2000-WADONT-WHITE,Normal BAU,1,0,0,1,0,0,PCS,ELECTRONICS,,001-SAKET,WIOM Saket Warehouse,GRN/2025/2956,,2026-01-16T16:03:41,,WM-03,,,,TR-2425/13,TR-2425/13,2026-01-16T00:00:00,,Closed,,Mukul,Mukul,,,,NOD/2526/5732,SY102103,,0,,2025-09-04T00:00:00,,1950,TO/2425/131,Warehouse,,1,,,,,,,0,0,DEL_CX4143,0,0,0,0,ONT,,,,,"315/274, Basement, Westend Marg, near Saket Metro Station, Saiyad ul Ajaib, Sainik Farm, New Delhi, Delhi 110030",Transfer Receipt,989DB2B60158,2026-01-01
WIOM,002-MUMBAI,WM-03,Wiom ONT_SY-GPON-2000-WADONT-WHITE,Normal BAU,1,0,0,1,0,0,PCS,ELECTRONICS,,001-SAKET,WIOM Saket Warehouse,GRN/2025/2956,,2026-01-16T16:03:41,,WM-03,,,,TR-2425/13,TR-2425/13,2026-01-16T00:00:00,,Closed,,Mukul,Mukul,,,,NOD/2526/5732,SY102111,,0,,2025-09-04T00:00:00,,1950,TO/2425/131,Warehouse,,1,,,,,,,0,0,DEL_CX4143,0,0,0,0,ONT,,,,,"315/274, Basement, Westend Marg, near Saket Metro Station, Saiyad ul Ajaib, Sainik Farm, New Delhi, Delhi 110030",Transfer Receipt,989DB2B597B8,2026-01-01
WIOM,002-MUMBAI,WM-03,Wiom ONT_SY-GPON-2000-WADONT-WHITE,Normal BAU,1,0,0,1,0,0,PCS,ELECTRONICS,,001-SAKET,WIOM Saket Warehouse,GRN/2025/2956,,2026-01-16T16:03:41,,WM-03,,,,TR-2425/13,TR-2425/13,2026-01-16T00:00:00,,Closed,,Mukul,Mukul,,,,NOD/2526/5732,SY101048,,0,,2025-09-04T00:00:00,,1950,TO/2425/131,Warehouse,,1,,,,,,,0,0,DEL_CX4134,0,0,0,0,ONT,,,,,"315/274, Basement, Westend Marg, near Saket Metro Station, Saiyad ul Ajaib, Sainik Farm, New Delhi, Delhi 110030",Transfer Receipt,989DB2B5EC18,2026-01-01
WIOM,002-MUMBAI,WM-03,Wiom ONT_SY-GPON-2000-WADONT-WHITE,Normal BAU,1,0,0,1,0,0,PCS,ELECTRONICS,,001-SAKET,WIOM Saket Warehouse,GRN/2025/2956,,2026-01-16T16:03:41,,WM-03,,,,TR-2425/13,TR-2425/13,2026-01-16T00:00:00,,Closed,,Mukul,Mukul,,,,NOD/2526/5732,SY101043,,0,,2025-09-04T00:00:00,,1950,TO/2425/131,Warehouse,,1,,,,,,,0,0,DEL_CX4134,0,0,0,0,ONT,,,,,"315/274, Basement, Westend Marg, near Saket Metro Station, Saiyad ul Ajaib, Sainik Farm, New Delhi, Delhi 110030",Transfer Receipt,989DB2B5EBB0,2026-01-01
WIOM,002-MUMBAI,WM-03,Wiom ONT_SY-GPON-2000-WADONT-WHITE,Normal BAU,1,0,0,1,0,0,PCS,ELECTRONICS,,001-SAKET,WIOM Saket Warehouse,GRN/2025/2956,,2026-01-16T16:03:41,,WM-03,,,,TR-2425/13,TR-2425/13,2026-01-16T00:00:00,,Closed,,Mukul,Mukul,,,,NOD/2526/5538,SY100976,,0,,2025-08-30T00:00:00,,1950,TO/2425/131,Warehouse,,1,,,,,,,0,0,DEL_CX3981,0,0,0,0,ONT,,,,,"315/274, Basement, Westend Marg, near Saket Metro Station, Saiyad ul Ajaib, Sainik Farm, New Delhi, Delhi 110030",Transfer Receipt,989DB2B5D4B8,2026-01-01
WIOM,002-MUMBAI,WM-03,Wiom ONT_SY-GPON-2000-WADONT-WHITE,Normal BAU,1,0,0,1,0,0,PCS,ELECTRONICS,,001-SAKET,WIOM Saket Warehouse,GRN/2025/2956,,2026-01-16T16:03:41,,WM-03,,,,TR-2425/13,TR-2425/13,2026-01-16T00:00:00,,Closed,,Mukul,Mukul,,,,NOD/2526/5732,SY101059,,0,,2025-09-04T00:00:00,,1950,TO/2425/131,Warehouse,,1,,,,,,,0,0,DEL_CX4134,0,0,0,0,ONT,,,,,"315/274, Basement, Westend Marg, near Saket Metro Station, Saiyad ul Ajaib, Sainik Farm, New Delhi, Delhi 110030",Transfer Receipt,989DB2B5DF58,2026-01-01
WIOM,002-MUMBAI,WM-03,Wiom ONT_SY-GPON-2000-WADONT-WHITE,Normal BAU,1,0,0,1,0,0,PCS,ELECTRONICS,,001-SAKET,WIOM Saket Warehouse,GRN/2025/2956,,2026-01-16T16:03:41,,WM-03,,,,TR-2425/13,TR-2425/13,2026-01-16T00:00:00,,Closed,,Mukul,Mukul,,,,NOD/2526/5732,SY102119,,0,,2025-09-04T00:00:00,,1950,TO/2425/131,Warehouse,,1,,,,,,,0,0,DEL_CX4143,0,0,0,0,ONT,,,,,"315/274, Basement, Westend Marg, near Saket Metro Station, Saiyad ul Ajaib, Sainik Farm, New Delhi, Delhi 110030",Transfer Receipt,989DB2B5FD48,2026-01-01
WIOM,002-MUMBAI,WM-03,Wiom ONT_SY-GPON-2000-WADONT-WHITE,Normal BAU,1,0,0,1,0,0,PCS,ELECTRONICS,,001-SAKET,WIOM Saket Warehouse,GRN/2025/2956,,2026-01-16T16:03:41,,WM-03,,,,TR-2425/13,TR-2425/13,2026-01-16T00:00:00,,Closed,,Mukul,Mukul,,,,NOD/2526/5732,SY101062,,0,,2025-09-04T00:00:00,,1950,TO/2425/131,Warehouse,,1,,,,,,,0,0,DEL_CX4148,0,0,0,0,ONT,,,,,"315/274, Basement, Westend Marg, near Saket Metro Station, Saiyad ul Ajaib, Sainik Farm, New Delhi, Delhi 110030",Transfer Receipt,989DB2B5DF08,2026-01-01
WIOM,002-MUMBAI,WM-03,Wiom ONT_SY-GPON-2000-WADONT-WHITE,Normal BAU,1,0,0,1,0,0,PCS,ELECTRONICS,,001-SAKET,WIOM Saket Warehouse,GRN/2025/2956,,2026-01-16T16:03:41,,WM-03,,,,TR-2425/13,TR-2425/13,2026-01-16T00:00:00,,Closed,,Mukul,Mukul,,,,NOD/2526/5732,SY101063,,0,,2025-09-04T00:00:00,,1950,TO/2425/131,Warehouse,,1,,,,,,,0,0,DEL_CX4148,0,0,0,0,ONT,,,,,"315/274, Basement, Westend Marg, near Saket Metro Station, Saiyad ul Ajaib, Sainik Farm, New Delhi, Delhi 110030",Transfer Receipt,989DB2B5E618,2026-01-01
WIOM,002-MUMBAI,WM-03,Wiom ONT_SY-GPON-2000-WADONT-WHITE,Normal BAU,1,0,0,1,0,0,PCS,ELECTRONICS,,001-SAKET,WIOM Saket Warehouse,GRN/2025/2956,,2026-01-16T16:03:41,,WM-03,,,,TR-2425/13,TR-2425/13,2026-01-16T00:00:00,,Closed,,Mukul,Mukul,,,,NOD/2526/5538,SY100980,,0,,2025-08-30T00:00:00,,1950,TO/2425/131,Warehouse,,1,,,,,,,0,0,DEL_CX3981,0,0,0,0,ONT,,,,,"315/274, Basement, Westend Marg, near Saket Metro Station, Saiyad ul Ajaib, Sainik Farm, New Delhi, Delhi 110030",Transfer Receipt,989DB2B5D6E8,2026-01-01
WIOM,002-MUMBAI,WM-03,Wiom ONT_SY-GPON-2000-WADONT-WHITE,Normal BAU,1,0,0,1,0,0,PCS,ELECTRONICS,,001-SAKET,WIOM Saket Warehouse,GRN/2025/2956,,2026-01-16T16:03:41,,WM-03,,,,TR-2425/13,TR-2425/13,2026-01-16T00:00:00,,Closed,,Mukul,Mukul,,,,NOD/2526/5538,SY100978,,0,,2025-08-30T00:00:00,,1950,TO/2425/131,Warehouse,,1,,,,,,,0,0,DEL_CX3981,0,0,0,0,ONT,,,,,"315/274, Basement, Westend Marg, near Saket Metro Station, Saiyad ul Ajaib, Sainik Farm, New Delhi, Delhi 110030",Transfer Receipt,989DB2B5D740,2026-01-01
WIOM,002-MUMBAI,WM-03,Wiom ONT_SY-GPON-2000-WADONT-WHITE,Normal BAU,1,0,0,1,0,0,PCS,ELECTRONICS,,001-SAKET,WIOM Saket Warehouse,GRN/2025/2956,,2026-01-16T16:03:41,,WM-03,,,,TR-2425/13,TR-2425/13,2026-01-16T00:00:00,,Closed,,Mukul,Mukul,,,,NOD/2526/5538,SY100971,,0,,2025-08-30T00:00:00,,1950,TO/2425/131,Warehouse,,1,,,,,,,0,0,DEL_CX3981,0,0,0,0,ONT,,,,,"315/274, Basement, Westend Marg, near Saket Metro Station, Saiyad ul Ajaib, Sainik Farm, New Delhi, Delhi 110030",Transfer Receipt,989DB2B5D8F8,2026-01-01
WIOM,002-MUMBAI,WM-03,Wiom ONT_SY-GPON-2000-WADONT-WHITE,Normal BAU,1,0,0,1,0,0,PCS,ELECTRONICS,,001-SAKET,WIOM Saket Warehouse,GRN/2025/2956,,2026-01-16T16:03:41,,WM-03,,,,TR-2425/13,TR-2425/13,2026-01-16T00:00:00,,Closed,,Mukul,Mukul,,,,NOD/2526/5538,SY100954,,0,,2025-08-30T00:00:00,,1950,TO/2425/131,Warehouse,,1,,,,,,,0,0,DEL_CX3987,0,0,0,0,ONT,,,,,"315/274, Basement, Westend Marg, near Saket Metro Station, Saiyad ul Ajaib, Sainik Farm, New Delhi, Delhi 110030",Transfer Receipt,989DB2B5D6A8,2026-01-01
WIOM,002-MUMBAI,WM-03,Wiom ONT_SY-GPON-2000-WADONT-WHITE,Normal BAU,1,0,0,1,0,0,PCS,ELECTRONICS,,001-SAKET,WIOM Saket Warehouse,GRN/2025/2956,,2026-01-16T16:03:41,,WM-03,,,,TR-2425/13,TR-2425/13,2026-01-16T00:00:00,,Closed,,Mukul,Mukul,,,,NOD/2526/5732,SY101066,,0,,2025-09-04T00:00:00,,1950,TO/2425/131,Warehouse,,1,,,,,,,0,0,DEL_CX4148,0,0,0,0,ONT,,,,,"315/274, Basement, Westend Marg, near Saket Metro Station, Saiyad ul Ajaib, Sainik Farm, New Delhi, Delhi 110030",Transfer Receipt,989DB2B5DEA0,2026-01-01
WIOM,002-MUMBAI,WM-03,Wiom ONT_SY-GPON-2000-WADONT-WHITE,Normal BAU,1,0,0,1,0,0,PCS,ELECTRONICS,,001-SAKET,WIOM Saket Warehouse,GRN/2025/2956,,2026-01-16T16:03:41,,WM-03,,,,TR-2425/13,TR-2425/13,2026-01-16T00:00:00,,Closed,,Mukul,Mukul,,,,NOD/2526/5732,SY102128,,0,,2025-09-04T00:00:00,,1950,TO/2425/131,Warehouse,,1,,,,,,,0,0,DEL_CX4101,0,0,0,0,ONT,,,,,"315/274, Basement, Westend Marg, near Saket Metro Station, Saiyad ul Ajaib, Sainik Farm, New Delhi, Delhi 110030",Transfer Receipt,989DB2B60E80,2026-01-01
WIOM,002-MUMBAI,WM-03,Wiom ONT_SY-GPON-2000-WADONT-WHITE,Normal BAU,1,0,0,1,0,0,PCS,ELECTRONICS,,001-SAKET,WIOM Saket Warehouse,GRN/2025/2956,,2026-01-16T16:03:41,,WM-03,,,,TR-2425/13,TR-2425/13,2026-01-16T00:00:00,,Closed,,Mukul,Mukul,,,,NOD/2526/5732,SY101078,,0,,2025-09-04T00:00:00,,1950,TO/2425/131,Warehouse,,1,,,,,,,0,0,DEL_CX4148,0,0,0,0,ONT,,,,,"315/274, Basement, Westend Marg, near Saket Metro Station, Saiyad ul Ajaib, Sainik Farm, New Delhi, Delhi 110030",Transfer Receipt,989DB2B5DEC8,2026-01-01
WIOM,002-MUMBAI,WM-03,Wiom ONT_SY-GPON-2000-WADONT-WHITE,Normal BAU,1,0,0,1,0,0,PCS,ELECTRONICS,,001-SAKET,WIOM Saket Warehouse,GRN/2025/2956,,2026-01-16T16:03:41,,WM-03,,,,TR-2425/13,TR-2425/13,2026-01-16T00:00:00,,Closed,,Mukul,Mukul,,,,NOD/2526/5732,SY101073,,0,,2025-09-04T00:00:00,,1950,TO/2425/131,Warehouse,,1,,,,,,,0,0,DEL_CX4148,0,0,0,0,ONT,,,,,"315/274, Basement, Westend Marg, near Saket Metro Station, Saiyad ul Ajaib, Sainik Farm, New Delhi, Delhi 110030",Transfer Receipt,989DB2B5DAE8,2026-01-01
WIOM,002-MUMBAI,WM-03,Wiom ONT_SY-GPON-2000-WADONT-WHITE,Normal BAU,1,0,0,1,0,0,PCS,ELECTRONICS,,001-SAKET,WIOM Saket Warehouse,GRN/2025/2956,,2026-01-16T16:03:41,,WM-03,,,,TR-2425/13,TR-2425/13,2026-01-16T00:00:00,,Closed,,Mukul,Mukul,,,,NOD/2526/5732,SY101077,,0,,2025-09-04T00:00:00,,1950,TO/2425/131,Warehouse,,1,,,,,,,0,0,DEL_CX4148,0,0,0,0,ONT,,,,,"315/274, Basement, Westend Marg, near Saket Metro Station, Saiyad ul Ajaib, Sainik Farm, New Delhi, Delhi 110030",Transfer Receipt,989DB2B5E440,2026-01-01
WIOM,002-MUMBAI,WM-03,Wiom ONT_SY-GPON-2000-WADONT-WHITE,Normal BAU,1,0,0,1,0,0,PCS,ELECTRONICS,,001-SAKET,WIOM Saket Warehouse,GRN/2025/2956,,2026-01-16T16:03:41,,WM-03,,,,TR-2425/13,TR-2425/13,2026-01-16T00:00:00,,Closed,,Mukul,Mukul,,,,NOD/2526/5732,SY101074,,0,,2025-09-04T00:00:00,,1950,TO/2425/131,Warehouse,,1,,,,,,,0,0,DEL_CX4148,0,0,0,0,ONT,,,,,"315/274, Basement, Westend Marg, near Saket Metro Station, Saiyad ul Ajaib, Sainik Farm, New Delhi, Delhi 110030",Transfer Receipt,989DB2B5DFD0,2026-01-01
WIOM,002-MUMBAI,WM-03,Wiom ONT_SY-GPON-2000-WADONT-WHITE,Normal BAU,1,0,0,1,0,0,PCS,ELECTRONICS,,001-SAKET,WIOM Saket Warehouse,GRN/2025/2956,,2026-01-16T16:03:41,,WM-03,,,,TR-2425/13,TR-2425/13,2026-01-16T00:00:00,,Closed,,Mukul,Mukul,,,,NOD/2526/5732,SY101068,,0,,2025-09-04T00:00:00,,1950,TO/2425/131,Warehouse,,1,,,,,,,0,0,DEL_CX4148,0,0,0,0,ONT,,,,,"315/274, Basement, Westend Marg, near Saket Metro Station, Saiyad ul Ajaib, Sainik Farm, New Delhi, Delhi 110030",Transfer Receipt,989DB2B5EA78,2026-01-01
WIOM,002-MUMBAI,WM-03,Wiom ONT_SY-GPON-2000-WADONT-WHITE,Normal BAU,1,0,0,1,0,0,PCS,ELECTRONICS,,001-SAKET,WIOM Saket Warehouse,GRN/2025/2956,,2026-01-16T16:03:41,,WM-03,,,,TR-2425/13,TR-2425/13,2026-01-16T00:00:00,,Closed,,Mukul,Mukul,,,,NOD/2526/5732,SY102134,,0,,2025-09-04T00:00:00,,1950,TO/2425/131,Warehouse,,1,,,,,,,0,0,DEL_CX4101,0,0,0,0,ONT,,,,,"315/274, Basement, Westend Marg, near Saket Metro Station, Saiyad ul Ajaib, Sainik Farm, New Delhi, Delhi 110030",Transfer Receipt,989DB2B5FAB0,2026-01-01
WIOM,002-MUMBAI,WM-03,Wiom ONT_SY-GPON-2000-WADONT-WHITE,Normal BAU,1,0,0,1,0,0,PCS,ELECTRONICS,,001-SAKET,WIOM Saket Warehouse,GRN/2025/2956,,2026-01-16T16:03:41,,WM-03,,,,TR-2425/13,TR-2425/13,2026-01-16T00:00:00,,Closed,,Mukul,Mukul,,,,NOD/2526/6031,SY102743,,0,,2025-09-11T00:00:00,,1950,TO/2425/131,Warehouse,,1,,,,,,,0,0,DEL_CX4517,0,0,0,0,ONT,,,,,"315/274, Basement, Westend Marg, near Saket Metro Station, Saiyad ul Ajaib, Sainik Farm, New Delhi, Delhi 110030",Transfer Receipt,989DB2B61748,2026-01-01
WIOM,002-MUMBAI,WM-03,Wiom ONT_SY-GPON-2000-WADONT-WHITE,Normal BAU,1,0,0,1,0,0,PCS,ELECTRONICS,,001-SAKET,WIOM Saket Warehouse,GRN/2025/2956,,2026-01-16T16:03:41,,WM-03,,,,TR-2425/13,TR-2425/13,2026-01-16T00:00:00,,Closed,,Mukul,Mukul,,,,NOD/2526/5732,SY101191,,0,,2025-09-04T00:00:00,,1950,TO/2425/131,Warehouse,,1,,,,,,,0,0,DEL_CX4148,0,0,0,0,ONT,,,,,"315/274, Basement, Westend Marg, near Saket Metro Station, Saiyad ul Ajaib, Sainik Farm, New Delhi, Delhi 110030",Transfer Receipt,989DB2B5D9D8,2026-01-01
WIOM,002-MUMBAI,WM-03,Wiom ONT_SY-GPON-2000-WADONT-WHITE,Normal BAU,1,0,0,1,0,0,PCS,ELECTRONICS,,001-SAKET,WIOM Saket Warehouse,GRN/2025/2956,,2026-01-16T16:03:41,,WM-03,,,,TR-2425/13,TR-2425/13,2026-01-16T00:00:00,,Closed,,Mukul,Mukul,,,,NOD/2526/5732,SY101182,,0,,2025-09-04T00:00:00,,1950,TO/2425/131,Warehouse,,1,,,,,,,0,0,DEL_CX4148,0,0,0,0,ONT,,,,,"315/274, Basement, Westend Marg, near Saket Metro Station, Saiyad ul Ajaib, Sainik Farm, New Delhi, Delhi 110030",Transfer Receipt,989DB2B5DDD8,2026-01-01
WIOM,002-MUMBAI,WM-03,Wiom ONT_SY-GPON-2000-WADONT-WHITE,Normal BAU,1,0,0,1,0,0,PCS,ELECTRONICS,,001-SAKET,WIOM Saket Warehouse,GRN/2025/2956,,2026-01-16T16:03:41,,WM-03,,,,TR-2425/13,TR-2425/13,2026-01-16T00:00:00,,Closed,,Mukul,Mukul,,,,NOD/2526/5732,SY101186,,0,,2025-09-04T00:00:00,,1950,TO/2425/131,Warehouse,,1,,,,,,,0,0,DEL_CX4150,0,0,0,0,ONT,,,,,"315/274, Basement, Westend Marg, near Saket Metro Station, Saiyad ul Ajaib, Sainik Farm, New Delhi, Delhi 110030",Transfer Receipt,989DB2B5DEF8,2026-01-01
WIOM,002-MUMBAI,WM-03,Wiom ONT_SY-GPON-2000-WADONT-WHITE,Normal BAU,1,0,0,1,0,0,PCS,ELECTRONICS,,001-SAKET,WIOM Saket Warehouse,GRN/2025/2956,,2026-01-16T16:03:41,,WM-03,,,,TR-2425/13,TR-2425/13,2026-01-16T00:00:00,,Closed,,Mukul,Mukul,,,,NOD/2526/5732,SY101194,,0,,2025-09-04T00:00:00,,1950,TO/2425/131,Warehouse,,1,,,,,,,0,0,DEL_CX4150,0,0,0,0,ONT,,,,,"315/274, Basement, Westend Marg, near Saket Metro Station, Saiyad ul Ajaib, Sainik Farm, New Delhi, Delhi 110030",Transfer Receipt,989DB2B5E0D0,2026-01-01
WIOM,002-MUMBAI,WM-03,Wiom ONT_SY-GPON-2000-WADONT-WHITE,Normal BAU,1,0,0,1,0,0,PCS,ELECTRONICS,,001-SAKET,WIOM Saket Warehouse,GRN/2025/2956,,2026-01-16T16:03:41,,WM-03,,,,TR-2425/13,TR-2425/13,2026-01-16T00:00:00,,Closed,,Mukul,Mukul,,,,NOD/2526/5732,SY101242,,0,,2025-09-04T00:00:00,,1950,TO/2425/131,Warehouse,,1,,,,,,,0,0,DEL_CX4155,0,0,0,0,ONT,,,,,"315/274, Basement, Westend Marg, near Saket Metro Station, Saiyad ul Ajaib, Sainik Farm, New Delhi, Delhi 110030",Transfer Receipt,989DB2B5E938,2026-01-01
WIOM,002-MUMBAI,WM-03,Wiom ONT_SY-GPON-2000-WADONT-WHITE,Normal BAU,1,0,0,1,0,0,PCS,ELECTRONICS,,001-SAKET,WIOM Saket Warehouse,GRN/2025/2956,,2026-01-16T16:03:41,,WM-03,,,,TR-2425/13,TR-2425/13,2026-01-16T00:00:00,,Closed,,Mukul,Mukul,,,,NOD/2526/5732,SY101190,,0,,2025-09-04T00:00:00,,1950,TO/2425/131,Warehouse,,1,,,,,,,0,0,DEL_CX4150,0,0,0,0,ONT,,,,,"315/274, Basement, Westend Marg, near Saket Metro Station, Saiyad ul Ajaib, Sainik Farm, New Delhi, Delhi 110030",Transfer Receipt,989DB2B5E368,2026-01-01
WIOM,002-MUMBAI,WM-03,Wiom ONT_SY-GPON-2000-WADONT-WHITE,Normal BAU,1,0,0,1,0,0,PCS,ELECTRONICS,,001-SAKET,WIOM Saket Warehouse,GRN/2025/2956,,2026-01-16T16:03:41,,WM-03,,,,TR-2425/13,TR-2425/13,2026-01-16T00:00:00,,Closed,,Mukul,Mukul,,,,NOD/2526/5732,SY101198,,0,,2025-09-04T00:00:00,,1950,TO/2425/131,Warehouse,,1,,,,,,,0,0,DEL_CX4150,0,0,0,0,ONT,,,,,"315/274, Basement, Westend Marg, near Saket Metro Station, Saiyad ul Ajaib, Sainik Farm, New Delhi, Delhi 110030",Transfer Receipt,989DB2B5DB40,2026-01-01
WIOM,002-MUMBAI,WM-03,Wiom ONT_SY-GPON-2000-WADONT-WHITE,Normal BAU,1,0,0,1,0,0,PCS,ELECTRONICS,,001-SAKET,WIOM Saket Warehouse,GRN/2025/2956,,2026-01-16T16:03:41,,WM-03,,,,TR-2425/13,TR-2425/13,2026-01-16T00:00:00,,Closed,,Mukul,Mukul,,,,NOD/2526/5732,SY101183,,0,,2025-09-04T00:00:00,,1950,TO/2425/131,Warehouse,,1,,,,,,,0,0,DEL_CX4150,0,0,0,0,ONT,,,,,"315/274, Basement, Westend Marg, near Saket Metro Station, Saiyad ul Ajaib, Sainik Farm, New Delhi, Delhi 110030",Transfer Receipt,989DB2B5DDA0,2026-01-01
WIOM,002-MUMBAI,WM-03,Wiom ONT_SY-GPON-2000-WADONT-WHITE,Normal BAU,1,0,0,1,0,0,PCS,ELECTRONICS,,001-SAKET,WIOM Saket Warehouse,GRN/2025/2956,,2026-01-16T16:03:41,,WM-03,,,,TR-2425/13,TR-2425/13,2026-01-16T00:00:00,,Closed,,Mukul,Mukul,,,,NOD/2526/5732,SY101067,,0,,2025-09-04T00:00:00,,1950,TO/2425/131,Warehouse,,1,,,,,,,0,0,DEL_CX4148,0,0,0,0,ONT,,,,,"315/274, Basement, Westend Marg, near Saket Metro Station, Saiyad ul Ajaib, Sainik Farm, New Delhi, Delhi 110030",Transfer Receipt,989DB2B5EB20,2026-01-01
WIOM,002-MUMBAI,WM-03,Wiom ONT_SY-GPON-2000-WADONT-WHITE,Normal BAU,1,0,0,1,0,0,PCS,ELECTRONICS,,001-SAKET,WIOM Saket Warehouse,GRN/2025/2956,,2026-01-16T16:03:41,,WM-03,,,,TR-2425/13,TR-2425/13,2026-01-16T00:00:00,,Closed,,Mukul,Mukul,,,,NOD/2526/6031,SY102760,,0,,2025-09-11T00:00:00,,1950,TO/2425/131,Warehouse,,1,,,,,,,0,0,DEL_CX4517,0,0,0,0,ONT,,,,,"315/274, Basement, Westend Marg, near Saket Metro Station, Saiyad ul Ajaib, Sainik Farm, New Delhi, Delhi 110030",Transfer Receipt,989DB2B62130,2026-01-01
WIOM,002-MUMBAI,WM-03,Wiom ONT_SY-GPON-2000-WADONT-WHITE,Normal BAU,1,0,0,1,0,0,PCS,ELECTRONICS,,001-SAKET,WIOM Saket Warehouse,GRN/2025/2956,,2026-01-16T16:03:41,,WM-03,,,,TR-2425/13,TR-2425/13,2026-01-16T00:00:00,,Closed,,Mukul,Mukul,,,,NOD/2526/5732,SY101248,,0,,2025-09-04T00:00:00,,1950,TO/2425/131,Warehouse,,1,,,,,,,0,0,DEL_CX4155,0,0,0,0,ONT,,,,,"315/274, Basement, Westend Marg, near Saket Metro Station, Saiyad ul Ajaib, Sainik Farm, New Delhi, Delhi 110030",Transfer Receipt,989DB2B5EBD8,2026-01-01
WIOM,002-MUMBAI,WM-03,Wiom ONT_SY-GPON-2000-WADONT-WHITE,Normal BAU,1,0,0,1,0,0,PCS,ELECTRONICS,,001-SAKET,WIOM Saket Warehouse,GRN/2025/2956,,2026-01-16T16:03:41,,WM-03,,,,TR-2425/13,TR-2425/13,2026-01-16T00:00:00,,Closed,,Mukul,Mukul,,,,NOD/2526/5732,SY101246,,0,,2025-09-04T00:00:00,,1950,TO/2425/131,Warehouse,,1,,,,,,,0,0,DEL_CX4155,0,0,0,0,ONT,,,,,"315/274, Basement, Westend Marg, near Saket Metro Station, Saiyad ul Ajaib, Sainik Farm, New Delhi, Delhi 110030",Transfer Receipt,989DB2B5F380,2026-01-01
WIOM,002-MUMBAI,WM-03,Wiom ONT_SY-GPON-2000-WADONT-WHITE,Normal BAU,1,0,0,1,0,0,PCS,ELECTRONICS,,001-SAKET,WIOM Saket Warehouse,GRN/2025/2956,,2026-01-16T16:03:41,,WM-03,,,,TR-2425/13,TR-2425/13,2026-01-16T00:00:00,,Closed,,Mukul,Mukul,,,,NOD/2526/6031,SY102855,,0,,2025-09-11T00:00:00,,1950,TO/2425/131,Warehouse,,1,,,,,,,0,0,DEL_CX4517,0,0,0,0,ONT,,,,,"315/274, Basement, Westend Marg, near Saket Metro Station, Saiyad ul Ajaib, Sainik Farm, New Delhi, Delhi 110030",Transfer Receipt,989DB2B62830,2026-01-01
WIOM,002-MUMBAI,WM-03,Wiom ONT_SY-GPON-2000-WADONT-WHITE,Normal BAU,1,0,0,1,0,0,PCS,ELECTRONICS,,001-SAKET,WIOM Saket Warehouse,GRN/2025/2956,,2026-01-16T16:03:41,,WM-03,,,,TR-2425/13,TR-2425/13,2026-01-16T00:00:00,,Closed,,Mukul,Mukul,,,,NOD/2526/5732,SY101245,,0,,2025-09-04T00:00:00,,1950,TO/2425/131,Warehouse,,1,,,,,,,0,0,DEL_CX4155,0,0,0,0,ONT,,,,,"315/274, Basement, Westend Marg, near Saket Metro Station, Saiyad ul Ajaib, Sainik Farm, New Delhi, Delhi 110030",Transfer Receipt,989DB2B5E930,2026-01-01
WIOM,002-MUMBAI,WM-03,Wiom ONT_SY-GPON-2000-WADONT-WHITE,Normal BAU,1,0,0,1,0,0,PCS,ELECTRONICS,,001-SAKET,WIOM Saket Warehouse,GRN/2025/2956,,2026-01-16T16:03:41,,WM-03,,,,TR-2425/13,TR-2425/13,2026-01-16T00:00:00,,Closed,,Mukul,Mukul,,,,NOD/2526/5732,SY101251,,0,,2025-09-04T00:00:00,,1950,TO/2425/131,Warehouse,,1,,,,,,,0,0,DEL_CX4155,0,0,0,0,ONT,,,,,"315/274, Basement, Westend Marg, near Saket Metro Station, Saiyad ul Ajaib, Sainik Farm, New Delhi, Delhi 110030",Transfer Receipt,989DB2B5E9B0,2026-01-01
WIOM,002-MUMBAI,WM-03,Wiom ONT_SY-GPON-2000-WADONT-WHITE,Normal BAU,1,0,0,1,0,0,PCS,ELECTRONICS,,001-SAKET,WIOM Saket Warehouse,GRN/2025/2956,,2026-01-16T16:03:41,,WM-03,,,,TR-2425/13,TR-2425/13,2026-01-16T00:00:00,,Closed,,Mukul,Mukul,,,,NOD/2526/5732,SY101250,,0,,2025-09-04T00:00:00,,1950,TO/2425/131,Warehouse,,1,,,,,,,0,0,DEL_CX4155,0,0,0,0,ONT,,,,,"315/274, Basement, Westend Marg, near Saket Metro Station, Saiyad ul Ajaib, Sainik Farm, New Delhi, Delhi 110030",Transfer Receipt,989DB2B5F1E0,2026-01-01
WIOM,002-MUMBAI,WM-03,Wiom ONT_SY-GPON-2000-WADONT-WHITE,Normal BAU,1,0,0,1,0,0,PCS,ELECTRONICS,,001-SAKET,WIOM Saket Warehouse,GRN/2025/2956,,2026-01-16T16:03:41,,WM-03,,,,TR-2425/13,TR-2425/13,2026-01-16T00:00:00,,Closed,,Mukul,Mukul,,,,NOD/2526/5732,SY101247,,0,,2025-09-04T00:00:00,,1950,TO/2425/131,Warehouse,,1,,,,,,,0,0,DEL_CX4155,0,0,0,0,ONT,,,,,"315/274, Basement, Westend Marg, near Saket Metro Station, Saiyad ul Ajaib, Sainik Farm, New Delhi, Delhi 110030",Transfer Receipt,989DB2B5F050,2026-01-01
WIOM,002-MUMBAI,WM-03,Wiom ONT_SY-GPON-2000-WADONT-WHITE,Normal BAU,1,0,0,1,0,0,PCS,ELECTRONICS,,001-SAKET,WIOM Saket Warehouse,GRN/2025/2956,,2026-01-16T16:03:41,,WM-03,,,,TR-2425/13,TR-2425/13,2026-01-16T00:00:00,,Closed,,Mukul,Mukul,,,,NOD/2526/5732,SY101241,,0,,2025-09-04T00:00:00,,1950,TO/2425/131,Warehouse,,1,,,,,,,0,0,DEL_CX4155,0,0,0,0,ONT,,,,,"315/274, Basement, Westend Marg, near Saket Metro Station, Saiyad ul Ajaib, Sainik Farm, New Delhi, Delhi 110030",Transfer Receipt,989DB2B5E988,2026-01-01
WIOM,002-MUMBAI,WM-03,Wiom ONT_SY-GPON-2000-WADONT-WHITE,Normal BAU,1,0,0,1,0,0,PCS,ELECTRONICS,,001-SAKET,WIOM Saket Warehouse,GRN/2025/2956,,2026-01-16T16:03:41,,WM-03,,,,TR-2425/13,TR-2425/13,2026-01-16T00:00:00,,Closed,,Mukul,Mukul,,,,NOD/2526/6031,SY102883,,0,,2025-09-11T00:00:00,,1950,TO/2425/131,Warehouse,,1,,,,,,,0,0,DEL_CX4520,0,0,0,0,ONT,,,,,"315/274, Basement, Westend Marg, near Saket Metro Station, Saiyad ul Ajaib, Sainik Farm, New Delhi, Delhi 110030",Transfer Receipt,989DB2B63010,2026-01-01
WIOM,002-MUMBAI,WM-03,Wiom ONT_SY-GPON-2000-WADONT-WHITE,Normal BAU,1,0,0,1,0,0,PCS,ELECTRONICS,,001-SAKET,WIOM Saket Warehouse,GRN/2025/2956,,2026-01-16T16:03:41,,WM-03,,,,TR-2425/13,TR-2425/13,2026-01-16T00:00:00,,Closed,,Mukul,Mukul,,,,NOD/2526/5732,SY101256,,0,,2025-09-04T00:00:00,,1950,TO/2425/131,Warehouse,,1,,,,,,,0,0,DEL_CX4155,0,0,0,0,ONT,,,,,"315/274, Basement, Westend Marg, near Saket Metro Station, Saiyad ul Ajaib, Sainik Farm, New Delhi, Delhi 110030",Transfer Receipt,989DB2B5EA50,2026-01-01
WIOM,002-MUMBAI,WM-03,Wiom ONT_SY-GPON-2000-WADONT-WHITE,Normal BAU,1,0,0,1,0,0,PCS,ELECTRONICS,,001-SAKET,WIOM Saket Warehouse,GRN/2025/2956,,2026-01-16T16:03:41,,WM-03,,,,TR-2425/13,TR-2425/13,2026-01-16T00:00:00,,Closed,,Mukul,Mukul,,,,NOD/2526/5732,SY102149,,0,,2025-09-04T00:00:00,,1950,TO/2425/131,Warehouse,,1,,,,,,,0,0,DEL_CX4105,0,0,0,0,ONT,,,,,"315/274, Basement, Westend Marg, near Saket Metro Station, Saiyad ul Ajaib, Sainik Farm, New Delhi, Delhi 110030",Transfer Receipt,989DB2B5F0F8,2026-01-01
WIOM,002-MUMBAI,WM-03,Wiom ONT_SY-GPON-2000-WADONT-WHITE,Normal BAU,1,0,0,1,0,0,PCS,ELECTRONICS,,001-SAKET,WIOM Saket Warehouse,GRN/2025/2956,,2026-01-16T16:03:41,,WM-03,,,,TR-2425/13,TR-2425/13,2026-01-16T00:00:00,,Closed,,Mukul,Mukul,,,,NOD/2526/5732,SY101254,,0,,2025-09-04T00:00:00,,1950,TO/2425/131,Warehouse,,1,,,,,,,0,0,DEL_CX4155,0,0,0,0,ONT,,,,,"315/274, Basement, Westend Marg, near Saket Metro Station, Saiyad ul Ajaib, Sainik Farm, New Delhi, Delhi 110030",Transfer Receipt,989DB2B5F448,2026-01-01
WIOM,002-MUMBAI,WM-03,Wiom ONT_SY-GPON-2000-WADONT-WHITE,Normal BAU,1,0,0,1,0,0,PCS,ELECTRONICS,,001-SAKET,WIOM Saket Warehouse,GRN/2025/2956,,2026-01-16T16:03:41,,WM-03,,,,TR-2425/13,TR-2425/13,2026-01-16T00:00:00,,Closed,,Mukul,Mukul,,,,NOD/2526/5732,SY101253,,0,,2025-09-04T00:00:00,,1950,TO/2425/131,Warehouse,,1,,,,,,,0,0,DEL_CX4155,0,0,0,0,ONT,,,,,"315/274, Basement, Westend Marg, near Saket Metro Station, Saiyad ul Ajaib, Sainik Farm, New Delhi, Delhi 110030",Transfer Receipt,989DB2B5EA20,2026-01-01
WIOM,002-MUMBAI,WM-03,Wiom ONT_SY-GPON-2000-WADONT-WHITE,Normal BAU,1,0,0,1,0,0,PCS,ELECTRONICS,,001-SAKET,WIOM Saket Warehouse,GRN/2025/2956,,2026-01-16T16:03:41,,WM-03,,,,TR-2425/13,TR-2425/13,2026-01-16T00:00:00,,Closed,,Mukul,Mukul,,,,NOD/2526/6031,SY102899,,0,,2025-09-11T00:00:00,,1950,TO/2425/131,Warehouse,,1,,,,,,,0,0,DEL_CX4520,0,0,0,0,ONT,,,,,"315/274, Basement, Westend Marg, near Saket Metro Station, Saiyad ul Ajaib, Sainik Farm, New Delhi, Delhi 110030",Transfer Receipt,989DB2B63378,2026-01-01
WIOM,002-MUMBAI,WM-03,Wiom ONT_SY-GPON-2000-WADONT-WHITE,Normal BAU,1,0,0,1,0,0,PCS,ELECTRONICS,,001-SAKET,WIOM Saket Warehouse,GRN/2025/2956,,2026-01-16T16:03:41,,WM-03,,,,TR-2425/13,TR-2425/13,2026-01-16T00:00:00,,Closed,,Mukul,Mukul,,,,NOD/2526/5732,SY101259,,0,,2025-09-04T00:00:00,,1950,TO/2425/131,Warehouse,,1,,,,,,,0,0,DEL_CX4155,0,0,0,0,ONT,,,,,"315/274, Basement, Westend Marg, near Saket Metro Station, Saiyad ul Ajaib, Sainik Farm, New Delhi, Delhi 110030",Transfer Receipt,989DB2B5F438,2026-01-01
WIOM,002-MUMBAI,WM-03,Wiom ONT_SY-GPON-2000-WADONT-WHITE,Normal BAU,1,0,0,1,0,0,PCS,ELECTRONICS,,001-SAKET,WIOM Saket Warehouse,GRN/2025/2956,,2026-01-16T16:03:41,,WM-03,,,,TR-2425/13,TR-2425/13,2026-01-16T00:00:00,,Closed,,Mukul,Mukul,,,,NOD/2526/5732,SY101258,,0,,2025-09-04T00:00:00,,1950,TO/2425/131,Warehouse,,1,,,,,,,0,0,DEL_CX4155,0,0,0,0,ONT,,,,,"315/274, Basement, Westend Marg, near Saket Metro Station, Saiyad ul Ajaib, Sainik Farm, New Delhi, Delhi 110030",Transfer Receipt,989DB2B5F120,2026-01-01
WIOM,002-MUMBAI,WM-03,Wiom ONT_SY-GPON-2000-WADONT-WHITE,Normal BAU,1,0,0,1,0,0,PCS,ELECTRONICS,,001-SAKET,WIOM Saket Warehouse,GRN/2025/2956,,2026-01-16T16:03:41,,WM-03,,,,TR-2425/13,TR-2425/13,2026-01-16T00:00:00,,Closed,,Mukul,Mukul,,,,NOD/2526/5732,SY101255,,0,,2025-09-04T00:00:00,,1950,TO/2425/131,Warehouse,,1,,,,,,,0,0,DEL_CX4155,0,0,0,0,ONT,,,,,"315/274, Basement, Westend Marg, near Saket Metro Station, Saiyad ul Ajaib, Sainik Farm, New Delhi, Delhi 110030",Transfer Receipt,989DB2B5E978,2026-01-01
WIOM,002-MUMBAI,WM-03,Wiom ONT_SY-GPON-2000-WADONT-WHITE,Normal BAU,1,0,0,1,0,0,PCS,ELECTRONICS,,001-SAKET,WIOM Saket Warehouse,GRN/2025/2956,,2026-01-16T16:03:41,,WM-03,,,,TR-2425/13,TR-2425/13,2026-01-16T00:00:00,,Closed,,Mukul,Mukul,,,,NOD/2526/5732,SY101249,,0,,2025-09-04T00:00:00,,1950,TO/2425/131,Warehouse,,1,,,,,,,0,0,DEL_CX4155,0,0,0,0,ONT,,,,,"315/274, Basement, Westend Marg, near Saket Metro Station, Saiyad ul Ajaib, Sainik Farm, New Delhi, Delhi 110030",Transfer Receipt,989DB2B5F2D0,2026-01-01
WIOM,002-MUMBAI,WM-03,Wiom ONT_SY-GPON-2000-WADONT-WHITE,Normal BAU,1,0,0,1,0,0,PCS,ELECTRONICS,,001-SAKET,WIOM Saket Warehouse,GRN/2025/2956,,2026-01-16T16:03:41,,WM-03,,,,TR-2425/13,TR-2425/13,2026-01-16T00:00:00,,Closed,,Mukul,Mukul,,,,NOD/2526/5732,SY101243,,0,,2025-09-04T00:00:00,,1950,TO/2425/131,Warehouse,,1,,,,,,,0,0,DEL_CX4155,0,0,0,0,ONT,,,,,"315/274, Basement, Westend Marg, near Saket Metro Station, Saiyad ul Ajaib, Sainik Farm, New Delhi, Delhi 110030",Transfer Receipt,989DB2B5E9A8,2026-01-01
WIOM,002-MUMBAI,WM-03,Wiom ONT_SY-GPON-2000-WADONT-WHITE,Normal BAU,1,0,0,1,0,0,PCS,ELECTRONICS,,001-SAKET,WIOM Saket Warehouse,GRN/2025/2956,,2026-01-16T16:03:41,,WM-03,,,,TR-2425/13,TR-2425/13,2026-01-16T00:00:00,,Closed,,Mukul,Mukul,,,,NOD/2526/5732,SY101055,,0,,2025-09-04T00:00:00,,1950,TO/2425/131,Warehouse,,1,,,,,,,0,0,DEL_CX4134,0,0,0,0,ONT,,,,,"315/274, Basement, Westend Marg, near Saket Metro Station, Saiyad ul Ajaib, Sainik Farm, New Delhi, Delhi 110030",Transfer Receipt,989DB2B5DB18,2026-01-01
WIOM,002-MUMBAI,WM-03,Wiom ONT_SY-GPON-2000-WADONT-WHITE,Normal BAU,1,0,0,1,0,0,PCS,ELECTRONICS,,001-SAKET,WIOM Saket Warehouse,GRN/2025/2956,,2026-01-16T16:03:41,,WM-03,,,,TR-2425/13,TR-2425/13,2026-01-16T00:00:00,,Closed,,Mukul,Mukul,,,,NOD/2526/5538,SY100955,,0,,2025-08-30T00:00:00,,1950,TO/2425/131,Warehouse,,1,,,,,,,0,0,DEL_CX3987,0,0,0,0,ONT,,,,,"315/274, Basement, Westend Marg, near Saket Metro Station, Saiyad ul Ajaib, Sainik Farm, New Delhi, Delhi 110030",Transfer Receipt,989DB2B5D670,2026-01-01
WIOM,002-MUMBAI,WM-03,Wiom ONT_SY-GPON-2000-WADONT-WHITE,Normal BAU,1,0,0,1,0,0,PCS,ELECTRONICS,,001-SAKET,WIOM Saket Warehouse,GRN/2025/2956,,2026-01-16T16:03:41,,WM-03,,,,TR-2425/13,TR-2425/13,2026-01-16T00:00:00,,Closed,,Mukul,Mukul,,,,NOD/2526/5732,SY101511,,0,,2025-09-04T00:00:00,,1950,TO/2425/131,Warehouse,,1,,,,,,,0,0,DEL_CX4125,0,0,0,0,ONT,,,,,"315/274, Basement, Westend Marg, near Saket Metro Station, Saiyad ul Ajaib, Sainik Farm, New Delhi, Delhi 110030",Transfer Receipt,989DB2B5DDF8,2026-01-01
WIOM,002-MUMBAI,WM-03,Wiom ONT_SY-GPON-2000-WADONT-WHITE,Normal BAU,1,0,0,1,0,0,PCS,ELECTRONICS,,001-SAKET,WIOM Saket Warehouse,GRN/2025/2956,,2026-01-16T16:03:41,,WM-03,,,,TR-2425/13,TR-2425/13,2026-01-16T00:00:00,,Closed,,Mukul,Mukul,,,,NOD/2526/6031,SY103107,,0,,2025-09-11T00:00:00,,1950,TO/2425/131,Warehouse,,1,,,,,,,0,0,DEL_CX4534,0,0,0,0,ONT,,,,,"315/274, Basement, Westend Marg, near Saket Metro Station, Saiyad ul Ajaib, Sainik Farm, New Delhi, Delhi 110030",Transfer Receipt,989DB2B62D68,2026-01-01
WIOM,002-MUMBAI,WM-03,Wiom ONT_SY-GPON-2000-WADONT-WHITE,Normal BAU,1,0,0,1,0,0,PCS,ELECTRONICS,,001-SAKET,WIOM Saket Warehouse,GRN/2025/2956,,2026-01-16T16:03:41,,WM-03,,,,TR-2425/13,TR-2425/13,2026-01-16T00:00:00,,Closed,,Mukul,Mukul,,,,NOD/2526/5732,SY101311,,0,,2025-09-04T00:00:00,,1950,TO/2425/131,Warehouse,,1,,,,,,,0,0,DEL_CX4082,0,0,0,0,ONT,,,,,"315/274, Basement, Westend Marg, near Saket Metro Station, Saiyad ul Ajaib, Sainik Farm, New Delhi, Delhi 110030",Transfer Receipt,989DB2B5F2F0,2026-01-01
WIOM,002-MUMBAI,WM-03,Wiom ONT_SY-GPON-2000-WADONT-WHITE,Normal BAU,1,0,0,1,0,0,PCS,ELECTRONICS,,001-SAKET,WIOM Saket Warehouse,GRN/2025/2956,,2026-01-16T16:03:41,,WM-03,,,,TR-2425/13,TR-2425/13,2026-01-16T00:00:00,,Closed,,Mukul,Mukul,,,,NOD/2526/5732,SY101310,,0,,2025-09-04T00:00:00,,1950,TO/2425/131,Warehouse,,1,,,,,,,0,0,DEL_CX4082,0,0,0,0,ONT,,,,,"315/274, Basement, Westend Marg, near Saket Metro Station, Saiyad ul Ajaib, Sainik Farm, New Delhi, Delhi 110030",Transfer Receipt,989DB2B5F018,2026-01-01
WIOM,002-MUMBAI,WM-03,Wiom ONT_SY-GPON-2000-WADONT-WHITE,Normal BAU,1,0,0,1,0,0,PCS,ELECTRONICS,,001-SAKET,WIOM Saket Warehouse,GRN/2025/2956,,2026-01-16T16:03:41,,WM-03,,,,TR-2425/13,TR-2425/13,2026-01-16T00:00:00,,Closed,,Mukul,Mukul,,,,NOD/2526/5732,SY101312,,0,,2025-09-04T00:00:00,,1950,TO/2425/131,Warehouse,,1,,,,,,,0,0,DEL_CX4082,0,0,0,0,ONT,,,,,"315/274, Basement, Westend Marg, near Saket Metro Station, Saiyad ul Ajaib, Sainik Farm, New Delhi, Delhi 110030",Transfer Receipt,989DB2B5F320,2026-01-01
WIOM,002-MUMBAI,WM-03,Wiom ONT_SY-GPON-2000-WADONT-WHITE,Normal BAU,1,0,0,1,0,0,PCS,ELECTRONICS,,001-SAKET,WIOM Saket Warehouse,GRN/2025/2956,,2026-01-16T16:03:41,,WM-03,,,,TR-2425/13,TR-2425/13,2026-01-16T00:00:00,,Closed,,Mukul,Mukul,,,,NOD/2526/5732,SY101303,,0,,2025-09-04T00:00:00,,1950,TO/2425/131,Warehouse,,1,,,,,,,0,0,DEL_CX4082,0,0,0,0,ONT,,,,,"315/274, Basement, Westend Marg, near Saket Metro Station, Saiyad ul Ajaib, Sainik Farm, New Delhi, Delhi 110030",Transfer Receipt,989DB2B5EB70,2026-01-01
WIOM,002-MUMBAI,WM-03,Wiom ONT_SY-GPON-2000-WADONT-WHITE,Normal BAU,1,0,0,1,0,0,PCS,ELECTRONICS,,001-SAKET,WIOM Saket Warehouse,GRN/2025/2956,,2026-01-16T16:03:41,,WM-03,,,,TR-2425/13,TR-2425/13,2026-01-16T00:00:00,,Closed,,Mukul,Mukul,,,,NOD/2526/5732,SY101308,,0,,2025-09-04T00:00:00,,1950,TO/2425/131,Warehouse,,1,,,,,,,0,0,DEL_CX4082,0,0,0,0,ONT,,,,,"315/274, Basement, Westend Marg, near Saket Metro Station, Saiyad ul Ajaib, Sainik Farm, New Delhi, Delhi 110030",Transfer Receipt,989DB2B5FF38,2026-01-01
WIOM,002-MUMBAI,WM-03,Wiom ONT_SY-GPON-2000-WADONT-WHITE,Normal BAU,1,0,0,1,0,0,PCS,ELECTRONICS,,001-SAKET,WIOM Saket Warehouse,GRN/2025/2956,,2026-01-16T16:03:41,,WM-03,,,,TR-2425/13,TR-2425/13,2026-01-16T00:00:00,,Closed,,Mukul,Mukul,,,,NOD/2526/5732,SY101315,,0,,2025-09-04T00:00:00,,1950,TO/2425/131,Warehouse,,1,,,,,,,0,0,DEL_CX4082,0,0,0,0,ONT,,,,,"315/274, Basement, Westend Marg, near Saket Metro Station, Saiyad ul Ajaib, Sainik Farm, New Delhi, Delhi 110030",Transfer Receipt,989DB2B5E718,2026-01-01
WIOM,002-MUMBAI,WM-03,Wiom ONT_SY-GPON-2000-WADONT-WHITE,Normal BAU,1,0,0,1,0,0,PCS,ELECTRONICS,,001-SAKET,WIOM Saket Warehouse,GRN/2025/2956,,2026-01-16T16:03:41,,WM-03,,,,TR-2425/13,TR-2425/13,2026-01-16T00:00:00,,Closed,,Mukul,Mukul,,,,NOD/2526/5732,SY101317,,0,,2025-09-04T00:00:00,,1950,TO/2425/131,Warehouse,,1,,,,,,,0,0,DEL_CX4082,0,0,0,0,ONT,,,,,"315/274, Basement, Westend Marg, near Saket Metro Station, Saiyad ul Ajaib, Sainik Farm, New Delhi, Delhi 110030",Transfer Receipt,989DB2B5F048,2026-01-01
WIOM,002-MUMBAI,WM-03,Wiom ONT_SY-GPON-2000-WADONT-WHITE,Normal BAU,1,0,0,1,0,0,PCS,ELECTRONICS,,001-SAKET,WIOM Saket Warehouse,GRN/2025/2956,,2026-01-16T16:03:41,,WM-03,,,,TR-2425/13,TR-2425/13,2026-01-16T00:00:00,,Closed,,Mukul,Mukul,,,,NOD/2526/5732,SY101319,,0,,2025-09-04T00:00:00,,1950,TO/2425/131,Warehouse,,1,,,,,,,0,0,DEL_CX4082,0,0,0,0,ONT,,,,,"315/274, Basement, Westend Marg, near Saket Metro Station, Saiyad ul Ajaib, Sainik Farm, New Delhi, Delhi 110030",Transfer Receipt,989DB2B5F430,2026-01-01
WIOM,002-MUMBAI,WM-03,Wiom ONT_SY-GPON-2000-WADONT-WHITE,Normal BAU,1,0,0,1,0,0,PCS,ELECTRONICS,,001-SAKET,WIOM Saket Warehouse,GRN/2025/2956,,2026-01-16T16:03:41,,WM-03,,,,TR-2425/13,TR-2425/13,2026-01-16T00:00:00,,Closed,,Mukul,Mukul,,,,NOD/2526/6031,SY103115,,0,,2025-09-11T00:00:00,,1950,TO/2425/131,Warehouse,,1,,,,,,,0,0,DEL_CX4534,0,0,0,0,ONT,,,,,"315/274, Basement, Westend Marg, near Saket Metro Station, Saiyad ul Ajaib, Sainik Farm, New Delhi, Delhi 110030",Transfer Receipt,989DB2B62890,2026-01-01
WIOM,002-MUMBAI,WM-03,Wiom ONT_SY-GPON-2000-WADONT-WHITE,Normal BAU,1,0,0,1,0,0,PCS,ELECTRONICS,,001-SAKET,WIOM Saket Warehouse,GRN/2025/2956,,2026-01-16T16:03:41,,WM-03,,,,TR-2425/13,TR-2425/13,2026-01-16T00:00:00,,Closed,,Mukul,Mukul,,,,NOD/2526/5732,SY101322,,0,,2025-09-04T00:00:00,,1950,TO/2425/131,Warehouse,,1,,,,,,,0,0,DEL_CX4142,0,0,0,0,ONT,,,,,"315/274, Basement, Westend Marg, near Saket Metro Station, Saiyad ul Ajaib, Sainik Farm, New Delhi, Delhi 110030",Transfer Receipt,989DB2B5F2B8,2026-01-01
WIOM,002-MUMBAI,WM-03,Wiom ONT_SY-GPON-2000-WADONT-WHITE,Normal BAU,1,0,0,1,0,0,PCS,ELECTRONICS,,001-SAKET,WIOM Saket Warehouse,GRN/2025/2956,,2026-01-16T16:03:41,,WM-03,,,,TR-2425/13,TR-2425/13,2026-01-16T00:00:00,,Closed,,Mukul,Mukul,,,,NOD/2526/5732,SY101560,,0,,2025-09-04T00:00:00,,1950,TO/2425/131,Warehouse,,1,,,,,,,0,0,DEL_CX4082,0,0,0,0,ONT,,,,,"315/274, Basement, Westend Marg, near Saket Metro Station, Saiyad ul Ajaib, Sainik Farm, New Delhi, Delhi 110030",Transfer Receipt,989DB2B5EC68,2026-01-01
WIOM,002-MUMBAI,WM-03,Wiom ONT_SY-GPON-2000-WADONT-WHITE,Normal BAU,1,0,0,1,0,0,PCS,ELECTRONICS,,001-SAKET,WIOM Saket Warehouse,GRN/2025/2956,,2026-01-16T16:03:41,,WM-03,,,,TR-2425/13,TR-2425/13,2026-01-16T00:00:00,,Closed,,Mukul,Mukul,,,,NOD/2526/5732,SY101329,,0,,2025-09-04T00:00:00,,1950,TO/2425/131,Warehouse,,1,,,,,,,0,0,DEL_CX4143,0,0,0,0,ONT,,,,,"315/274, Basement, Westend Marg, near Saket Metro Station, Saiyad ul Ajaib, Sainik Farm, New Delhi, Delhi 110030",Transfer Receipt,989DB2B5EC10,2026-01-01
WIOM,002-MUMBAI,WM-03,Wiom ONT_SY-GPON-2000-WADONT-WHITE,Normal BAU,1,0,0,1,0,0,PCS,ELECTRONICS,,001-SAKET,WIOM Saket Warehouse,GRN/2025/2956,,2026-01-16T16:03:41,,WM-03,,,,TR-2425/13,TR-2425/13,2026-01-16T00:00:00,,Closed,,Mukul,Mukul,,,,NOD/2526/5732,SY101320,,0,,2025-09-04T00:00:00,,1950,TO/2425/131,Warehouse,,1,,,,,,,0,0,DEL_CX4082,0,0,0,0,ONT,,,,,"315/274, Basement, Westend Marg, near Saket Metro Station, Saiyad ul Ajaib, Sainik Farm, New Delhi, Delhi 110030",Transfer Receipt,989DB2B5CB40,2026-01-01
WIOM,002-MUMBAI,WM-03,Wiom ONT_SY-GPON-2000-WADONT-WHITE,Normal BAU,1,0,0,1,0,0,PCS,ELECTRONICS,,001-SAKET,WIOM Saket Warehouse,GRN/2025/2956,,2026-01-16T16:03:41,,WM-03,,,,TR-2425/13,TR-2425/13,2026-01-16T00:00:00,,Closed,,Mukul,Mukul,,,,NOD/2526/5732,SY101321,,0,,2025-09-04T00:00:00,,1950,TO/2425/131,Warehouse,,1,,,,,,,0,0,DEL_CX4143,0,0,0,0,ONT,,,,,"315/274, Basement, Westend Marg, near Saket Metro Station, Saiyad ul Ajaib, Sainik Farm, New Delhi, Delhi 110030",Transfer Receipt,989DB2B5E888,2026-01-01
WIOM,002-MUMBAI,WM-03,Wiom ONT_SY-GPON-2000-WADONT-WHITE,Normal BAU,1,0,0,1,0,0,PCS,ELECTRONICS,,001-SAKET,WIOM Saket Warehouse,GRN/2025/2956,,2026-01-16T16:03:41,,WM-03,,,,TR-2425/13,TR-2425/13,2026-01-16T00:00:00,,Closed,,Mukul,Mukul,,,,NOD/2526/5732,SY101316,,0,,2025-09-04T00:00:00,,1950,TO/2425/131,Warehouse,,1,,,,,,,0,0,DEL_CX4082,0,0,0,0,ONT,,,,,"315/274, Basement, Westend Marg, near Saket Metro Station, Saiyad ul Ajaib, Sainik Farm, New Delhi, Delhi 110030",Transfer Receipt,989DB2B5F0D0,2026-01-01
WIOM,002-MUMBAI,WM-03,Wiom ONT_SY-GPON-2000-WADONT-WHITE,Normal BAU,1,0,0,1,0,0,PCS,ELECTRONICS,,001-SAKET,WIOM Saket Warehouse,GRN/2025/2956,,2026-01-16T16:03:41,,WM-03,,,,TR-2425/13,TR-2425/13,2026-01-16T00:00:00,,Closed,,Mukul,Mukul,,,,NOD/2526/5732,SY101309,,0,,2025-09-04T00:00:00,,1950,TO/2425/131,Warehouse,,1,,,,,,,0,0,DEL_CX4082,0,0,0,0,ONT,,,,,"315/274, Basement, Westend Marg, near Saket Metro Station, Saiyad ul Ajaib, Sainik Farm, New Delhi, Delhi 110030",Transfer Receipt,989DB2B5F0C0,2026-01-01
WIOM,002-MUMBAI,WM-03,Wiom ONT_SY-GPON-2000-WADONT-WHITE,Normal BAU,1,0,0,1,0,0,PCS,ELECTRONICS,,001-SAKET,WIOM Saket Warehouse,GRN/2025/2956,,2026-01-16T16:03:41,,WM-03,,,,TR-2425/13,TR-2425/13,2026-01-16T00:00:00,,Closed,,Mukul,Mukul,,,,NOD/2526/6031,SY103118,,0,,2025-09-11T00:00:00,,1950,TO/2425/131,Warehouse,,1,,,,,,,0,0,DEL_CX4534,0,0,0,0,ONT,,,,,"315/274, Basement, Westend Marg, near Saket Metro Station, Saiyad ul Ajaib, Sainik Farm, New Delhi, Delhi 110030",Transfer Receipt,989DB2B632F0,2026-01-01
WIOM,002-MUMBAI,WM-03,Wiom ONT_SY-GPON-2000-WADONT-WHITE,Normal BAU,1,0,0,1,0,0,PCS,ELECTRONICS,,001-SAKET,WIOM Saket Warehouse,GRN/2025/2956,,2026-01-16T16:03:41,,WM-03,,,,TR-2425/13,TR-2425/13,2026-01-16T00:00:00,,Closed,,Mukul,Mukul,,,,NOD/2526/5732,SY101337,,0,,2025-09-04T00:00:00,,1950,TO/2425/131,Warehouse,,1,,,,,,,0,0,DEL_CX4143,0,0,0,0,ONT,,,,,"315/274, Basement, Westend Marg, near Saket Metro Station, Saiyad ul Ajaib, Sainik Farm, New Delhi, Delhi 110030",Transfer Receipt,989DB2B5F218,2026-01-01
WIOM,002-MUMBAI,WM-03,Wiom ONT_SY-GPON-2000-WADONT-WHITE,Normal BAU,1,0,0,1,0,0,PCS,ELECTRONICS,,001-SAKET,WIOM Saket Warehouse,GRN/2025/2956,,2026-01-16T16:03:41,,WM-03,,,,TR-2425/13,TR-2425/13,2026-01-16T00:00:00,,Closed,,Mukul,Mukul,,,,NOD/2526/5732,SY101326,,0,,2025-09-04T00:00:00,,1950,TO/2425/131,Warehouse,,1,,,,,,,0,0,DEL_CX4142,0,0,0,0,ONT,,,,,"315/274, Basement, Westend Marg, near Saket Metro Station, Saiyad ul Ajaib, Sainik Farm, New Delhi, Delhi 110030",Transfer Receipt,989DB2B5EF50,2026-01-01
WIOM,002-MUMBAI,WM-03,Wiom ONT_SY-GPON-2000-WADONT-WHITE,Normal BAU,1,0,0,1,0,0,PCS,ELECTRONICS,,001-SAKET,WIOM Saket Warehouse,GRN/2025/2956,,2026-01-16T16:03:41,,WM-03,,,,TR-2425/13,TR-2425/13,2026-01-16T00:00:00,,Closed,,Mukul,Mukul,,,,NOD/2526/5732,SY101334,,0,,2025-09-04T00:00:00,,1950,TO/2425/131,Warehouse,,1,,,,,,,0,0,DEL_CX4142,0,0,0,0,ONT,,,,,"315/274, Basement, Westend Marg, near Saket Metro Station, Saiyad ul Ajaib, Sainik Farm, New Delhi, Delhi 110030",Transfer Receipt,989DB2B5EEB0,2026-01-01
WIOM,002-MUMBAI,WM-03,Wiom ONT_SY-GPON-2000-WADONT-WHITE,Normal BAU,1,0,0,1,0,0,PCS,ELECTRONICS,,001-SAKET,WIOM Saket Warehouse,GRN/2025/2956,,2026-01-16T16:03:41,,WM-03,,,,TR-2425/13,TR-2425/13,2026-01-16T00:00:00,,Closed,,Mukul,Mukul,,,,NOD/2526/5732,SY101354,,0,,2025-09-04T00:00:00,,1950,TO/2425/131,Warehouse,,1,,,,,,,0,0,DEL_CX4150,0,0,0,0,ONT,,,,,"315/274, Basement, Westend Marg, near Saket Metro Station, Saiyad ul Ajaib, Sainik Farm, New Delhi, Delhi 110030",Transfer Receipt,989DB2B5EC90,2026-01-01
WIOM,002-MUMBAI,WM-03,Wiom ONT_SY-GPON-2000-WADONT-WHITE,Normal BAU,1,0,0,1,0,0,PCS,ELECTRONICS,,001-SAKET,WIOM Saket Warehouse,GRN/2025/2956,,2026-01-16T16:03:41,,WM-03,,,,TR-2425/13,TR-2425/13,2026-01-16T00:00:00,,Closed,,Mukul,Mukul,,,,NOD/2526/5732,SY101346,,0,,2025-09-04T00:00:00,,1950,TO/2425/131,Warehouse,,1,,,,,,,0,0,DEL_CX4150,0,0,0,0,ONT,,,,,"315/274, Basement, Westend Marg, near Saket Metro Station, Saiyad ul Ajaib, Sainik Farm, New Delhi, Delhi 110030",Transfer Receipt,989DB2B5F578,2026-01-01
WIOM,002-MUMBAI,WM-03,Wiom ONT_SY-GPON-2000-WADONT-WHITE,Normal BAU,1,0,0,1,0,0,PCS,ELECTRONICS,,001-SAKET,WIOM Saket Warehouse,GRN/2025/2956,,2026-01-16T16:03:41,,WM-03,,,,TR-2425/13,TR-2425/13,2026-01-16T00:00:00,,Closed,,Mukul,Mukul,,,,NOD/2526/5732,SY101338,,0,,2025-09-04T00:00:00,,1950,TO/2425/131,Warehouse,,1,,,,,,,0,0,DEL_CX4142,0,0,0,0,ONT,,,,,"315/274, Basement, Westend Marg, near Saket Metro Station, Saiyad ul Ajaib, Sainik Farm, New Delhi, Delhi 110030",Transfer Receipt,989DB2B5ED78,2026-01-01
WIOM,002-MUMBAI,WM-03,Wiom ONT_SY-GPON-2000-WADONT-WHITE,Normal BAU,1,0,0,1,0,0,PCS,ELECTRONICS,,001-SAKET,WIOM Saket Warehouse,GRN/2025/2956,,2026-01-16T16:03:41,,WM-03,,,,TR-2425/13,TR-2425/13,2026-01-16T00:00:00,,Closed,,Mukul,Mukul,,,,NOD/2526/5732,SY101330,,0,,2025-09-04T00:00:00,,1950,TO/2425/131,Warehouse,,1,,,,,,,0,0,DEL_CX4142,0,0,0,0,ONT,,,,,"315/274, Basement, Westend Marg, near Saket Metro Station, Saiyad ul Ajaib, Sainik Farm, New Delhi, Delhi 110030",Transfer Receipt,989DB2B5EE80,2026-01-01
WIOM,002-MUMBAI,WM-03,Wiom ONT_SY-GPON-2000-WADONT-WHITE,Normal BAU,1,0,0,1,0,0,PCS,ELECTRONICS,,001-SAKET,WIOM Saket Warehouse,GRN/2025/2956,,2026-01-16T16:03:41,,WM-03,,,,TR-2425/13,TR-2425/13,2026-01-16T00:00:00,,Closed,,Mukul,Mukul,,,,NOD/2526/5732,SY101386,,0,,2025-09-04T00:00:00,,1950,TO/2425/131,Warehouse,,1,,,,,,,0,0,DEL_CX4150,0,0,0,0,ONT,,,,,"315/274, Basement, Westend Marg, near Saket Metro Station, Saiyad ul Ajaib, Sainik Farm, New Delhi, Delhi 110030",Transfer Receipt,989DB2B5ED90,2026-01-01
WIOM,002-MUMBAI,WM-03,Wiom ONT_SY-GPON-2000-WADONT-WHITE,Normal BAU,1,0,0,1,0,0,PCS,ELECTRONICS,,001-SAKET,WIOM Saket Warehouse,GRN/2025/2956,,2026-01-16T16:03:41,,WM-03,,,,TR-2425/13,TR-2425/13,2026-01-16T00:00:00,,Closed,,Mukul,Mukul,,,,NOD/2526/5732,SY101384,,0,,2025-09-04T00:00:00,,1950,TO/2425/131,Warehouse,,1,,,,,,,0,0,DEL_CX4150,0,0,0,0,ONT,,,,,"315/274, Basement, Westend Marg, near Saket Metro Station, Saiyad ul Ajaib, Sainik Farm, New Delhi, Delhi 110030",Transfer Receipt,989DB2B5F2F8,2026-01-01
WIOM,002-MUMBAI,WM-03,Wiom ONT_SY-GPON-2000-WADONT-WHITE,Normal BAU,1,0,0,1,0,0,PCS,ELECTRONICS,,001-SAKET,WIOM Saket Warehouse,GRN/2025/2956,,2026-01-16T16:03:41,,WM-03,,,,TR-2425/13,TR-2425/13,2026-01-16T00:00:00,,Closed,,Mukul,Mukul,,,,NOD/2526/5732,SY101342,,0,,2025-09-04T00:00:00,,1950,TO/2425/131,Warehouse,,1,,,,,,,0,0,DEL_CX4150,0,0,0,0,ONT,,,,,"315/274, Basement, Westend Marg, near Saket Metro Station, Saiyad ul Ajaib, Sainik Farm, New Delhi, Delhi 110030",Transfer Receipt,989DB2B5F5A8,2026-01-01
WIOM,002-MUMBAI,WM-03,Wiom ONT_SY-GPON-2000-WADONT-WHITE,Normal BAU,1,0,0,1,0,0,PCS,ELECTRONICS,,001-SAKET,WIOM Saket Warehouse,GRN/2025/2956,,2026-01-16T16:03:41,,WM-03,,,,TR-2425/13,TR-2425/13,2026-01-16T00:00:00,,Closed,,Mukul,Mukul,,,,NOD/2526/5732,SY101576,,0,,2025-09-04T00:00:00,,1950,TO/2425/131,Warehouse,,1,,,,,,,0,0,DEL_CX4078,0,0,0,0,ONT,,,,,"315/274, Basement, Westend Marg, near Saket Metro Station, Saiyad ul Ajaib, Sainik Farm, New Delhi, Delhi 110030",Transfer Receipt,989DB2B5EE60,2026-01-01
WIOM,002-MUMBAI,WM-03,Wiom ONT_SY-GPON-2000-WADONT-WHITE,Normal BAU,1,0,0,1,0,0,PCS,ELECTRONICS,,001-SAKET,WIOM Saket Warehouse,GRN/2025/2956,,2026-01-16T16:03:41,,WM-03,,,,TR-2425/13,TR-2425/13,2026-01-16T00:00:00,,Closed,,Mukul,Mukul,,,,NOD/2526/5732,SY101392,,0,,2025-09-04T00:00:00,,1950,TO/2425/131,Warehouse,,1,,,,,,,0,0,DEL_CX4150,0,0,0,0,ONT,,,,,"315/274, Basement, Westend Marg, near Saket Metro Station, Saiyad ul Ajaib, Sainik Farm, New Delhi, Delhi 110030",Transfer Receipt,989DB2B5F348,2026-01-01
WIOM,002-MUMBAI,WM-03,Wiom ONT_SY-GPON-2000-WADONT-WHITE,Normal BAU,1,0,0,1,0,0,PCS,ELECTRONICS,,001-SAKET,WIOM Saket Warehouse,GRN/2025/2956,,2026-01-16T16:03:41,,WM-03,,,,TR-2425/13,TR-2425/13,2026-01-16T00:00:00,,Closed,,Mukul,Mukul,,,,NOD/2526/5732,SY101394,,0,,2025-09-04T00:00:00,,1950,TO/2425/131,Warehouse,,1,,,,,,,0,0,DEL_CX4150,0,0,0,0,ONT,,,,,"315/274, Basement, Westend Marg, near Saket Metro Station, Saiyad ul Ajaib, Sainik Farm, New Delhi, Delhi 110030",Transfer Receipt,989DB2B5F5B0,2026-01-01
WIOM,002-MUMBAI,WM-03,Wiom ONT_SY-GPON-2000-WADONT-WHITE,Normal BAU,1,0,0,1,0,0,PCS,ELECTRONICS,,001-SAKET,WIOM Saket Warehouse,GRN/2025/2956,,2026-01-16T16:03:41,,WM-03,,,,TR-2425/13,TR-2425/13,2026-01-16T00:00:00,,Closed,,Mukul,Mukul,,,,NOD/2526/5732,SY101396,,0,,2025-09-04T00:00:00,,1950,TO/2425/131,Warehouse,,1,,,,,,,0,0,DEL_CX4150,0,0,0,0,ONT,,,,,"315/274, Basement, Westend Marg, near Saket Metro Station, Saiyad ul Ajaib, Sainik Farm, New Delhi, Delhi 110030",Transfer Receipt,989DB2B5FA18,2026-01-01
WIOM,002-MUMBAI,WM-03,Wiom ONT_SY-GPON-2000-WADONT-WHITE,Normal BAU,1,0,0,1,0,0,PCS,ELECTRONICS,,001-SAKET,WIOM Saket Warehouse,GRN/2025/2956,,2026-01-16T16:03:41,,WM-03,,,,TR-2425/13,TR-2425/13,2026-01-16T00:00:00,,Closed,,Mukul,Mukul,,,,NOD/2526/5732,SY101358,,0,,2025-09-04T00:00:00,,1950,TO/2425/131,Warehouse,,1,,,,,,,0,0,DEL_CX4150,0,0,0,0,ONT,,,,,"315/274, Basement, Westend Marg, near Saket Metro Station, Saiyad ul Ajaib, Sainik Farm, New Delhi, Delhi 110030",Transfer Receipt,989DB2B5EEA8,2026-01-01
WIOM,002-MUMBAI,WM-03,Wiom ONT_SY-GPON-2000-WADONT-WHITE,Normal BAU,1,0,0,1,0,0,PCS,ELECTRONICS,,001-SAKET,WIOM Saket Warehouse,GRN/2025/2956,,2026-01-16T16:03:41,,WM-03,,,,TR-2425/13,TR-2425/13,2026-01-16T00:00:00,,Closed,,Mukul,Mukul,,,,NOD/2526/5732,SY101350,,0,,2025-09-04T00:00:00,,1950,TO/2425/131,Warehouse,,1,,,,,,,0,0,DEL_CX4150,0,0,0,0,ONT,,,,,"315/274, Basement, Westend Marg, near Saket Metro Station, Saiyad ul Ajaib, Sainik Farm, New Delhi, Delhi 110030",Transfer Receipt,989DB2B5F220,2026-01-01
WIOM,002-MUMBAI,WM-03,Wiom ONT_SY-GPON-2000-WADONT-WHITE,Normal BAU,1,0,0,1,0,0,PCS,ELECTRONICS,,001-SAKET,WIOM Saket Warehouse,GRN/2025/2956,,2026-01-16T16:03:41,,WM-03,,,,TR-2425/13,TR-2425/13,2026-01-16T00:00:00,,Closed,,Mukul,Mukul,,,,NOD/2526/5732,SY101333,,0,,2025-09-04T00:00:00,,1950,TO/2425/131,Warehouse,,1,,,,,,,0,0,DEL_CX4143,0,0,0,0,ONT,,,,,"315/274, Basement, Westend Marg, near Saket Metro Station, Saiyad ul Ajaib, Sainik Farm, New Delhi, Delhi 110030",Transfer Receipt,989DB2B5EC38,2026-01-01
WIOM,002-MUMBAI,WM-03,Wiom ONT_SY-GPON-2000-WADONT-WHITE,Normal BAU,1,0,0,1,0,0,PCS,ELECTRONICS,,001-SAKET,WIOM Saket Warehouse,GRN/2025/2956,,2026-01-16T16:03:41,,WM-03,,,,TR-2425/13,TR-2425/13,2026-01-16T00:00:00,,Closed,,Mukul,Mukul,,,,NOD/2526/5732,SY101305,,0,,2025-09-04T00:00:00,,1950,TO/2425/131,Warehouse,,1,,,,,,,0,0,DEL_CX4082,0,0,0,0,ONT,,,,,"315/274, Basement, Westend Marg, near Saket Metro Station, Saiyad ul Ajaib, Sainik Farm, New Delhi, Delhi 110030",Transfer Receipt,989DB2B5E898,2026-01-01
WIOM,002-MUMBAI,WM-03,Wiom ONT_SY-GPON-2000-WADONT-WHITE,Normal BAU,1,0,0,1,0,0,PCS,ELECTRONICS,,001-SAKET,WIOM Saket Warehouse,GRN/2025/2956,,2026-01-16T16:03:41,,WM-03,,,,TR-2425/13,TR-2425/13,2026-01-16T00:00:00,,Closed,,Mukul,Mukul,,,,NOD/2526/6031,SY103509,,0,,2025-09-11T00:00:00,,1950,TO/2425/131,Warehouse,,1,,,,,,,0,0,DEL_CX4533,0,0,0,0,ONT,,,,,"315/274, Basement, Westend Marg, near Saket Metro Station, Saiyad ul Ajaib, Sainik Farm, New Delhi, Delhi 110030",Transfer Receipt,989DB2B63B28,2026-01-01
WIOM,002-MUMBAI,WM-03,Wiom ONT_SY-GPON-2000-WADONT-WHITE,Normal BAU,1,0,0,1,0,0,PCS,ELECTRONICS,,001-SAKET,WIOM Saket Warehouse,GRN/2025/2956,,2026-01-16T16:03:41,,WM-03,,,,TR-2425/13,TR-2425/13,2026-01-16T00:00:00,,Closed,,Mukul,Mukul,,,,NOD/2526/5732,SY101398,,0,,2025-09-04T00:00:00,,1950,TO/2425/131,Warehouse,,1,,,,,,,0,0,DEL_CX4150,0,0,0,0,ONT,,,,,"315/274, Basement, Westend Marg, near Saket Metro Station, Saiyad ul Ajaib, Sainik Farm, New Delhi, Delhi 110030",Transfer Receipt,989DB2B5F010,2026-01-01
WIOM,002-MUMBAI,WM-03,Wiom ONT_SY-GPON-2000-WADONT-WHITE,Normal BAU,1,0,0,1,0,0,PCS,ELECTRONICS,,001-SAKET,WIOM Saket Warehouse,GRN/2025/2956,,2026-01-16T16:03:41,,WM-03,,,,TR-2425/13,TR-2425/13,2026-01-16T00:00:00,,Closed,,Mukul,Mukul,,,,NOD/2526/5732,SY102116,,0,,2025-09-04T00:00:00,,1950,TO/2425/131,Warehouse,,1,,,,,,,0,0,DEL_CX4142,0,0,0,0,ONT,,,,,"315/274, Basement, Westend Marg, near Saket Metro Station, Saiyad ul Ajaib, Sainik Farm, New Delhi, Delhi 110030",Transfer Receipt,989DB2B5FAD8,2026-01-01
WIOM,002-MUMBAI,WM-03,Wiom ONT_SY-GPON-2000-WADONT-WHITE,Normal BAU,1,0,0,1,0,0,PCS,ELECTRONICS,,001-SAKET,WIOM Saket Warehouse,GRN/2025/2956,,2026-01-16T16:03:41,,WM-03,,,,TR-2425/13,TR-2425/13,2026-01-16T00:00:00,,Closed,,Mukul,Mukul,,,,NOD/2526/6031,SY102755,,0,,2025-09-11T00:00:00,,1950,TO/2425/131,Warehouse,,1,,,,,,,0,0,DEL_CX4517,0,0,0,0,ONT,,,,,"315/274, Basement, Westend Marg, near Saket Metro Station, Saiyad ul Ajaib, Sainik Farm, New Delhi, Delhi 110030",Transfer Receipt,989DB2B61780,2026-01-01
WIOM,002-MUMBAI,WM-03,Wiom ONT_SY-GPON-2000-WADONT-WHITE,Normal BAU,1,0,0,1,0,0,PCS,ELECTRONICS,,001-SAKET,WIOM Saket Warehouse,GRN/2025/2956,,2026-01-16T16:03:41,,WM-03,,,,TR-2425/13,TR-2425/13,2026-01-16T00:00:00,,Closed,,Mukul,Mukul,,,,NOD/2526/5732,SY101416,,0,,2025-09-04T00:00:00,,1950,TO/2425/131,Warehouse,,1,,,,,,,0,0,DEL_CX4148,0,0,0,0,ONT,,,,,"315/274, Basement, Westend Marg, near Saket Metro Station, Saiyad ul Ajaib, Sainik Farm, New Delhi, Delhi 110030",Transfer Receipt,989DB2B5EA70,2026-01-01
WIOM,002-MUMBAI,WM-03,Wiom ONT_SY-GPON-2000-WADONT-WHITE,Normal BAU,1,0,0,1,0,0,PCS,ELECTRONICS,,001-SAKET,WIOM Saket Warehouse,GRN/2025/2956,,2026-01-16T16:03:41,,WM-03,,,,TR-2425/13,TR-2425/13,2026-01-16T00:00:00,,Closed,,Mukul,Mukul,,,,NOD/2526/5732,SY101419,,0,,2025-09-04T00:00:00,,1950,TO/2425/131,Warehouse,,1,,,,,,,0,0,DEL_CX4148,0,0,0,0,ONT,,,,,"315/274, Basement, Westend Marg, near Saket Metro Station, Saiyad ul Ajaib, Sainik Farm, New Delhi, Delhi 110030",Transfer Receipt,989DB2B5F4F0,2026-01-01
WIOM,002-MUMBAI,WM-03,Wiom ONT_SY-GPON-2000-WADONT-WHITE,Normal BAU,1,0,0,1,0,0,PCS,ELECTRONICS,,001-SAKET,WIOM Saket Warehouse,GRN/2025/2956,,2026-01-16T16:03:41,,WM-03,,,,TR-2425/13,TR-2425/13,2026-01-16T00:00:00,,Closed,,Mukul,Mukul,,,,NOD/2526/5732,SY101415,,0,,2025-09-04T00:00:00,,1950,TO/2425/131,Warehouse,,1,,,,,,,0,0,DEL_CX4148,0,0,0,0,ONT,,,,,"315/274, Basement, Westend Marg, near Saket Metro Station, Saiyad ul Ajaib, Sainik Farm, New Delhi, Delhi 110030",Transfer Receipt,989DB2B5F7C0,2026-01-01
WIOM,002-MUMBAI,WM-03,Wiom ONT_SY-GPON-2000-WADONT-WHITE,Normal BAU,1,0,0,1,0,0,PCS,ELECTRONICS,,001-SAKET,WIOM Saket Warehouse,GRN/2025/2956,,2026-01-16T16:03:41,,WM-03,,,,TR-2425/13,TR-2425/13,2026-01-16T00:00:00,,Closed,,Mukul,Mukul,,,,NOD/2526/5732,SY101403,,0,,2025-09-04T00:00:00,,1950,TO/2425/131,Warehouse,,1,,,,,,,0,0,DEL_CX4148,0,0,0,0,ONT,,,,,"315/274, Basement, Westend Marg, near Saket Metro Station, Saiyad ul Ajaib, Sainik Farm, New Delhi, Delhi 110030",Transfer Receipt,989DB2B5E9F0,2026-01-01
WIOM,002-MUMBAI,WM-03,Wiom ONT_SY-GPON-2000-WADONT-WHITE,Normal BAU,1,0,0,1,0,0,PCS,ELECTRONICS,,001-SAKET,WIOM Saket Warehouse,GRN/2025/2956,,2026-01-16T16:03:41,,WM-03,,,,TR-2425/13,TR-2425/13,2026-01-16T00:00:00,,Closed,,Mukul,Mukul,,,,NOD/2526/5732,SY101880,,0,,2025-09-04T00:00:00,,1950,TO/2425/131,Warehouse,,1,,,,,,,0,0,DEL_CX4105,0,0,0,0,ONT,,,,,"315/274, Basement, Westend Marg, near Saket Metro Station, Saiyad ul Ajaib, Sainik Farm, New Delhi, Delhi 110030",Transfer Receipt,989DB2B5E980,2026-01-01
WIOM,002-MUMBAI,WM-03,Wiom ONT_SY-GPON-2000-WADONT-WHITE,Normal BAU,1,0,0,1,0,0,PCS,ELECTRONICS,,001-SAKET,WIOM Saket Warehouse,GRN/2025/2956,,2026-01-16T16:03:41,,WM-03,,,,TR-2425/13,TR-2425/13,2026-01-16T00:00:00,,Closed,,Mukul,Mukul,,,,NOD/2526/5732,SY101441,,0,,2025-09-04T00:00:00,,1950,TO/2425/131,Warehouse,,1,,,,,,,0,0,DEL_CX4105,0,0,0,0,ONT,,,,,"315/274, Basement, Westend Marg, near Saket Metro Station, Saiyad ul Ajaib, Sainik Farm, New Delhi, Delhi 110030",Transfer Receipt,989DB2B5F020,2026-01-01
WIOM,002-MUMBAI,WM-03,Wiom ONT_SY-GPON-2000-WADONT-WHITE,Normal BAU,1,0,0,1,0,0,PCS,ELECTRONICS,,001-SAKET,WIOM Saket Warehouse,GRN/2025/2956,,2026-01-16T16:03:41,,WM-03,,,,TR-2425/13,TR-2425/13,2026-01-16T00:00:00,,Closed,,Mukul,Mukul,,,,NOD/2526/5732,SY101443,,0,,2025-09-04T00:00:00,,1950,TO/2425/131,Warehouse,,1,,,,,,,0,0,DEL_CX4101,0,0,0,0,ONT,,,,,"315/274, Basement, Westend Marg, near Saket Metro Station, Saiyad ul Ajaib, Sainik Farm, New Delhi, Delhi 110030",Transfer Receipt,989DB2B5E8E0,2026-01-01
WIOM,002-MUMBAI,WM-03,Wiom ONT_SY-GPON-2000-WADONT-WHITE,Normal BAU,1,0,0,1,0,0,PCS,ELECTRONICS,,001-SAKET,WIOM Saket Warehouse,GRN/2025/2956,,2026-01-16T16:03:41,,WM-03,,,,TR-2425/13,TR-2425/13,2026-01-16T00:00:00,,Closed,,Mukul,Mukul,,,,NOD/2526/5732,SY101442,,0,,2025-09-04T00:00:00,,1950,TO/2425/131,Warehouse,,1,,,,,,,0,0,DEL_CX4101,0,0,0,0,ONT,,,,,"315/274, Basement, Westend Marg, near Saket Metro Station, Saiyad ul Ajaib, Sainik Farm, New Delhi, Delhi 110030",Transfer Receipt,989DB2B5F240,2026-01-01
WIOM,002-MUMBAI,WM-03,Wiom ONT_SY-GPON-2000-WADONT-WHITE,Normal BAU,1,0,0,1,0,0,PCS,ELECTRONICS,,001-SAKET,WIOM Saket Warehouse,GRN/2025/2956,,2026-01-16T16:03:41,,WM-03,,,,TR-2425/13,TR-2425/13,2026-01-16T00:00:00,,Closed,,Mukul,Mukul,,,,NOD/2526/6031,SY102859,,0,,2025-09-11T00:00:00,,1950,TO/2425/131,Warehouse,,1,,,,,,,0,0,DEL_CX4517,0,0,0,0,ONT,,,,,"315/274, Basement, Westend Marg, near Saket Metro Station, Saiyad ul Ajaib, Sainik Farm, New Delhi, Delhi 110030",Transfer Receipt,989DB2B63360,2026-01-01
WIOM,002-MUMBAI,WM-03,Wiom ONT_SY-GPON-2000-WADONT-WHITE,Normal BAU,1,0,0,1,0,0,PCS,ELECTRONICS,,001-SAKET,WIOM Saket Warehouse,GRN/2025/2956,,2026-01-16T16:03:41,,WM-03,,,,TR-2425/13,TR-2425/13,2026-01-16T00:00:00,,Closed,,Mukul,Mukul,,,,NOD/2526/5732,SY101454,,0,,2025-09-04T00:00:00,,1950,TO/2425/131,Warehouse,,1,,,,,,,0,0,DEL_CX4101,0,0,0,0,ONT,,,,,"315/274, Basement, Westend Marg, near Saket Metro Station, Saiyad ul Ajaib, Sainik Farm, New Delhi, Delhi 110030",Transfer Receipt,989DB2B5F3F8,2026-01-01
WIOM,002-MUMBAI,WM-03,Wiom ONT_SY-GPON-2000-WADONT-WHITE,Normal BAU,1,0,0,1,0,0,PCS,ELECTRONICS,,001-SAKET,WIOM Saket Warehouse,GRN/2025/2956,,2026-01-16T16:03:41,,WM-03,,,,TR-2425/13,TR-2425/13,2026-01-16T00:00:00,,Closed,,Mukul,Mukul,,,,NOD/2526/5732,SY101448,,0,,2025-09-04T00:00:00,,1950,TO/2425/131,Warehouse,,1,,,,,,,0,0,DEL_CX4101,0,0,0,0,ONT,,,,,"315/274, Basement, Westend Marg, near Saket Metro Station, Saiyad ul Ajaib, Sainik Farm, New Delhi, Delhi 110030",Transfer Receipt,989DB2B55108,2026-01-01
WIOM,002-MUMBAI,WM-03,Wiom ONT_SY-GPON-2000-WADONT-WHITE,Normal BAU,1,0,0,1,0,0,PCS,ELECTRONICS,,001-SAKET,WIOM Saket Warehouse,GRN/2025/2956,,2026-01-16T16:03:41,,WM-03,,,,TR-2425/13,TR-2425/13,2026-01-16T00:00:00,,Closed,,Mukul,Mukul,,,,NOD/2526/5732,SY101452,,0,,2025-09-04T00:00:00,,1950,TO/2425/131,Warehouse,,1,,,,,,,0,0,DEL_CX4101,0,0,0,0,ONT,,,,,"315/274, Basement, Westend Marg, near Saket Metro Station, Saiyad ul Ajaib, Sainik Farm, New Delhi, Delhi 110030",Transfer Receipt,989DB2B5EF38,2026-01-01
WIOM,002-MUMBAI,WM-03,Wiom ONT_SY-GPON-2000-WADONT-WHITE,Normal BAU,1,0,0,1,0,0,PCS,ELECTRONICS,,001-SAKET,WIOM Saket Warehouse,GRN/2025/2956,,2026-01-16T16:03:41,,WM-03,,,,TR-2425/13,TR-2425/13,2026-01-16T00:00:00,,Closed,,Mukul,Mukul,,,,NOD/2526/5732,SY101450,,0,,2025-09-04T00:00:00,,1950,TO/2425/131,Warehouse,,1,,,,,,,0,0,DEL_CX4101,0,0,0,0,ONT,,,,,"315/274, Basement, Westend Marg, near Saket Metro Station, Saiyad ul Ajaib, Sainik Farm, New Delhi, Delhi 110030",Transfer Receipt,989DB2B5F030,2026-01-01
WIOM,002-MUMBAI,WM-03,Wiom ONT_SY-GPON-2000-WADONT-WHITE,Normal BAU,1,0,0,1,0,0,PCS,ELECTRONICS,,001-SAKET,WIOM Saket Warehouse,GRN/2025/2956,,2026-01-16T16:03:41,,WM-03,,,,TR-2425/13,TR-2425/13,2026-01-16T00:00:00,,Closed,,Mukul,Mukul,,,,NOD/2526/5732,SY101411,,0,,2025-09-04T00:00:00,,1950,TO/2425/131,Warehouse,,1,,,,,,,0,0,DEL_CX4148,0,0,0,0,ONT,,,,,"315/274, Basement, Westend Marg, near Saket Metro Station, Saiyad ul Ajaib, Sainik Farm, New Delhi, Delhi 110030",Transfer Receipt,989DB2B5EFC8,2026-01-01
WIOM,002-MUMBAI,WM-03,Wiom ONT_SY-GPON-2000-WADONT-WHITE,Normal BAU,1,0,0,1,0,0,PCS,ELECTRONICS,,001-SAKET,WIOM Saket Warehouse,GRN/2025/2956,,2026-01-16T16:03:41,,WM-03,,,,TR-2425/13,TR-2425/13,2026-01-16T00:00:00,,Closed,,Mukul,Mukul,,,,NOD/2526/5732,SY101400,,0,,2025-09-04T00:00:00,,1950,TO/2425/131,Warehouse,,1,,,,,,,0,0,DEL_CX4150,0,0,0,0,ONT,,,,,"315/274, Basement, Westend Marg, near Saket Metro Station, Saiyad ul Ajaib, Sainik Farm, New Delhi, Delhi 110030",Transfer Receipt,989DB2B5FE40,2026-01-01
WIOM,002-MUMBAI,WM-03,Wiom ONT_SY-GPON-2000-WADONT-WHITE,Normal BAU,1,0,0,1,0,0,PCS,ELECTRONICS,,001-SAKET,WIOM Saket Warehouse,GRN/2025/2956,,2026-01-16T16:03:41,,WM-03,,,,TR-2425/13,TR-2425/13,2026-01-16T00:00:00,,Closed,,Mukul,Mukul,,,,NOD/2526/5732,SY101503,,0,,2025-09-04T00:00:00,,1950,TO/2425/131,Warehouse,,1,,,,,,,0,0,DEL_CX4128,0,0,0,0,ONT,,,,,"315/274, Basement, Westend Marg, near Saket Metro Station, Saiyad ul Ajaib, Sainik Farm, New Delhi, Delhi 110030",Transfer Receipt,989DB2B5DA98,2026-01-01
WIOM,002-MUMBAI,WM-03,Wiom ONT_SY-GPON-2000-WADONT-WHITE,Normal BAU,1,0,0,1,0,0,PCS,ELECTRONICS,,001-SAKET,WIOM Saket Warehouse,GRN/2025/2956,,2026-01-16T16:03:41,,WM-03,,,,TR-2425/13,TR-2425/13,2026-01-16T00:00:00,,Closed,,Mukul,Mukul,,,,NOD/2526/5732,SY101456,,0,,2025-09-04T00:00:00,,1950,TO/2425/131,Warehouse,,1,,,,,,,0,0,DEL_CX4101,0,0,0,0,ONT,,,,,"315/274, Basement, Westend Marg, near Saket Metro Station, Saiyad ul Ajaib, Sainik Farm, New Delhi, Delhi 110030",Transfer Receipt,989DB2B5EBA0,2026-01-01
WIOM,002-MUMBAI,WM-03,Wiom ONT_SY-GPON-2000-WADONT-WHITE,Normal BAU,1,0,0,1,0,0,PCS,ELECTRONICS,,001-SAKET,WIOM Saket Warehouse,GRN/2025/2956,,2026-01-16T16:03:41,,WM-03,,,,TR-2425/13,TR-2425/13,2026-01-16T00:00:00,,Closed,,Mukul,Mukul,,,,NOD/2526/5732,SY101630,,0,,2025-09-04T00:00:00,,1950,TO/2425/131,Warehouse,,1,,,,,,,0,0,DEL_CX4134,0,0,0,0,ONT,,,,,"315/274, Basement, Westend Marg, near Saket Metro Station, Saiyad ul Ajaib, Sainik Farm, New Delhi, Delhi 110030",Transfer Receipt,989DB2B5DCD8,2026-01-01
WIOM,002-MUMBAI,WM-03,Wiom ONT_SY-GPON-2000-WADONT-WHITE,Normal BAU,1,0,0,1,0,0,PCS,ELECTRONICS,,001-SAKET,WIOM Saket Warehouse,GRN/2025/2956,,2026-01-16T16:03:41,,WM-03,,,,TR-2425/13,TR-2425/13,2026-01-16T00:00:00,,Closed,,Mukul,Mukul,,,,NOD/2526/5732,SY101505,,0,,2025-09-04T00:00:00,,1950,TO/2425/131,Warehouse,,1,,,,,,,0,0,DEL_CX4125,0,0,0,0,ONT,,,,,"315/274, Basement, Westend Marg, near Saket Metro Station, Saiyad ul Ajaib, Sainik Farm, New Delhi, Delhi 110030",Transfer Receipt,989DB2B5DF10,2026-01-01
WIOM,002-MUMBAI,WM-03,Wiom ONT_SY-GPON-2000-WADONT-WHITE,Normal BAU,1,0,0,1,0,0,PCS,ELECTRONICS,,001-SAKET,WIOM Saket Warehouse,GRN/2025/2956,,2026-01-16T16:03:41,,WM-03,,,,TR-2425/13,TR-2425/13,2026-01-16T00:00:00,,Closed,,Mukul,Mukul,,,,NOD/2526/6031,SY103101,,0,,2025-09-11T00:00:00,,1950,TO/2425/131,Warehouse,,1,,,,,,,0,0,DEL_CX4534,0,0,0,0,ONT,,,,,"315/274, Basement, Westend Marg, near Saket Metro Station, Saiyad ul Ajaib, Sainik Farm, New Delhi, Delhi 110030",Transfer Receipt,989DB2B62878,2026-01-01
WIOM,002-MUMBAI,WM-03,Wiom ONT_SY-GPON-2000-WADONT-WHITE,Normal BAU,1,0,0,1,0,0,PCS,ELECTRONICS,,001-SAKET,WIOM Saket Warehouse,GRN/2025/2956,,2026-01-16T16:03:41,,WM-03,,,,TR-2425/13,TR-2425/13,2026-01-16T00:00:00,,Closed,,Mukul,Mukul,,,,NOD/2526/5732,SY101508,,0,,2025-09-04T00:00:00,,1950,TO/2425/131,Warehouse,,1,,,,,,,0,0,DEL_CX4128,0,0,0,0,ONT,,,,,"315/274, Basement, Westend Marg, near Saket Metro Station, Saiyad ul Ajaib, Sainik Farm, New Delhi, Delhi 110030",Transfer Receipt,989DB2B5DEC0,2026-01-01
WIOM,002-MUMBAI,WM-03,Wiom ONT_SY-GPON-2000-WADONT-WHITE,Normal BAU,1,0,0,1,0,0,PCS,ELECTRONICS,,001-SAKET,WIOM Saket Warehouse,GRN/2025/2956,,2026-01-16T16:03:41,,WM-03,,,,TR-2425/13,TR-2425/13,2026-01-16T00:00:00,,Closed,,Mukul,Mukul,,,,NOD/2526/5732,SY101502,,0,,2025-09-04T00:00:00,,1950,TO/2425/131,Warehouse,,1,,,,,,,0,0,DEL_CX4105,0,0,0,0,ONT,,,,,"315/274, Basement, Westend Marg, near Saket Metro Station, Saiyad ul Ajaib, Sainik Farm, New Delhi, Delhi 110030",Transfer Receipt,989DB2B5DC20,2026-01-01
WIOM,002-MUMBAI,WM-03,Wiom ONT_SY-GPON-2000-WADONT-WHITE,Normal BAU,1,0,0,1,0,0,PCS,ELECTRONICS,,001-SAKET,WIOM Saket Warehouse,GRN/2025/2956,,2026-01-16T16:03:41,,WM-03,,,,TR-2425/13,TR-2425/13,2026-01-16T00:00:00,,Closed,,Mukul,Mukul,,,,NOD/2526/5732,SY101506,,0,,2025-09-04T00:00:00,,1950,TO/2425/131,Warehouse,,1,,,,,,,0,0,DEL_CX4105,0,0,0,0,ONT,,,,,"315/274, Basement, Westend Marg, near Saket Metro Station, Saiyad ul Ajaib, Sainik Farm, New Delhi, Delhi 110030",Transfer Receipt,989DB2B5DE18,2026-01-01
WIOM,002-MUMBAI,WM-03,Wiom ONT_SY-GPON-2000-WADONT-WHITE,Normal BAU,1,0,0,1,0,0,PCS,ELECTRONICS,,001-SAKET,WIOM Saket Warehouse,GRN/2025/2956,,2026-01-16T16:03:41,,WM-03,,,,TR-2425/13,TR-2425/13,2026-01-16T00:00:00,,Closed,,Mukul,Mukul,,,,NOD/2526/5732,SY101460,,0,,2025-09-04T00:00:00,,1950,TO/2425/131,Warehouse,,1,,,,,,,0,0,DEL_CX4101,0,0,0,0,ONT,,,,,"315/274, Basement, Westend Marg, near Saket Metro Station, Saiyad ul Ajaib, Sainik Farm, New Delhi, Delhi 110030",Transfer Receipt,989DB2B5F600,2026-01-01
WIOM,002-MUMBAI,WM-03,Wiom ONT_SY-GPON-2000-WADONT-WHITE,Normal BAU,1,0,0,1,0,0,PCS,ELECTRONICS,,001-SAKET,WIOM Saket Warehouse,GRN/2025/2956,,2026-01-16T16:03:41,,WM-03,,,,TR-2425/13,TR-2425/13,2026-01-16T00:00:00,,Closed,,Mukul,Mukul,,,,NOD/2526/6031,SY103141,,0,,2025-09-11T00:00:00,,1950,TO/2425/131,Warehouse,,1,,,,,,,0,0,DEL_CX4520,0,0,0,0,ONT,,,,,"315/274, Basement, Westend Marg, near Saket Metro Station, Saiyad ul Ajaib, Sainik Farm, New Delhi, Delhi 110030",Transfer Receipt,989DB2B631B0,2026-01-01
WIOM,002-MUMBAI,WM-03,Wiom ONT_SY-GPON-2000-WADONT-WHITE,Normal BAU,1,0,0,1,0,0,PCS,ELECTRONICS,,001-SAKET,WIOM Saket Warehouse,GRN/2025/2956,,2026-01-16T16:03:41,,WM-03,,,,TR-2425/13,TR-2425/13,2026-01-16T00:00:00,,Closed,,Mukul,Mukul,,,,NOD/2526/5732,SY101516,,0,,2025-09-04T00:00:00,,1950,TO/2425/131,Warehouse,,1,,,,,,,0,0,DEL_CX4128,0,0,0,0,ONT,,,,,"315/274, Basement, Westend Marg, near Saket Metro Station, Saiyad ul Ajaib, Sainik Farm, New Delhi, Delhi 110030",Transfer Receipt,989DB2B5E3F0,2026-01-01
WIOM,002-MUMBAI,WM-03,Wiom ONT_SY-GPON-2000-WADONT-WHITE,Normal BAU,1,0,0,1,0,0,PCS,ELECTRONICS,,001-SAKET,WIOM Saket Warehouse,GRN/2025/2956,,2026-01-16T16:03:41,,WM-03,,,,TR-2425/13,TR-2425/13,2026-01-16T00:00:00,,Closed,,Mukul,Mukul,,,,NOD/2526/5732,SY101514,,0,,2025-09-04T00:00:00,,1950,TO/2425/131,Warehouse,,1,,,,,,,0,0,DEL_CX4125,0,0,0,0,ONT,,,,,"315/274, Basement, Westend Marg, near Saket Metro Station, Saiyad ul Ajaib, Sainik Farm, New Delhi, Delhi 110030",Transfer Receipt,989DB2B5DE48,2026-01-01
WIOM,002-MUMBAI,WM-03,Wiom ONT_SY-GPON-2000-WADONT-WHITE,Normal BAU,1,0,0,1,0,0,PCS,ELECTRONICS,,001-SAKET,WIOM Saket Warehouse,GRN/2025/2956,,2026-01-16T16:03:41,,WM-03,,,,TR-2425/13,TR-2425/13,2026-01-16T00:00:00,,Closed,,Mukul,Mukul,,,,NOD/2526/5732,SY101507,,0,,2025-09-04T00:00:00,,1950,TO/2425/131,Warehouse,,1,,,,,,,0,0,DEL_CX4105,0,0,0,0,ONT,,,,,"315/274, Basement, Westend Marg, near Saket Metro Station, Saiyad ul Ajaib, Sainik Farm, New Delhi, Delhi 110030",Transfer Receipt,989DB2B5E478,2026-01-01
WIOM,002-MUMBAI,WM-03,Wiom ONT_SY-GPON-2000-WADONT-WHITE,Normal BAU,1,0,0,1,0,0,PCS,ELECTRONICS,,001-SAKET,WIOM Saket Warehouse,GRN/2025/2956,,2026-01-16T16:03:41,,WM-03,,,,TR-2425/13,TR-2425/13,2026-01-16T00:00:00,,Closed,,Mukul,Mukul,,,,NOD/2526/5732,SY101512,,0,,2025-09-04T00:00:00,,1950,TO/2425/131,Warehouse,,1,,,,,,,0,0,DEL_CX4105,0,0,0,0,ONT,,,,,"315/274, Basement, Westend Marg, near Saket Metro Station, Saiyad ul Ajaib, Sainik Farm, New Delhi, Delhi 110030",Transfer Receipt,989DB2B5DC38,2026-01-01
WIOM,002-MUMBAI,WM-03,Wiom ONT_SY-GPON-2000-WADONT-WHITE,Normal BAU,1,0,0,1,0,0,PCS,ELECTRONICS,,001-SAKET,WIOM Saket Warehouse,GRN/2025/2956,,2026-01-16T16:03:41,,WM-03,,,,TR-2425/13,TR-2425/13,2026-01-16T00:00:00,,Closed,,Mukul,Mukul,,,,NOD/2526/5732,SY101541,,0,,2025-09-04T00:00:00,,1950,TO/2425/131,Warehouse,,1,,,,,,,0,0,DEL_CX4082,0,0,0,0,ONT,,,,,"315/274, Basement, Westend Marg, near Saket Metro Station, Saiyad ul Ajaib, Sainik Farm, New Delhi, Delhi 110030",Transfer Receipt,989DB2B5FA38,2026-01-01
WIOM,002-MUMBAI,WM-03,Wiom ONT_SY-GPON-2000-WADONT-WHITE,Normal BAU,1,0,0,1,0,0,PCS,ELECTRONICS,,001-SAKET,WIOM Saket Warehouse,GRN/2025/2956,,2026-01-16T16:03:41,,WM-03,,,,TR-2425/13,TR-2425/13,2026-01-16T00:00:00,,Closed,,Mukul,Mukul,,,,NOD/2526/5732,SY101519,,0,,2025-09-04T00:00:00,,1950,TO/2425/131,Warehouse,,1,,,,,,,0,0,DEL_CX4128,0,0,0,0,ONT,,,,,"315/274, Basement, Westend Marg, near Saket Metro Station, Saiyad ul Ajaib, Sainik Farm, New Delhi, Delhi 110030",Transfer Receipt,989DB2B5DC30,2026-01-01
WIOM,002-MUMBAI,WM-03,Wiom ONT_SY-GPON-2000-WADONT-WHITE,Normal BAU,1,0,0,1,0,0,PCS,ELECTRONICS,,001-SAKET,WIOM Saket Warehouse,GRN/2025/2956,,2026-01-16T16:03:41,,WM-03,,,,TR-2425/13,TR-2425/13,2026-01-16T00:00:00,,Closed,,Mukul,Mukul,,,,NOD/2526/5732,SY101515,,0,,2025-09-04T00:00:00,,1950,TO/2425/131,Warehouse,,1,,,,,,,0,0,DEL_CX4105,0,0,0,0,ONT,,,,,"315/274, Basement, Westend Marg, near Saket Metro Station, Saiyad ul Ajaib, Sainik Farm, New Delhi, Delhi 110030",Transfer Receipt,989DB2B5E0D8,2026-01-01
WIOM,002-MUMBAI,WM-03,Wiom ONT_SY-GPON-2000-WADONT-WHITE,Normal BAU,1,0,0,1,0,0,PCS,ELECTRONICS,,001-SAKET,WIOM Saket Warehouse,GRN/2025/2956,,2026-01-16T16:03:41,,WM-03,,,,TR-2425/13,TR-2425/13,2026-01-16T00:00:00,,Closed,,Mukul,Mukul,,,,NOD/2526/5732,SY101510,,0,,2025-09-04T00:00:00,,1950,TO/2425/131,Warehouse,,1,,,,,,,0,0,DEL_CX4128,0,0,0,0,ONT,,,,,"315/274, Basement, Westend Marg, near Saket Metro Station, Saiyad ul Ajaib, Sainik Farm, New Delhi, Delhi 110030",Transfer Receipt,989DB2B5E098,2026-01-01
WIOM,002-MUMBAI,WM-03,Wiom ONT_SY-GPON-2000-WADONT-WHITE,Normal BAU,1,0,0,1,0,0,PCS,ELECTRONICS,,001-SAKET,WIOM Saket Warehouse,GRN/2025/2956,,2026-01-16T16:03:41,,WM-03,,,,TR-2425/13,TR-2425/13,2026-01-16T00:00:00,,Closed,,Mukul,Mukul,,,,NOD/2526/5732,SY101458,,0,,2025-09-04T00:00:00,,1950,TO/2425/131,Warehouse,,1,,,,,,,0,0,DEL_CX4101,0,0,0,0,ONT,,,,,"315/274, Basement, Westend Marg, near Saket Metro Station, Saiyad ul Ajaib, Sainik Farm, New Delhi, Delhi 110030",Transfer Receipt,989DB2B5ECA0,2026-01-01
WIOM,002-MUMBAI,WM-03,Wiom ONT_SY-GPON-2000-WADONT-WHITE,Normal BAU,1,0,0,1,0,0,PCS,ELECTRONICS,,001-SAKET,WIOM Saket Warehouse,GRN/2025/2956,,2026-01-16T16:03:41,,WM-03,,,,TR-2425/13,TR-2425/13,2026-01-16T00:00:00,,Closed,,Mukul,Mukul,,,,NOD/2526/5732,SY101390,,0,,2025-09-04T00:00:00,,1950,TO/2425/131,Warehouse,,1,,,,,,,0,0,DEL_CX4150,0,0,0,0,ONT,,,,,"315/274, Basement, Westend Marg, near Saket Metro Station, Saiyad ul Ajaib, Sainik Farm, New Delhi, Delhi 110030",Transfer Receipt,989DB2B5EB58,2026-01-01
WIOM,002-MUMBAI,WM-03,Wiom ONT_SY-GPON-2000-WADONT-WHITE,Normal BAU,1,0,0,1,0,0,PCS,ELECTRONICS,,001-SAKET,WIOM Saket Warehouse,GRN/2025/2956,,2026-01-16T16:03:41,,WM-03,,,,TR-2425/13,TR-2425/13,2026-01-16T00:00:00,,Closed,,Mukul,Mukul,,,,NOD/2526/5732,SY101257,,0,,2025-09-04T00:00:00,,1950,TO/2425/131,Warehouse,,1,,,,,,,0,0,DEL_CX4155,0,0,0,0,ONT,,,,,"315/274, Basement, Westend Marg, near Saket Metro Station, Saiyad ul Ajaib, Sainik Farm, New Delhi, Delhi 110030",Transfer Receipt,989DB2B5ED30,2026-01-01
WIOM,002-MUMBAI,WM-03,Wiom ONT_SY-GPON-2000-WADONT-WHITE,Normal BAU,1,0,0,1,0,0,PCS,ELECTRONICS,,001-SAKET,WIOM Saket Warehouse,GRN/2025/2956,,2026-01-16T16:03:41,,WM-03,,,,TR-2425/13,TR-2425/13,2026-01-16T00:00:00,,Closed,,Mukul,Mukul,,,,NOD/2526/5538,SY100953,,0,,2025-08-30T00:00:00,,1950,TO/2425/131,Warehouse,,1,,,,,,,0,0,DEL_CX3987,0,0,0,0,ONT,,,,,"315/274, Basement, Westend Marg, near Saket Metro Station, Saiyad ul Ajaib, Sainik Farm, New Delhi, Delhi 110030",Transfer Receipt,989DB2B5D730,2026-01-01
WIOM,001-SAKET,WM-02,Wiom ONT_GX-Titanium E20/Earth 2022,Normal BAU,1,0,0,1,0,0,PCS,ELECTRONICS,,006-BIJNOR,,GRN/2025/2821,,2026-01-14T15:05:20,,WM-02,,,,TR/2425/14,TR/2425/14,2026-01-14T00:00:00,,Closed,,Rahul,Rahul,,,,GX/G/25-26/331,GX109352,,0,,2025-08-07T00:00:00,,2200,TO/2025/18,Warehouse,,1,,,,,,,0,0,DEL_CX2366,0,0,0,0,ONT,,,,,,Transfer Receipt,B486184F1D72,2026-01-01
WIOM,001-SAKET,WM-02,Wiom ONT_GX-Titanium E20/Earth 2022,Normal BAU,1,0,0,1,0,0,PCS,ELECTRONICS,,006-BIJNOR,,GRN/2025/2821,,2026-01-14T15:05:20,,WM-02,,,,TR/2425/14,TR/2425/14,2026-01-14T00:00:00,,Closed,,Rahul,Rahul,,,,GX/G/25-26/331,GX109483,,0,,2025-08-07T00:00:00,,2200,TO/2025/18,Warehouse,,1,,,,,,,0,0,DEL_CX2366,0,0,0,0,ONT,,,,,,Transfer Receipt,B486184EB6A2,2026-01-01
WIOM,001-SAKET,WM-02,Wiom ONT_GX-Titanium E20/Earth 2022,Normal BAU,1,0,0,1,0,0,PCS,ELECTRONICS,,006-BIJNOR,,GRN/2025/2821,,2026-01-14T15:05:20,,WM-02,,,,TR/2425/14,TR/2425/14,2026-01-14T00:00:00,,Closed,,Rahul,Rahul,,,,GX/G/25-26/331,GX109525,,0,,2025-08-07T00:00:00,,2200,TO/2025/18,Warehouse,,1,,,,,,,0,0,DEL_CX2376,0,0,0,0,ONT,,,,,,Transfer Receipt,B486184EA5D2,2026-01-01
WIOM,001-SAKET,WM-02,Wiom ONT_GX-Titanium E20/Earth 2022,Normal BAU,1,0,0,1,0,0,PCS,ELECTRONICS,,006-BIJNOR,,GRN/2025/2821,,2026-01-14T15:05:20,,WM-02,,,,TR/2425/14,TR/2425/14,2026-01-14T00:00:00,,Closed,,Rahul,Rahul,,,,GX/G/25-26/331,GX109498,,0,,2025-08-07T00:00:00,,2200,TO/2025/18,Warehouse,,1,,,,,,,0,0,DEL_CX2366,0,0,0,0,ONT,,,,,,Transfer Receipt,B486184F88E2,2026-01-01
WIOM,001-SAKET,WM-02,Wiom ONT_GX-Titanium E20/Earth 2022,Normal BAU,1,0,0,1,0,0,PCS,ELECTRONICS,,006-BIJNOR,,GRN/2025/2821,,2026-01-14T15:05:20,,WM-02,,,,TR/2425/14,TR/2425/14,2026-01-14T00:00:00,,Closed,,Rahul,Rahul,,,,GX/G/25-26/331,GX109425,,0,,2025-08-07T00:00:00,,2200,TO/2025/18,Warehouse,,1,,,,,,,0,0,DEL_CX2366,0,0,0,0,ONT,,,,,,Transfer Receipt,B486184EF332,2026-01-01
WIOM,001-SAKET,WM-02,Wiom ONT_GX-Titanium E20/Earth 2022,Normal BAU,1,0,0,1,0,0,PCS,ELECTRONICS,,006-BIJNOR,,GRN/2025/2821,,2026-01-14T15:05:20,,WM-02,,,,TR/2425/14,TR/2425/14,2026-01-14T00:00:00,,Closed,,Rahul,Rahul,,,,GX/G/25-26/331,GX109346,,0,,2025-08-07T00:00:00,,2200,TO/2025/18,Warehouse,,1,,,,,,,0,0,DEL_CX2366,0,0,0,0,ONT,,,,,,Transfer Receipt,B486184EAF02,2026-01-01
WIOM,001-SAKET,WM-02,Wiom ONT_GX-Titanium E20/Earth 2022,Normal BAU,1,0,0,1,0,0,PCS,ELECTRONICS,,006-BIJNOR,,GRN/2025/2821,,2026-01-14T15:05:20,,WM-02,,,,TR/2425/14,TR/2425/14,2026-01-14T00:00:00,,Closed,,Rahul,Rahul,,,,GX/G/25-26/331,GX109343,,0,,2025-08-07T00:00:00,,2200,TO/2025/18,Warehouse,,1,,,,,,,0,0,DEL_CX2366,0,0,0,0,ONT,,,,,,Transfer Receipt,B486184ED172,2026-01-01
WIOM,001-SAKET,WM-02,Wiom ONT_GX-Titanium E20/Earth 2022,Normal BAU,1,0,0,1,0,0,PCS,ELECTRONICS,,006-BIJNOR,,GRN/2025/2821,,2026-01-14T15:05:20,,WM-02,,,,TR/2425/14,TR/2425/14,2026-01-14T00:00:00,,Closed,,Rahul,Rahul,,,,GX/G/25-26/331,GX109239,,0,,2025-08-07T00:00:00,,2200,TO/2025/18,Warehouse,,1,,,,,,,0,0,DEL_CX2366,0,0,0,0,ONT,,,,,,Transfer Receipt,B486184E9922,2026-01-01
WIOM,001-SAKET,WM-02,Wiom ONT_GX-Titanium E20/Earth 2022,Normal BAU,1,0,0,1,0,0,PCS,ELECTRONICS,,006-BIJNOR,,GRN/2025/2821,,2026-01-14T15:05:20,,WM-02,,,,TR/2425/14,TR/2425/14,2026-01-14T00:00:00,,Closed,,Rahul,Rahul,,,,GX/G/25-26/331,GX109178,,0,,2025-08-07T00:00:00,,2200,TO/2025/18,Warehouse,,1,,,,,,,0,0,DEL_CX2366,0,0,0,0,ONT,,,,,,Transfer Receipt,B486184F2BA2,2026-01-01
WIOM,001-SAKET,WM-02,Wiom ONT_GX-Titanium E20/Earth 2022,Normal BAU,1,0,0,1,0,0,PCS,ELECTRONICS,,006-BIJNOR,,GRN/2025/2821,,2026-01-14T15:05:20,,WM-02,,,,TR/2425/14,TR/2425/14,2026-01-14T00:00:00,,Closed,,Rahul,Rahul,,,,GX/G/25-26/331,GX109569,,0,,2025-08-07T00:00:00,,2200,TO/2025/18,Warehouse,,1,,,,,,,0,0,DEL_CX2376,0,0,0,0,ONT,,,,,,Transfer Receipt,B486184EBF72,2026-01-01
WIOM,001-SAKET,WM-02,Wiom ONT_GX-Titanium E20/Earth 2022,Normal BAU,1,0,0,1,0,0,PCS,ELECTRONICS,,006-BIJNOR,,GRN/2025/2821,,2026-01-14T15:05:20,,WM-02,,,,TR/2425/14,TR/2425/14,2026-01-14T00:00:00,,Closed,,Rahul,Rahul,,,,GX/G/25-26/331,GX109665,,0,,2025-08-07T00:00:00,,2200,TO/2025/18,Warehouse,,1,,,,,,,0,0,DEL_CX2366,0,0,0,0,ONT,,,,,,Transfer Receipt,B486184EDAC2,2026-01-01
WIOM,001-SAKET,WM-02,Wiom ONT_GX-Titanium E20/Earth 2022,Normal BAU,1,0,0,1,0,0,PCS,ELECTRONICS,,006-BIJNOR,,GRN/2025/2821,,2026-01-14T15:05:20,,WM-02,,,,TR/2425/14,TR/2425/14,2026-01-14T00:00:00,,Closed,,Rahul,Rahul,,,,GX/G/25-26/331,GX109570,,0,,2025-08-07T00:00:00,,2200,TO/2025/18,Warehouse,,1,,,,,,,0,0,DEL_CX2376,0,0,0,0,ONT,,,,,,Transfer Receipt,B486184ECC92,2026-01-01
WIOM,001-SAKET,WM-02,Wiom ONT_GX-Titanium E20/Earth 2022,Normal BAU,1,0,0,1,0,0,PCS,ELECTRONICS,,006-BIJNOR,,GRN/2025/2821,,2026-01-14T15:05:20,,WM-02,,,,TR/2425/14,TR/2425/14,2026-01-14T00:00:00,,Closed,,Rahul,Rahul,,,,GX/G/25-26/331,GX109554,,0,,2025-08-07T00:00:00,,2200,TO/2025/18,Warehouse,,1,,,,,,,0,0,DEL_CX2366,0,0,0,0,ONT,,,,,,Transfer Receipt,B486184F0E12,2026-01-01
WIOM,001-SAKET,WM-02,Wiom ONT_GX-Titanium E20/Earth 2022,Normal BAU,1,0,0,1,0,0,PCS,ELECTRONICS,,006-BIJNOR,,GRN/2025/2821,,2026-01-14T15:05:20,,WM-02,,,,TR/2425/14,TR/2425/14,2026-01-14T00:00:00,,Closed,,Rahul,Rahul,,,,GX/G/25-26/331,GX109549,,0,,2025-08-07T00:00:00,,2200,TO/2025/18,Warehouse,,1,,,,,,,0,0,DEL_CX2366,0,0,0,0,ONT,,,,,,Transfer Receipt,B486184F3E42,2026-01-01
WIOM,001-SAKET,WM-02,Wiom ONT_GX-Titanium E20/Earth 2022,Normal BAU,1,0,0,1,0,0,PCS,ELECTRONICS,,006-BIJNOR,,GRN/2025/2821,,2026-01-14T15:05:20,,WM-02,,,,TR/2425/14,TR/2425/14,2026-01-14T00:00:00,,Closed,,Rahul,Rahul,,,,GX/G/25-26/331,GX109681,,0,,2025-08-07T00:00:00,,2200,TO/2025/18,Warehouse,,1,,,,,,,0,0,DEL_CX2366,0,0,0,0,ONT,,,,,,Transfer Receipt,B486184E9C12,2026-01-01
WIOM,001-SAKET,WM-02,Wiom ONT_GX-Titanium E20/Earth 2022,Normal BAU,1,0,0,1,0,0,PCS,ELECTRONICS,,006-BIJNOR,,GRN/2025/2821,,2026-01-14T15:05:20,,WM-02,,,,TR/2425/14,TR/2425/14,2026-01-14T00:00:00,,Closed,,Rahul,Rahul,,,,GX/G/25-26/331,GX109680,,0,,2025-08-07T00:00:00,,2200,TO/2025/18,Warehouse,,1,,,,,,,0,0,DEL_CX2366,0,0,0,0,ONT,,,,,,Transfer Receipt,B486184ED512,2026-01-01
WIOM,001-SAKET,WM-02,Wiom ONT_GX-Titanium E20/Earth 2022,Normal BAU,1,0,0,1,0,0,PCS,ELECTRONICS,,006-BIJNOR,,GRN/2025/2821,,2026-01-14T15:05:20,,WM-02,,,,TR/2425/14,TR/2425/14,2026-01-14T00:00:00,,Closed,,Rahul,Rahul,,,,GX/G/25-26/331,GX109675,,0,,2025-08-07T00:00:00,,2200,TO/2025/18,Warehouse,,1,,,,,,,0,0,DEL_CX2366,0,0,0,0,ONT,,,,,,Transfer Receipt,B486184F86D2,2026-01-01
WIOM,001-SAKET,WM-02,Wiom ONT_GX-Titanium E20/Earth 2022,Normal BAU,1,0,0,1,0,0,PCS,ELECTRONICS,,006-BIJNOR,,GRN/2025/2821,,2026-01-14T15:05:20,,WM-02,,,,TR/2425/14,TR/2425/14,2026-01-14T00:00:00,,Closed,,Rahul,Rahul,,,,GX/G/25-26/331,GX109684,,0,,2025-08-07T00:00:00,,2200,TO/2025/18,Warehouse,,1,,,,,,,0,0,DEL_CX2366,0,0,0,0,ONT,,,,,,Transfer Receipt,B486184F2DF2,2026-01-01
WIOM,001-SAKET,WM-02,Wiom ONT_GX-Titanium E20/Earth 2022,Normal BAU,1,0,0,1,0,0,PCS,ELECTRONICS,,006-BIJNOR,,GRN/2025/2821,,2026-01-14T15:05:20,,WM-02,,,,TR/2425/14,TR/2425/14,2026-01-14T00:00:00,,Closed,,Rahul,Rahul,,,,GX/G/25-26/331,GX109715,,0,,2025-08-07T00:00:00,,2200,TO/2025/18,Warehouse,,1,,,,,,,0,0,DEL_CX2376,0,0,0,0,ONT,,,,,,Transfer Receipt,B486184F0ED2,2026-01-01
WIOM,001-SAKET,WM-02,Wiom ONT_GX-Titanium E20/Earth 2022,Normal BAU,1,0,0,1,0,0,PCS,ELECTRONICS,,006-BIJNOR,,GRN/2025/2821,,2026-01-14T15:05:20,,WM-02,,,,TR/2425/14,TR/2425/14,2026-01-14T00:00:00,,Closed,,Rahul,Rahul,,,,GX/G/25-26/331,GX109711,,0,,2025-08-07T00:00:00,,2200,TO/2025/18,Warehouse,,1,,,,,,,0,0,DEL_CX2376,0,0,0,0,ONT,,,,,,Transfer Receipt,B486184F3CE2,2026-01-01
WIOM,001-SAKET,WM-02,Wiom ONT_GX-Titanium E20/Earth 2022,Normal BAU,1,0,0,1,0,0,PCS,ELECTRONICS,,006-BIJNOR,,GRN/2025/2821,,2026-01-14T15:05:20,,WM-02,,,,TR/2425/14,TR/2425/14,2026-01-14T00:00:00,,Closed,,Rahul,Rahul,,,,GX/G/25-26/331,GX109682,,0,,2025-08-07T00:00:00,,2200,TO/2025/18,Warehouse,,1,,,,,,,0,0,DEL_CX2366,0,0,0,0,ONT,,,,,,Transfer Receipt,B486184EC232,2026-01-01
WIOM,001-SAKET,WM-02,Wiom ONT_GX-Titanium E20/Earth 2022,Normal BAU,1,0,0,1,0,0,PCS,ELECTRONICS,,006-BIJNOR,,GRN/2025/2821,,2026-01-14T15:05:20,,WM-02,,,,TR/2425/14,TR/2425/14,2026-01-14T00:00:00,,Closed,,Rahul,Rahul,,,,GX/G/25-26/331,GX109673,,0,,2025-08-07T00:00:00,,2200,TO/2025/18,Warehouse,,1,,,,,,,0,0,DEL_CX2366,0,0,0,0,ONT,,,,,,Transfer Receipt,B486184F3532,2026-01-01
WIOM,001-SAKET,WM-02,Wiom ONT_GX-Titanium E20/Earth 2022,Normal BAU,1,0,0,1,0,0,PCS,ELECTRONICS,,006-BIJNOR,,GRN/2025/2821,,2026-01-14T15:05:20,,WM-02,,,,TR/2425/14,TR/2425/14,2026-01-14T00:00:00,,Closed,,Rahul,Rahul,,,,GX/G/25-26/331,GX109532,,0,,2025-08-07T00:00:00,,2200,TO/2025/18,Warehouse,,1,,,,,,,0,0,DEL_CX2376,0,0,0,0,ONT,,,,,,Transfer Receipt,B486184F0E92,2026-01-01
WIOM,001-SAKET,WM-02,Wiom ONT_GX-Titanium E20/Earth 2022,Normal BAU,1,0,0,1,0,0,PCS,ELECTRONICS,,006-BIJNOR,,GRN/2025/2821,,2026-01-14T15:05:20,,WM-02,,,,TR/2425/14,TR/2425/14,2026-01-14T00:00:00,,Closed,,Rahul,Rahul,,,,GX/G/25-26/331,GX113056,,0,,2025-08-07T00:00:00,,2200,TO/2025/18,Warehouse,,1,,,,,,,0,0,DEL_CX2376,0,0,0,0,ONT,,,,,,Transfer Receipt,B486184E5CB2,2026-01-01
WIOM,001-SAKET,WM-02,Wiom ONT_GX-Titanium E20/Earth 2022,Normal BAU,1,0,0,1,0,0,PCS,ELECTRONICS,,006-BIJNOR,,GRN/2025/2821,,2026-01-14T15:05:20,,WM-02,,,,TR/2425/14,TR/2425/14,2026-01-14T00:00:00,,Closed,,Rahul,Rahul,,,,GX/G/25-26/398,GX112969,,0,,2025-08-30T00:00:00,,2200,TO/2025/18,Warehouse,,1,,,,,,,0,0,DEL_CX3822,0,0,0,0,ONT,,,,,,Transfer Receipt,B486187BFC52,2026-01-01
WIOM,001-SAKET,WM-02,Wiom ONT_GX-Titanium E20/Earth 2022,Normal BAU,1,0,0,1,0,0,PCS,ELECTRONICS,,006-BIJNOR,,GRN/2025/2821,,2026-01-14T15:05:20,,WM-02,,,,TR/2425/14,TR/2425/14,2026-01-14T00:00:00,,Closed,,Rahul,Rahul,,,,GX/G/25-26/331,GX113060,,0,,2025-08-07T00:00:00,,2200,TO/2025/18,Warehouse,,1,,,,,,,0,0,DEL_CX2376,0,0,0,0,ONT,,,,,,Transfer Receipt,B486185020B2,2026-01-01
WIOM,001-SAKET,WM-02,Wiom ONT_GX-Titanium E20/Earth 2022,Normal BAU,1,0,0,1,0,0,PCS,ELECTRONICS,,006-BIJNOR,,GRN/2025/2821,,2026-01-14T15:05:20,,WM-02,,,,TR/2425/14,TR/2425/14,2026-01-14T00:00:00,,Closed,,Rahul,Rahul,,,,GX/G/25-26/331,GX113062,,0,,2025-08-07T00:00:00,,2200,TO/2025/18,Warehouse,,1,,,,,,,0,0,DEL_CX2365,0,0,0,0,ONT,,,,,,Transfer Receipt,B48618501DA2,2026-01-01
WIOM,001-SAKET,WM-02,Wiom ONT_GX-Titanium E20/Earth 2022,Normal BAU,1,0,0,1,0,0,PCS,ELECTRONICS,,006-BIJNOR,,GRN/2025/2821,,2026-01-14T15:05:20,,WM-02,,,,TR/2425/14,TR/2425/14,2026-01-14T00:00:00,,Closed,,Rahul,Rahul,,,,GX/G/25-26/331,GX113061,,0,,2025-08-07T00:00:00,,2200,TO/2025/18,Warehouse,,1,,,,,,,0,0,DEL_CX2376,0,0,0,0,ONT,,,,,,Transfer Receipt,B48618501F82,2026-01-01
WIOM,001-SAKET,WM-02,Wiom ONT_GX-Titanium E20/Earth 2022,Normal BAU,1,0,0,1,0,0,PCS,ELECTRONICS,,006-BIJNOR,,GRN/2025/2821,,2026-01-14T15:05:20,,WM-02,,,,TR/2425/14,TR/2425/14,2026-01-14T00:00:00,,Closed,,Rahul,Rahul,,,,GX/G/25-26/331,GX113058,,0,,2025-08-07T00:00:00,,2200,TO/2025/18,Warehouse,,1,,,,,,,0,0,DEL_CX2376,0,0,0,0,ONT,,,,,,Transfer Receipt,B486184E6762,2026-01-01
WIOM,001-SAKET,WM-02,Wiom ONT_GX-Titanium E20/Earth 2022,Normal BAU,1,0,0,1,0,0,PCS,ELECTRONICS,,006-BIJNOR,,GRN/2025/2821,,2026-01-14T15:05:20,,WM-02,,,,TR/2425/14,TR/2425/14,2026-01-14T00:00:00,,Closed,,Rahul,Rahul,,,,GX/G/25-26/331,GX109725,,0,,2025-08-07T00:00:00,,2200,TO/2025/18,Warehouse,,1,,,,,,,0,0,DEL_CX2376,0,0,0,0,ONT,,,,,,Transfer Receipt,B486184F3782,2026-01-01
WIOM,001-SAKET,WM-02,Wiom ONT_GX-Titanium E20/Earth 2022,Normal BAU,1,0,0,1,0,0,PCS,ELECTRONICS,,006-BIJNOR,,GRN/2025/2821,,2026-01-14T15:05:20,,WM-02,,,,TR/2425/14,TR/2425/14,2026-01-14T00:00:00,,Closed,,Rahul,Rahul,,,,GX/G/25-26/331,GX113280,,0,,2025-08-07T00:00:00,,2200,TO/2025/18,Warehouse,,1,,,,,,,0,0,DEL_CX2376,0,0,0,0,ONT,,,,,,Transfer Receipt,B486184F3392,2026-01-01
WIOM,001-SAKET,WM-02,Wiom ONT_GX-Titanium E20/Earth 2022,Normal BAU,1,0,0,1,0,0,PCS,ELECTRONICS,,006-BIJNOR,,GRN/2025/2821,,2026-01-14T15:05:20,,WM-02,,,,TR/2425/14,TR/2425/14,2026-01-14T00:00:00,,Closed,,Rahul,Rahul,,,,GX/G/25-26/331,GX113223,,0,,2025-08-07T00:00:00,,2200,TO/2025/18,Warehouse,,1,,,,,,,0,0,DEL_CX2376,0,0,0,0,ONT,,,,,,Transfer Receipt,B48618501E62,2026-01-01
WIOM,001-SAKET,WM-02,Wiom ONT_GX-Titanium E20/Earth 2022,Normal BAU,1,0,0,1,0,0,PCS,ELECTRONICS,,006-BIJNOR,,GRN/2025/2821,,2026-01-14T15:05:20,,WM-02,,,,TR/2425/14,TR/2425/14,2026-01-14T00:00:00,,Closed,,Rahul,Rahul,,,,GX/G/25-26/331,GX113072,,0,,2025-08-07T00:00:00,,2200,TO/2025/18,Warehouse,,1,,,,,,,0,0,DEL_CX2376,0,0,0,0,ONT,,,,,,Transfer Receipt,B486184F89F2,2026-01-01
WIOM,001-SAKET,WM-02,Wiom ONT_GX-Titanium E20/Earth 2022,Normal BAU,1,0,0,1,0,0,PCS,ELECTRONICS,,006-BIJNOR,,GRN/2025/2821,,2026-01-14T15:05:20,,WM-02,,,,TR/2425/14,TR/2425/14,2026-01-14T00:00:00,,Closed,,Rahul,Rahul,,,,GX/G/25-26/331,GX113289,,0,,2025-08-07T00:00:00,,2200,TO/2025/18,Warehouse,,1,,,,,,,0,0,DEL_CX2365,0,0,0,0,ONT,,,,,,Transfer Receipt,B486184FD242,2026-01-01
WIOM,001-SAKET,WM-02,Wiom ONT_GX-Titanium E20/Earth 2022,Normal BAU,1,0,0,1,0,0,PCS,ELECTRONICS,,006-BIJNOR,,GRN/2025/2821,,2026-01-14T15:05:20,,WM-02,,,,TR/2425/14,TR/2425/14,2026-01-14T00:00:00,,Closed,,Rahul,Rahul,,,,GX/G/25-26/331,GX113296,,0,,2025-08-07T00:00:00,,2200,TO/2025/18,Warehouse,,1,,,,,,,0,0,DEL_CX2365,0,0,0,0,ONT,,,,,,Transfer Receipt,B486184E6512,2026-01-01
WIOM,001-SAKET,WM-02,Wiom ONT_GX-Titanium E20/Earth 2022,Normal BAU,1,0,0,1,0,0,PCS,ELECTRONICS,,006-BIJNOR,,GRN/2025/2821,,2026-01-14T15:05:20,,WM-02,,,,TR/2425/14,TR/2425/14,2026-01-14T00:00:00,,Closed,,Rahul,Rahul,,,,GX/G/25-26/331,GX113290,,0,,2025-08-07T00:00:00,,2200,TO/2025/18,Warehouse,,1,,,,,,,0,0,DEL_CX2365,0,0,0,0,ONT,,,,,,Transfer Receipt,B486184E78A2,2026-01-01
WIOM,001-SAKET,WM-02,Wiom ONT_GX-Titanium E20/Earth 2022,Normal BAU,1,0,0,1,0,0,PCS,ELECTRONICS,,006-BIJNOR,,GRN/2025/2821,,2026-01-14T15:05:20,,WM-02,,,,TR/2425/14,TR/2425/14,2026-01-14T00:00:00,,Closed,,Rahul,Rahul,,,,GX/G/25-26/331,GX113284,,0,,2025-08-07T00:00:00,,2200,TO/2025/18,Warehouse,,1,,,,,,,0,0,DEL_CX2376,0,0,0,0,ONT,,,,,,Transfer Receipt,B48618501F52,2026-01-01
WIOM,001-SAKET,WM-02,Wiom ONT_GX-Titanium E20/Earth 2022,Normal BAU,1,0,0,1,0,0,PCS,ELECTRONICS,,006-BIJNOR,,GRN/2025/2821,,2026-01-14T15:05:20,,WM-02,,,,TR/2425/14,TR/2425/14,2026-01-14T00:00:00,,Closed,,Rahul,Rahul,,,,GX/G/25-26/331,GX113064,,0,,2025-08-07T00:00:00,,2200,TO/2025/18,Warehouse,,1,,,,,,,0,0,DEL_CX2376,0,0,0,0,ONT,,,,,,Transfer Receipt,B486185029A2,2026-01-01
WIOM,001-SAKET,WM-02,Wiom ONT_GX-Titanium E20/Earth 2022,Normal BAU,1,0,0,1,0,0,PCS,ELECTRONICS,,006-BIJNOR,,GRN/2025/2821,,2026-01-14T15:05:20,,WM-02,,,,TR/2425/14,TR/2425/14,2026-01-14T00:00:00,,Closed,,Rahul,Rahul,,,,GX/G/25-26/331,GX109722,,0,,2025-08-07T00:00:00,,2200,TO/2025/18,Warehouse,,1,,,,,,,0,0,DEL_CX2376,0,0,0,0,ONT,,,,,,Transfer Receipt,B48618501C12,2026-01-01
WIOM,001-SAKET,WM-02,Wiom ONT_GX-Titanium E20/Earth 2022,Normal BAU,1,0,0,1,0,0,PCS,ELECTRONICS,,006-BIJNOR,,GRN/2025/2821,,2026-01-14T15:05:20,,WM-02,,,,TR/2425/14,TR/2425/14,2026-01-14T00:00:00,,Closed,,Rahul,Rahul,,,,GX/G/25-26/331,GX109530,,0,,2025-08-07T00:00:00,,2200,TO/2025/18,Warehouse,,1,,,,,,,0,0,DEL_CX2376,0,0,0,0,ONT,,,,,,Transfer Receipt,B486184F0F72,2026-01-01
WIOM,001-SAKET,WM-02,Wiom ONT_GX-Titanium E20/Earth 2022,Normal BAU,1,0,0,1,0,0,PCS,ELECTRONICS,,006-BIJNOR,,GRN/2025/2821,,2026-01-14T15:05:20,,WM-02,,,,TR/2425/14,TR/2425/14,2026-01-14T00:00:00,,Closed,,Rahul,Rahul,,,,GX/G/25-26/331,GX113458,,0,,2025-08-07T00:00:00,,2200,TO/2025/18,Warehouse,,1,,,,,,,0,0,DEL_CX2365,0,0,0,0,ONT,,,,,,Transfer Receipt,B48618502692,2026-01-01
WIOM,001-SAKET,WM-02,Wiom ONT_GX-Titanium E20/Earth 2022,Normal BAU,1,0,0,1,0,0,PCS,ELECTRONICS,,006-BIJNOR,,GRN/2025/2821,,2026-01-14T15:05:20,,WM-02,,,,TR/2425/14,TR/2425/14,2026-01-14T00:00:00,,Closed,,Rahul,Rahul,,,,GX/G/25-26/331,GX113460,,0,,2025-08-07T00:00:00,,2200,TO/2025/18,Warehouse,,1,,,,,,,0,0,DEL_CX2365,0,0,0,0,ONT,,,,,,Transfer Receipt,B486184E8442,2026-01-01
WIOM,001-SAKET,WM-02,Wiom ONT_GX-Titanium E20/Earth 2022,Normal BAU,1,0,0,1,0,0,PCS,ELECTRONICS,,006-BIJNOR,,GRN/2025/2821,,2026-01-14T15:05:20,,WM-02,,,,TR/2425/14,TR/2425/14,2026-01-14T00:00:00,,Closed,,Rahul,Rahul,,,,GX/G/25-26/331,GX113943,,0,,2025-08-07T00:00:00,,2200,TO/2025/18,Warehouse,,1,,,,,,,0,0,DEL_CX2365,0,0,0,0,ONT,,,,,,Transfer Receipt,B48618501AE2,2026-01-01
WIOM,001-SAKET,WM-02,Wiom ONT_GX-Titanium E20/Earth 2022,Normal BAU,1,0,0,1,0,0,PCS,ELECTRONICS,,006-BIJNOR,,GRN/2025/2821,,2026-01-14T15:05:20,,WM-02,,,,TR/2425/14,TR/2425/14,2026-01-14T00:00:00,,Closed,,Rahul,Rahul,,,,GX/G/25-26/331,GX113461,,0,,2025-08-07T00:00:00,,2200,TO/2025/18,Warehouse,,1,,,,,,,0,0,DEL_CX2365,0,0,0,0,ONT,,,,,,Transfer Receipt,B486184F0252,2026-01-01
WIOM,001-SAKET,WM-02,Wiom ONT_GX-Titanium E20/Earth 2022,Normal BAU,1,0,0,1,0,0,PCS,ELECTRONICS,,006-BIJNOR,,GRN/2025/2821,,2026-01-14T15:05:20,,WM-02,,,,TR/2425/14,TR/2425/14,2026-01-14T00:00:00,,Closed,,Rahul,Rahul,,,,GX/G/25-26/331,GX113459,,0,,2025-08-07T00:00:00,,2200,TO/2025/18,Warehouse,,1,,,,,,,0,0,DEL_CX2365,0,0,0,0,ONT,,,,,,Transfer Receipt,B486184FA902,2026-01-01
WIOM,001-SAKET,WM-02,Wiom ONT_GX-Titanium E20/Earth 2022,Normal BAU,1,0,0,1,0,0,PCS,ELECTRONICS,,006-BIJNOR,,GRN/2025/2821,,2026-01-14T15:05:20,,WM-02,,,,TR/2425/14,TR/2425/14,2026-01-14T00:00:00,,Closed,,Rahul,Rahul,,,,GX/G/25-26/331,GX113457,,0,,2025-08-07T00:00:00,,2200,TO/2025/18,Warehouse,,1,,,,,,,0,0,DEL_CX2365,0,0,0,0,ONT,,,,,,Transfer Receipt,B486185018D2,2026-01-01
WIOM,001-SAKET,WM-02,Wiom ONT_GX-Titanium E20/Earth 2022,Normal BAU,1,0,0,1,0,0,PCS,ELECTRONICS,,006-BIJNOR,,GRN/2025/2821,,2026-01-14T15:05:20,,WM-02,,,,TR/2425/14,TR/2425/14,2026-01-14T00:00:00,,Closed,,Rahul,Rahul,,,,GX/G/25-26/331,GX113949,,0,,2025-08-07T00:00:00,,2200,TO/2025/18,Warehouse,,1,,,,,,,0,0,DEL_CX2365,0,0,0,0,ONT,,,,,,Transfer Receipt,B48618502012,2026-01-01
WIOM,001-SAKET,WM-02,Wiom ONT_GX-Titanium E20/Earth 2022,Normal BAU,1,0,0,1,0,0,PCS,ELECTRONICS,,006-BIJNOR,,GRN/2025/2821,,2026-01-14T15:05:20,,WM-02,,,,TR/2425/14,TR/2425/14,2026-01-14T00:00:00,,Closed,,Rahul,Rahul,,,,GX/G/25-26/331,GX113948,,0,,2025-08-07T00:00:00,,2200,TO/2025/18,Warehouse,,1,,,,,,,0,0,DEL_CX2365,0,0,0,0,ONT,,,,,,Transfer Receipt,B486184E5AF2,2026-01-01
WIOM,001-SAKET,WM-02,Wiom ONT_GX-Titanium E20/Earth 2022,Normal BAU,1,0,0,1,0,0,PCS,ELECTRONICS,,006-BIJNOR,,GRN/2025/2821,,2026-01-14T15:05:20,,WM-02,,,,TR/2425/14,TR/2425/14,2026-01-14T00:00:00,,Closed,,Rahul,Rahul,,,,GX/G/25-26/331,GX113946,,0,,2025-08-07T00:00:00,,2200,TO/2025/18,Warehouse,,1,,,,,,,0,0,DEL_CX2365,0,0,0,0,ONT,,,,,,Transfer Receipt,B486184E73A2,2026-01-01
WIOM,001-SAKET,WM-02,Wiom ONT_GX-Titanium E20/Earth 2022,Normal BAU,1,0,0,1,0,0,PCS,ELECTRONICS,,006-BIJNOR,,GRN/2025/2821,,2026-01-14T15:05:20,,WM-02,,,,TR/2425/14,TR/2425/14,2026-01-14T00:00:00,,Closed,,Rahul,Rahul,,,,GX/G/25-26/331,GX113952,,0,,2025-08-07T00:00:00,,2200,TO/2025/18,Warehouse,,1,,,,,,,0,0,DEL_CX2365,0,0,0,0,ONT,,,,,,Transfer Receipt,B48618501162,2026-01-01
WIOM,001-SAKET,WM-02,Wiom ONT_GX-Titanium E20/Earth 2022,Normal BAU,1,0,0,1,0,0,PCS,ELECTRONICS,,006-BIJNOR,,GRN/2025/2821,,2026-01-14T15:05:20,,WM-02,,,,TR/2425/14,TR/2425/14,2026-01-14T00:00:00,,Closed,,Rahul,Rahul,,,,GX/G/25-26/331,GX113954,,0,,2025-08-07T00:00:00,,2200,TO/2025/18,Warehouse,,1,,,,,,,0,0,DEL_CX2365,0,0,0,0,ONT,,,,,,Transfer Receipt,B486185042C2,2026-01-01
WIOM,001-SAKET,WM-02,Wiom ONT_GX-Titanium E20/Earth 2022,Normal BAU,1,0,0,1,0,0,PCS,ELECTRONICS,,006-BIJNOR,,GRN/2025/2821,,2026-01-14T15:05:20,,WM-02,,,,TR/2425/14,TR/2425/14,2026-01-14T00:00:00,,Closed,,Rahul,Rahul,,,,GX/G/25-26/331,GX113953,,0,,2025-08-07T00:00:00,,2200,TO/2025/18,Warehouse,,1,,,,,,,0,0,DEL_CX2365,0,0,0,0,ONT,,,,,,Transfer Receipt,B486184F9592,2026-01-01
WIOM,001-SAKET,WM-02,Wiom ONT_GX-Titanium E20/Earth 2022,Normal BAU,1,0,0,1,0,0,PCS,ELECTRONICS,,006-BIJNOR,,GRN/2025/2821,,2026-01-14T15:05:20,,WM-02,,,,TR/2425/14,TR/2425/14,2026-01-14T00:00:00,,Closed,,Rahul,Rahul,,,,GX/G/25-26/331,GX113951,,0,,2025-08-07T00:00:00,,2200,TO/2025/18,Warehouse,,1,,,,,,,0,0,DEL_CX2365,0,0,0,0,ONT,,,,,,Transfer Receipt,B48618501F22,2026-01-01
WIOM,001-SAKET,WM-02,Wiom ONT_GX-Titanium E20/Earth 2022,Normal BAU,1,0,0,1,0,0,PCS,ELECTRONICS,,006-BIJNOR,,GRN/2025/2821,,2026-01-14T15:05:20,,WM-02,,,,TR/2425/14,TR/2425/14,2026-01-14T00:00:00,,Closed,,Rahul,Rahul,,,,GX/G/25-26/331,GX113944,,0,,2025-08-07T00:00:00,,2200,TO/2025/18,Warehouse,,1,,,,,,,0,0,DEL_CX2365,0,0,0,0,ONT,,,,,,Transfer Receipt,B486184F2982,2026-01-01
WIOM,001-SAKET,WM-02,Wiom ONT_GX-Titanium E20/Earth 2022,Normal BAU,1,0,0,1,0,0,PCS,ELECTRONICS,,006-BIJNOR,,GRN/2025/2821,,2026-01-14T15:05:20,,WM-02,,,,TR/2425/14,TR/2425/14,2026-01-14T00:00:00,,Closed,,Rahul,Rahul,,,,GX/G/25-26/331,GX113443,,0,,2025-08-07T00:00:00,,2200,TO/2025/18,Warehouse,,1,,,,,,,0,0,DEL_CX2376,0,0,0,0,ONT,,,,,,Transfer Receipt,B48618502772,2026-01-01
WIOM,001-SAKET,WM-02,Wiom ONT_GX-Titanium E20/Earth 2022,Normal BAU,1,0,0,1,0,0,PCS,ELECTRONICS,,006-BIJNOR,,GRN/2025/2821,,2026-01-14T15:05:20,,WM-02,,,,TR/2425/14,TR/2425/14,2026-01-14T00:00:00,,Closed,,Rahul,Rahul,,,,GX/G/25-26/398,GX124144,,0,,2025-08-30T00:00:00,,2200,TO/2025/18,Warehouse,,1,,,,,,,0,0,DEL_CX3822,0,0,0,0,ONT,,,,,,Transfer Receipt,B486187BB422,2026-01-01
WIOM,001-SAKET,WM-02,Wiom ONT_GX-Titanium E20/Earth 2022,Normal BAU,1,0,0,1,0,0,PCS,ELECTRONICS,,006-BIJNOR,,GRN/2025/2821,,2026-01-14T15:05:20,,WM-02,,,,TR/2425/14,TR/2425/14,2026-01-14T00:00:00,,Closed,,Rahul,Rahul,,,,GX/G/25-26/398,GX124127,,0,,2025-08-30T00:00:00,,2200,TO/2025/18,Warehouse,,1,,,,,,,0,0,DEL_CX3822,0,0,0,0,ONT,,,,,,Transfer Receipt,B486187BF042,2026-01-01
WIOM,001-SAKET,WM-02,Wiom ONT_GX-Titanium E20/Earth 2022,Normal BAU,1,0,0,1,0,0,PCS,ELECTRONICS,,006-BIJNOR,,GRN/2025/2821,,2026-01-14T15:05:20,,WM-02,,,,TR/2425/14,TR/2425/14,2026-01-14T00:00:00,,Closed,,Rahul,Rahul,,,,GX/G/25-26/398,GX124279,,0,,2025-08-30T00:00:00,,2200,TO/2025/18,Warehouse,,1,,,,,,,0,0,DEL_CX3822,0,0,0,0,ONT,,,,,,Transfer Receipt,B486187B6EF2,2026-01-01
WIOM,001-SAKET,WM-02,Wiom ONT_GX-Titanium E20/Earth 2022,Normal BAU,1,0,0,1,0,0,PCS,ELECTRONICS,,006-BIJNOR,,GRN/2025/2821,,2026-01-14T15:05:20,,WM-02,,,,TR/2425/14,TR/2425/14,2026-01-14T00:00:00,,Closed,,Rahul,Rahul,,,,GX/G/25-26/398,GX124305,,0,,2025-08-30T00:00:00,,2200,TO/2025/18,Warehouse,,1,,,,,,,0,0,DEL_CX3822,0,0,0,0,ONT,,,,,,Transfer Receipt,B486187C7E52,2026-01-01
WIOM,001-SAKET,WM-02,Wiom ONT_GX-Titanium E20/Earth 2022,Normal BAU,1,0,0,1,0,0,PCS,ELECTRONICS,,006-BIJNOR,,GRN/2025/2821,,2026-01-14T15:05:20,,WM-02,,,,TR/2425/14,TR/2425/14,2026-01-14T00:00:00,,Closed,,Rahul,Rahul,,,,GX/G/25-26/398,GX124299,,0,,2025-08-30T00:00:00,,2200,TO/2025/18,Warehouse,,1,,,,,,,0,0,DEL_CX3822,0,0,0,0,ONT,,,,,,Transfer Receipt,B486187C34C2,2026-01-01
WIOM,001-SAKET,WM-02,Wiom ONT_GX-Titanium E20/Earth 2022,Normal BAU,1,0,0,1,0,0,PCS,ELECTRONICS,,006-BIJNOR,,GRN/2025/2821,,2026-01-14T15:05:20,,WM-02,,,,TR/2425/14,TR/2425/14,2026-01-14T00:00:00,,Closed,,Rahul,Rahul,,,,GX/G/25-26/398,GX124258,,0,,2025-08-30T00:00:00,,2200,TO/2025/18,Warehouse,,1,,,,,,,0,0,DEL_CX3822,0,0,0,0,ONT,,,,,,Transfer Receipt,B486187C7072,2026-01-01
WIOM,001-SAKET,WM-02,Wiom ONT_GX-Titanium E20/Earth 2022,Normal BAU,1,0,0,1,0,0,PCS,ELECTRONICS,,006-BIJNOR,,GRN/2025/2821,,2026-01-14T15:05:20,,WM-02,,,,TR/2425/14,TR/2425/14,2026-01-14T00:00:00,,Closed,,Rahul,Rahul,,,,GX/G/25-26/398,GX123611,,0,,2025-08-30T00:00:00,,2200,TO/2025/18,Warehouse,,1,,,,,,,0,0,DEL_CX3822,0,0,0,0,ONT,,,,,,Transfer Receipt,B486187A7942,2026-01-01
WIOM,001-SAKET,WM-02,Wiom ONT_GX-Titanium E20/Earth 2022,Normal BAU,1,0,0,1,0,0,PCS,ELECTRONICS,,006-BIJNOR,,GRN/2025/2821,,2026-01-14T15:05:20,,WM-02,,,,TR/2425/14,TR/2425/14,2026-01-14T00:00:00,,Closed,,Rahul,Rahul,,,,GX/G/25-26/398,GX124827,,0,,2025-08-30T00:00:00,,2200,TO/2025/18,Warehouse,,1,,,,,,,0,0,DEL_CX3822,0,0,0,0,ONT,,,,,,Transfer Receipt,B486187BBA42,2026-01-01
WIOM,001-SAKET,WM-02,Wiom ONT_GX-Titanium E20/Earth 2022,Normal BAU,1,0,0,1,0,0,PCS,ELECTRONICS,,006-BIJNOR,,GRN/2025/2821,,2026-01-14T15:05:20,,WM-02,,,,TR/2425/14,TR/2425/14,2026-01-14T00:00:00,,Closed,,Rahul,Rahul,,,,GX/G/25-26/398,GX124811,,0,,2025-08-30T00:00:00,,2200,TO/2025/18,Warehouse,,1,,,,,,,0,0,DEL_CX3822,0,0,0,0,ONT,,,,,,Transfer Receipt,B486187BB872,2026-01-01
WIOM,001-SAKET,WM-02,Wiom ONT_GX-Titanium E20/Earth 2022,Normal BAU,1,0,0,1,0,0,PCS,ELECTRONICS,,006-BIJNOR,,GRN/2025/2821,,2026-01-14T15:05:20,,WM-02,,,,TR/2425/14,TR/2425/14,2026-01-14T00:00:00,,Closed,,Rahul,Rahul,,,,GX/G/25-26/398,GX124545,,0,,2025-08-30T00:00:00,,2200,TO/2025/18,Warehouse,,1,,,,,,,0,0,DEL_CX3822,0,0,0,0,ONT,,,,,,Transfer Receipt,B486187BC782,2026-01-01
WIOM,001-SAKET,WM-02,Wiom ONT_GX-Titanium E20/Earth 2022,Normal BAU,1,0,0,1,0,0,PCS,ELECTRONICS,,006-BIJNOR,,GRN/2025/2821,,2026-01-14T15:05:20,,WM-02,,,,TR/2425/14,TR/2425/14,2026-01-14T00:00:00,,Closed,,Rahul,Rahul,,,,GX/G/25-26/398,GX125723,,0,,2025-08-30T00:00:00,,2200,TO/2025/18,Warehouse,,1,,,,,,,0,0,DEL_CX3822,0,0,0,0,ONT,,,,,,Transfer Receipt,B486187C1472,2026-01-01
WIOM,001-SAKET,WM-02,Wiom ONT_GX-Titanium E20/Earth 2022,Normal BAU,1,0,0,1,0,0,PCS,ELECTRONICS,,006-BIJNOR,,GRN/2025/2821,,2026-01-14T15:05:20,,WM-02,,,,TR/2425/14,TR/2425/14,2026-01-14T00:00:00,,Closed,,Rahul,Rahul,,,,GX/G/25-26/398,GX127531,,0,,2025-08-30T00:00:00,,2200,TO/2025/18,Warehouse,,1,,,,,,,0,0,DEL_CX3827,0,0,0,0,ONT,,,,,,Transfer Receipt,B486187C8AF2,2026-01-01
WIOM,001-SAKET,WM-02,Wiom ONT_GX-Titanium E20/Earth 2022,Normal BAU,1,0,0,1,0,0,PCS,ELECTRONICS,,006-BIJNOR,,GRN/2025/2821,,2026-01-14T15:05:20,,WM-02,,,,TR/2425/14,TR/2425/14,2026-01-14T00:00:00,,Closed,,Rahul,Rahul,,,,GX/G/25-26/398,GX127199,,0,,2025-08-30T00:00:00,,2200,TO/2025/18,Warehouse,,1,,,,,,,0,0,DEL_CX3827,0,0,0,0,ONT,,,,,,Transfer Receipt,B486187C1C02,2026-01-01
WIOM,001-SAKET,WM-02,Wiom ONT_GX-Titanium E20/Earth 2022,Normal BAU,1,0,0,1,0,0,PCS,ELECTRONICS,,006-BIJNOR,,GRN/2025/2821,,2026-01-14T15:05:20,,WM-02,,,,TR/2425/14,TR/2425/14,2026-01-14T00:00:00,,Closed,,Rahul,Rahul,,,,GX/G/25-26/398,GX124836,,0,,2025-08-30T00:00:00,,2200,TO/2025/18,Warehouse,,1,,,,,,,0,0,DEL_CX3822,0,0,0,0,ONT,,,,,,Transfer Receipt,B486187C8C92,2026-01-01
WIOM,001-SAKET,WM-02,Wiom ONT_GX-Titanium E20/Earth 2022,Normal BAU,1,0,0,1,0,0,PCS,ELECTRONICS,,006-BIJNOR,,GRN/2025/2821,,2026-01-14T15:05:20,,WM-02,,,,TR/2425/14,TR/2425/14,2026-01-14T00:00:00,,Closed,,Rahul,Rahul,,,,GX/G/25-26/398,GX124445,,0,,2025-08-30T00:00:00,,2200,TO/2025/18,Warehouse,,1,,,,,,,0,0,DEL_CX3822,0,0,0,0,ONT,,,,,,Transfer Receipt,B486187B6AD2,2026-01-01
WIOM,001-SAKET,WM-02,Wiom ONT_GX-Titanium E20/Earth 2022,Normal BAU,1,0,0,1,0,0,PCS,ELECTRONICS,,006-BIJNOR,,GRN/2025/2821,,2026-01-14T15:05:20,,WM-02,,,,TR/2425/14,TR/2425/14,2026-01-14T00:00:00,,Closed,,Rahul,Rahul,,,,GX/G/25-26/398,GX123369,,0,,2025-08-30T00:00:00,,2200,TO/2025/18,Warehouse,,1,,,,,,,0,0,DEL_CX3822,0,0,0,0,ONT,,,,,,Transfer Receipt,B486187B1432,2026-01-01
WIOM,001-SAKET,WM-02,Wiom ONT_GX-Titanium E20/Earth 2022,Normal BAU,1,0,0,1,0,0,PCS,ELECTRONICS,,006-BIJNOR,,GRN/2025/2821,,2026-01-14T15:05:20,,WM-02,,,,TR/2425/14,TR/2425/14,2026-01-14T00:00:00,,Closed,,Rahul,Rahul,,,,GX/G/25-26/331,GX113298,,0,,2025-08-07T00:00:00,,2200,TO/2025/18,Warehouse,,1,,,,,,,0,0,DEL_CX2365,0,0,0,0,ONT,,,,,,Transfer Receipt,B486184EB322,2026-01-01
WIOM,001-SAKET,WM-02,Wiom ONT_GX-Titanium E20/Earth 2022,Normal BAU,1,0,0,1,0,0,PCS,ELECTRONICS,,006-BIJNOR,,GRN/2025/2821,,2026-01-14T15:05:20,,WM-02,,,,TR/2425/14,TR/2425/14,2026-01-14T00:00:00,,Closed,,Rahul,Rahul,,,,GX/G/25-26/331,GX109527,,0,,2025-08-07T00:00:00,,2200,TO/2025/18,Warehouse,,1,,,,,,,0,0,DEL_CX2376,0,0,0,0,ONT,,,,,,Transfer Receipt,B486184E9372,2026-01-01
WIOM,001-SAKET,WM-02,Wiom ONT_GX-Titanium E20/Earth 2022,Normal BAU,1,0,0,1,0,0,PCS,ELECTRONICS,,006-BIJNOR,,GRN/2025/2821,,2026-01-14T15:05:20,,WM-02,,,,TR/2425/14,TR/2425/14,2026-01-14T00:00:00,,Closed,,Rahul,Rahul,,,,GX/G/25-26/331,GX109158,,0,,2025-08-07T00:00:00,,2200,TO/2025/18,Warehouse,,1,,,,,,,0,0,DEL_CX2366,0,0,0,0,ONT,,,,,,Transfer Receipt,B486184F70C2,2026-01-01
WIOM,001-SAKET,WM-02,Wiom ONT_GX-Titanium E20/Earth 2022,Normal BAU,1,0,0,1,0,0,PCS,ELECTRONICS,,006-BIJNOR,,GRN/2025/2821,,2026-01-14T15:05:20,,WM-02,,,,TR/2425/14,TR/2425/14,2026-01-14T00:00:00,,Closed,,Rahul,Rahul,,,,GX/G/25-26/398,GX128306,,0,,2025-08-30T00:00:00,,2200,TO/2025/18,Warehouse,,1,,,,,,,0,0,DEL_CX3827,0,0,0,0,ONT,,,,,,Transfer Receipt,B486187C2BC2,2026-01-01
WIOM,001-SAKET,WM-02,Wiom ONT_GX-Titanium E20/Earth 2022,Normal BAU,1,0,0,1,0,0,PCS,ELECTRONICS,,006-BIJNOR,,GRN/2025/2821,,2026-01-14T15:05:20,,WM-02,,,,TR/2425/14,TR/2425/14,2026-01-14T00:00:00,,Closed,,Rahul,Rahul,,,,GX/G/25-26/398,GX128303,,0,,2025-08-30T00:00:00,,2200,TO/2025/18,Warehouse,,1,,,,,,,0,0,DEL_CX3822,0,0,0,0,ONT,,,,,,Transfer Receipt,B486187C3F72,2026-01-01
WIOM,001-SAKET,WM-02,Wiom ONT_GX-Titanium E20/Earth 2022,Normal BAU,1,0,0,1,0,0,PCS,ELECTRONICS,,006-BIJNOR,,GRN/2025/2821,,2026-01-14T15:05:20,,WM-02,,,,TR/2425/14,TR/2425/14,2026-01-14T00:00:00,,Closed,,Rahul,Rahul,,,,GX/G/25-26/398,GX128296,,0,,2025-08-30T00:00:00,,2200,TO/2025/18,Warehouse,,1,,,,,,,0,0,DEL_CX3827,0,0,0,0,ONT,,,,,,Transfer Receipt,B486187B43B2,2026-01-01
WIOM,001-SAKET,WM-02,Wiom ONT_GX-Titanium E20/Earth 2022,Normal BAU,1,0,0,1,0,0,PCS,ELECTRONICS,,006-BIJNOR,,GRN/2025/2821,,2026-01-14T15:05:20,,WM-02,,,,TR/2425/14,TR/2425/14,2026-01-14T00:00:00,,Closed,,Rahul,Rahul,,,,GX/G/25-26/398,GX128283,,0,,2025-08-30T00:00:00,,2200,TO/2025/18,Warehouse,,1,,,,,,,0,0,DEL_CX3827,0,0,0,0,ONT,,,,,,Transfer Receipt,B486187C75C2,2026-01-01
WIOM,001-SAKET,WM-02,Wiom ONT_GX-Titanium E20/Earth 2022,Normal BAU,1,0,0,1,0,0,PCS,ELECTRONICS,,006-BIJNOR,,GRN/2025/2821,,2026-01-14T15:05:20,,WM-02,,,,TR/2425/14,TR/2425/14,2026-01-14T00:00:00,,Closed,,Rahul,Rahul,,,,GX/G/25-26/398,GX128340,,0,,2025-08-30T00:00:00,,2200,TO/2025/18,Warehouse,,1,,,,,,,0,0,DEL_CX3827,0,0,0,0,ONT,,,,,,Transfer Receipt,B486187C75F2,2026-01-01
WIOM,001-SAKET,WM-02,Wiom ONT_GX-Titanium E20/Earth 2022,Normal BAU,1,0,0,1,0,0,PCS,ELECTRONICS,,006-BIJNOR,,GRN/2025/2821,,2026-01-14T15:05:20,,WM-02,,,,TR/2425/14,TR/2425/14,2026-01-14T00:00:00,,Closed,,Rahul,Rahul,,,,GX/G/25-26/398,GX128330,,0,,2025-08-30T00:00:00,,2200,TO/2025/18,Warehouse,,1,,,,,,,0,0,DEL_CX3822,0,0,0,0,ONT,,,,,,Transfer Receipt,B486187958F2,2026-01-01
WIOM,001-SAKET,WM-02,Wiom ONT_GX-Titanium E20/Earth 2022,Normal BAU,1,0,0,1,0,0,PCS,ELECTRONICS,,006-BIJNOR,,GRN/2025/2821,,2026-01-14T15:05:20,,WM-02,,,,TR/2425/14,TR/2425/14,2026-01-14T00:00:00,,Closed,,Rahul,Rahul,,,,GX/G/25-26/398,GX128323,,0,,2025-08-30T00:00:00,,2200,TO/2025/18,Warehouse,,1,,,,,,,0,0,DEL_CX3822,0,0,0,0,ONT,,,,,,Transfer Receipt,B486187C2E72,2026-01-01
WIOM,001-SAKET,WM-02,Wiom ONT_GX-Titanium E20/Earth 2022,Normal BAU,1,0,0,1,0,0,PCS,ELECTRONICS,,006-BIJNOR,,GRN/2025/2821,,2026-01-14T15:05:20,,WM-02,,,,TR/2425/14,TR/2425/14,2026-01-14T00:00:00,,Closed,,Rahul,Rahul,,,,GX/G/25-26/398,GX128345,,0,,2025-08-30T00:00:00,,2200,TO/2025/18,Warehouse,,1,,,,,,,0,0,DEL_CX3827,0,0,0,0,ONT,,,,,,Transfer Receipt,B486187C3F52,2026-01-01
WIOM,001-SAKET,WM-02,Wiom ONT_GX-Titanium E20/Earth 2022,Normal BAU,1,0,0,1,0,0,PCS,ELECTRONICS,,006-BIJNOR,,GRN/2025/2821,,2026-01-14T15:05:20,,WM-02,,,,TR/2425/14,TR/2425/14,2026-01-14T00:00:00,,Closed,,Rahul,Rahul,,,,GX/G/25-26/398,GX128348,,0,,2025-08-30T00:00:00,,2200,TO/2025/18,Warehouse,,1,,,,,,,0,0,DEL_CX3827,0,0,0,0,ONT,,,,,,Transfer Receipt,B48618795F02,2026-01-01
WIOM,001-SAKET,WM-02,Wiom ONT_GX-Titanium E20/Earth 2022,Normal BAU,1,0,0,1,0,0,PCS,ELECTRONICS,,006-BIJNOR,,GRN/2025/2821,,2026-01-14T15:05:20,,WM-02,,,,TR/2425/14,TR/2425/14,2026-01-14T00:00:00,,Closed,,Rahul,Rahul,,,,GX/G/25-26/398,GX128346,,0,,2025-08-30T00:00:00,,2200,TO/2025/18,Warehouse,,1,,,,,,,0,0,DEL_CX3827,0,0,0,0,ONT,,,,,,Transfer Receipt,B486187C8A42,2026-01-01
WIOM,001-SAKET,WM-02,Wiom ONT_GX-Titanium E20/Earth 2022,Normal BAU,1,0,0,1,0,0,PCS,ELECTRONICS,,006-BIJNOR,,GRN/2025/2821,,2026-01-14T15:05:20,,WM-02,,,,TR/2425/14,TR/2425/14,2026-01-14T00:00:00,,Closed,,Rahul,Rahul,,,,GX/G/25-26/398,GX128343,,0,,2025-08-30T00:00:00,,2200,TO/2025/18,Warehouse,,1,,,,,,,0,0,DEL_CX3827,0,0,0,0,ONT,,,,,,Transfer Receipt,B486187B0C32,2026-01-01
WIOM,001-SAKET,WM-02,Wiom ONT_GX-Titanium E20/Earth 2022,Normal BAU,1,0,0,1,0,0,PCS,ELECTRONICS,,006-BIJNOR,,GRN/2025/2821,,2026-01-14T15:05:20,,WM-02,,,,TR/2425/14,TR/2425/14,2026-01-14T00:00:00,,Closed,,Rahul,Rahul,,,,GX/G/25-26/398,GX128316,,0,,2025-08-30T00:00:00,,2200,TO/2025/18,Warehouse,,1,,,,,,,0,0,DEL_CX3822,0,0,0,0,ONT,,,,,,Transfer Receipt,B486187BE4C2,2026-01-01
WIOM,001-SAKET,WM-02,Wiom ONT_GX-Titanium E20/Earth 2022,Normal BAU,1,0,0,1,0,0,PCS,ELECTRONICS,,006-BIJNOR,,GRN/2025/2821,,2026-01-14T15:05:20,,WM-02,,,,TR/2425/14,TR/2425/14,2026-01-14T00:00:00,,Closed,,Rahul,Rahul,,,,GX/G/25-26/398,GX128238,,0,,2025-08-30T00:00:00,,2200,TO/2025/18,Warehouse,,1,,,,,,,0,0,DEL_CX3827,0,0,0,0,ONT,,,,,,Transfer Receipt,B486187C64C2,2026-01-01
WIOM,001-SAKET,WM-02,Wiom ONT_GX-Titanium E20/Earth 2022,Normal BAU,1,0,0,1,0,0,PCS,ELECTRONICS,,006-BIJNOR,,GRN/2025/2821,,2026-01-14T15:05:20,,WM-02,,,,TR/2425/14,TR/2425/14,2026-01-14T00:00:00,,Closed,,Rahul,Rahul,,,,GX/G/25-26/398,GX128637,,0,,2025-08-30T00:00:00,,2200,TO/2025/18,Warehouse,,1,,,,,,,0,0,DEL_CX3822,0,0,0,0,ONT,,,,,,Transfer Receipt,B486187B3E62,2026-01-01
WIOM,001-SAKET,WM-02,Wiom ONT_GX-Titanium E20/Earth 2022,Normal BAU,1,0,0,1,0,0,PCS,ELECTRONICS,,006-BIJNOR,,GRN/2025/2821,,2026-01-14T15:05:20,,WM-02,,,,TR/2425/14,TR/2425/14,2026-01-14T00:00:00,,Closed,,Rahul,Rahul,,,,GX/G/25-26/398,GX128636,,0,,2025-08-30T00:00:00,,2200,TO/2025/18,Warehouse,,1,,,,,,,0,0,DEL_CX3827,0,0,0,0,ONT,,,,,,Transfer Receipt,B48618799462,2026-01-01
WIOM,001-SAKET,WM-02,Wiom ONT_GX-Titanium E20/Earth 2022,Normal BAU,1,0,0,1,0,0,PCS,ELECTRONICS,,006-BIJNOR,,GRN/2025/2821,,2026-01-14T15:05:20,,WM-02,,,,TR/2425/14,TR/2425/14,2026-01-14T00:00:00,,Closed,,Rahul,Rahul,,,,GX/G/25-26/398,GX128645,,0,,2025-08-30T00:00:00,,2200,TO/2025/18,Warehouse,,1,,,,,,,0,0,DEL_CX3827,0,0,0,0,ONT,,,,,,Transfer Receipt,B486187B6602,2026-01-01
WIOM,001-SAKET,WM-02,Wiom ONT_GX-Titanium E20/Earth 2022,Normal BAU,1,0,0,1,0,0,PCS,ELECTRONICS,,006-BIJNOR,,GRN/2025/2821,,2026-01-14T15:05:20,,WM-02,,,,TR/2425/14,TR/2425/14,2026-01-14T00:00:00,,Closed,,Rahul,Rahul,,,,GX/G/25-26/398,GX128809,,0,,2025-08-30T00:00:00,,2200,TO/2025/18,Warehouse,,1,,,,,,,0,0,DEL_CX3827,0,0,0,0,ONT,,,,,,Transfer Receipt,B486187B7122,2026-01-01
WIOM,001-SAKET,WM-02,Wiom ONT_GX-Titanium E20/Earth 2022,Normal BAU,1,0,0,1,0,0,PCS,ELECTRONICS,,006-BIJNOR,,GRN/2025/2821,,2026-01-14T15:05:20,,WM-02,,,,TR/2425/14,TR/2425/14,2026-01-14T00:00:00,,Closed,,Rahul,Rahul,,,,GX/G/25-26/398,GX128638,,0,,2025-08-30T00:00:00,,2200,TO/2025/18,Warehouse,,1,,,,,,,0,0,DEL_CX3827,0,0,0,0,ONT,,,,,,Transfer Receipt,B486187BB142,2026-01-01
WIOM,001-SAKET,WM-02,Wiom ONT_GX-Titanium E20/Earth 2022,Normal BAU,1,0,0,1,0,0,PCS,ELECTRONICS,,006-BIJNOR,,GRN/2025/2821,,2026-01-14T15:05:20,,WM-02,,,,TR/2425/14,TR/2425/14,2026-01-14T00:00:00,,Closed,,Rahul,Rahul,,,,GX/G/25-26/398,GX128625,,0,,2025-08-30T00:00:00,,2200,TO/2025/18,Warehouse,,1,,,,,,,0,0,DEL_CX3827,0,0,0,0,ONT,,,,,,Transfer Receipt,B48618795A62,2026-01-01
WIOM,001-SAKET,WM-02,Wiom ONT_GX-Titanium E20/Earth 2022,Normal BAU,1,0,0,1,0,0,PCS,ELECTRONICS,,006-BIJNOR,,GRN/2025/2821,,2026-01-14T15:05:20,,WM-02,,,,TR/2425/14,TR/2425/14,2026-01-14T00:00:00,,Closed,,Rahul,Rahul,,,,GX/G/25-26/398,GX128513,,0,,2025-08-30T00:00:00,,2200,TO/2025/18,Warehouse,,1,,,,,,,0,0,DEL_CX3827,0,0,0,0,ONT,,,,,,Transfer Receipt,B486187B4672,2026-01-01
WIOM,001-SAKET,WM-02,Wiom ONT_GX-Titanium E20/Earth 2022,Normal BAU,1,0,0,1,0,0,PCS,ELECTRONICS,,006-BIJNOR,,GRN/2025/2821,,2026-01-14T15:05:20,,WM-02,,,,TR/2425/14,TR/2425/14,2026-01-14T00:00:00,,Closed,,Rahul,Rahul,,,,GX/G/25-26/398,GX128233,,0,,2025-08-30T00:00:00,,2200,TO/2025/18,Warehouse,,1,,,,,,,0,0,DEL_CX3827,0,0,0,0,ONT,,,,,,Transfer Receipt,B486187ADE82,2026-01-01
WIOM,001-SAKET,WM-02,Wiom ONT_GX-Titanium E20/Earth 2022,Normal BAU,1,0,0,1,0,0,PCS,ELECTRONICS,,006-BIJNOR,,GRN/2025/2821,,2026-01-14T15:05:20,,WM-02,,,,TR/2425/14,TR/2425/14,2026-01-14T00:00:00,,Closed,,Rahul,Rahul,,,,GX/G/25-26/398,GX128202,,0,,2025-08-30T00:00:00,,2200,TO/2025/18,Warehouse,,1,,,,,,,0,0,DEL_CX3827,0,0,0,0,ONT,,,,,,Transfer Receipt,B486187BDF12,2026-01-01
WIOM,001-SAKET,WM-02,Wiom ONT_GX-Titanium E20/Earth 2022,Normal BAU,1,0,0,1,0,0,PCS,ELECTRONICS,,006-BIJNOR,,GRN/2025/2821,,2026-01-14T15:05:20,,WM-02,,,,TR/2425/14,TR/2425/14,2026-01-14T00:00:00,,Closed,,Rahul,Rahul,,,,GX/G/25-26/398,GX128016,,0,,2025-08-30T00:00:00,,2200,TO/2025/18,Warehouse,,1,,,,,,,0,0,DEL_CX3827,0,0,0,0,ONT,,,,,,Transfer Receipt,B486187B00C2,2026-01-01
WIOM,001-SAKET,WM-02,Wiom ONT_GX-Titanium E20/Earth 2022,Normal BAU,1,0,0,1,0,0,PCS,ELECTRONICS,,006-BIJNOR,,GRN/2025/2821,,2026-01-14T15:05:20,,WM-02,,,,TR/2425/14,TR/2425/14,2026-01-14T00:00:00,,Closed,,Rahul,Rahul,,,,GX/G/25-26/331,GX109100,,0,,2025-08-07T00:00:00,,2200,TO/2025/18,Warehouse,,1,,,,,,,0,0,DEL_CX2366,0,0,0,0,ONT,,,,,,Transfer Receipt,B486184F86C2,2026-01-01
WIOM,001-SAKET,WM-02,Wiom ONT_GX-Titanium E20/Earth 2022,Normal BAU,1,0,0,1,0,0,PCS,ELECTRONICS,,006-BIJNOR,,GRN/2025/2821,,2026-01-14T15:05:20,,WM-02,,,,TR/2425/14,TR/2425/14,2026-01-14T00:00:00,,Closed,,Rahul,Rahul,,,,GX/G/25-26/331,GX109098,,0,,2025-08-07T00:00:00,,2200,TO/2025/18,Warehouse,,1,,,,,,,0,0,DEL_CX2366,0,0,0,0,ONT,,,,,,Transfer Receipt,B486184F5672,2026-01-01
WIOM,001-SAKET,WM-02,Wiom ONT_GX-Titanium E20/Earth 2022,Normal BAU,1,0,0,1,0,0,PCS,ELECTRONICS,,006-BIJNOR,,GRN/2025/2821,,2026-01-14T15:05:20,,WM-02,,,,TR/2425/14,TR/2425/14,2026-01-14T00:00:00,,Closed,,Rahul,Rahul,,,,GX/G/25-26/331,GX108242,,0,,2025-08-07T00:00:00,,2200,TO/2025/18,Warehouse,,1,,,,,,,0,0,DEL_CX2365,0,0,0,0,ONT,,,,,,Transfer Receipt,B486184FF082,2026-01-01
WIOM,001-SAKET,WM-03,Wiom ONT_SY-GPON-2000-WADONT-WHITE,Normal BAU,1,0,0,1,0,0,PCS,ELECTRONICS,,014-MUZAFFARNAGAR,,GRN/2025/2815,,2026-01-13T16:07:07,,WM-03,,,,TR/2425/13,TR/2425/13,2026-01-13T00:00:00,,Closed,,Rahul,Rahul,,,,NOD/2526/5538,SY100603,,0,,2025-08-30T00:00:00,,1950,TO/2025/17,Warehouse,,1,,,,,,,0,0,DEL_CX3763,0,0,0,0,ONT,,,,,,Transfer Receipt,989DB2B5D118,2026-01-01
WIOM,001-SAKET,WM-03,Wiom ONT_SY-GPON-2000-WADONT-WHITE,Normal BAU,1,0,0,1,0,0,PCS,ELECTRONICS,,014-MUZAFFARNAGAR,,GRN/2025/2815,,2026-01-13T16:07:07,,WM-03,,,,TR/2425/13,TR/2425/13,2026-01-13T00:00:00,,Closed,,Rahul,Rahul,,,,NOD/2526/7331,SY108357,,0,,2025-10-17T00:00:00,,1950,TO/2025/17,Warehouse,,1,,,,,,,0,0,DEL_CX6128,0,0,0,0,ONT,,,,,,Transfer Receipt,989DB2E28698,2026-01-01
WIOM,001-SAKET,WM-03,Wiom ONT_SY-GPON-2000-WADONT-WHITE,Normal BAU,1,0,0,1,0,0,PCS,ELECTRONICS,,014-MUZAFFARNAGAR,,GRN/2025/2815,,2026-01-13T16:07:07,,WM-03,,,,TR/2425/13,TR/2425/13,2026-01-13T00:00:00,,Closed,,Rahul,Rahul,,,,NOD/2526/7331,SY108356,,0,,2025-10-17T00:00:00,,1950,TO/2025/17,Warehouse,,1,,,,,,,0,0,DEL_CX6128,0,0,0,0,ONT,,,,,,Transfer Receipt,989DB2E286B8,2026-01-01
WIOM,001-SAKET,WM-03,Wiom ONT_SY-GPON-2000-WADONT-WHITE,Normal BAU,1,0,0,1,0,0,PCS,ELECTRONICS,,014-MUZAFFARNAGAR,,GRN/2025/2815,,2026-01-13T16:07:07,,WM-03,,,,TR/2425/13,TR/2425/13,2026-01-13T00:00:00,,Closed,,Rahul,Rahul,,,,NOD/2526/5538,SY100602,,0,,2025-08-30T00:00:00,,1950,TO/2025/17,Warehouse,,1,,,,,,,0,0,DEL_CX3763,0,0,0,0,ONT,,,,,,Transfer Receipt,989DB2B5D228,2026-01-01
WIOM,001-SAKET,WM-03,Wiom ONT_SY-GPON-2000-WADONT-WHITE,Normal BAU,1,0,0,1,0,0,PCS,ELECTRONICS,,014-MUZAFFARNAGAR,,GRN/2025/2815,,2026-01-13T16:07:07,,WM-03,,,,TR/2425/13,TR/2425/13,2026-01-13T00:00:00,,Closed,,Rahul,Rahul,,,,NOD/2526/7331,SY108360,,0,,2025-10-17T00:00:00,,1950,TO/2025/17,Warehouse,,1,,,,,,,0,0,DEL_CX6128,0,0,0,0,ONT,,,,,,Transfer Receipt,989DB2E2A310,2026-01-01
WIOM,001-SAKET,WM-03,Wiom ONT_SY-GPON-2000-WADONT-WHITE,Normal BAU,1,0,0,1,0,0,PCS,ELECTRONICS,,014-MUZAFFARNAGAR,,GRN/2025/2815,,2026-01-13T16:07:07,,WM-03,,,,TR/2425/13,TR/2425/13,2026-01-13T00:00:00,,Closed,,Rahul,Rahul,,,,NOD/2526/5538,SY100605,,0,,2025-08-30T00:00:00,,1950,TO/2025/17,Warehouse,,1,,,,,,,0,0,DEL_CX3763,0,0,0,0,ONT,,,,,,Transfer Receipt,989DB2B5C5F8,2026-01-01
WIOM,001-SAKET,WM-03,Wiom ONT_SY-GPON-2000-WADONT-WHITE,Normal BAU,1,0,0,1,0,0,PCS,ELECTRONICS,,014-MUZAFFARNAGAR,,GRN/2025/2815,,2026-01-13T16:07:07,,WM-03,,,,TR/2425/13,TR/2425/13,2026-01-13T00:00:00,,Closed,,Rahul,Rahul,,,,NOD/2526/7331,SY108363,,0,,2025-10-17T00:00:00,,1950,TO/2025/17,Warehouse,,1,,,,,,,0,0,DEL_CX6124,0,0,0,0,ONT,,,,,,Transfer Receipt,989DB2E287F0,2026-01-01
WIOM,001-SAKET,WM-03,Wiom ONT_SY-GPON-2000-WADONT-WHITE,Normal BAU,1,0,0,1,0,0,PCS,ELECTRONICS,,014-MUZAFFARNAGAR,,GRN/2025/2815,,2026-01-13T16:07:07,,WM-03,,,,TR/2425/13,TR/2425/13,2026-01-13T00:00:00,,Closed,,Rahul,Rahul,,,,NOD/2526/7331,SY108362,,0,,2025-10-17T00:00:00,,1950,TO/2025/17,Warehouse,,1,,,,,,,0,0,DEL_CX6124,0,0,0,0,ONT,,,,,,Transfer Receipt,989DB2E2A280,2026-01-01
WIOM,001-SAKET,WM-03,Wiom ONT_SY-GPON-2000-WADONT-WHITE,Normal BAU,1,0,0,1,0,0,PCS,ELECTRONICS,,014-MUZAFFARNAGAR,,GRN/2025/2815,,2026-01-13T16:07:07,,WM-03,,,,TR/2425/13,TR/2425/13,2026-01-13T00:00:00,,Closed,,Rahul,Rahul,,,,NOD/2526/7331,SY108361,,0,,2025-10-17T00:00:00,,1950,TO/2025/17,Warehouse,,1,,,,,,,0,0,DEL_CX6124,0,0,0,0,ONT,,,,,,Transfer Receipt,989DB2E2A270,2026-01-01
WIOM,001-SAKET,WM-03,Wiom ONT_SY-GPON-2000-WADONT-WHITE,Normal BAU,1,0,0,1,0,0,PCS,ELECTRONICS,,014-MUZAFFARNAGAR,,GRN/2025/2815,,2026-01-13T16:07:07,,WM-03,,,,TR/2425/13,TR/2425/13,2026-01-13T00:00:00,,Closed,,Rahul,Rahul,,,,NOD/2526/5538,SY100604,,0,,2025-08-30T00:00:00,,1950,TO/2025/17,Warehouse,,1,,,,,,,0,0,DEL_CX3763,0,0,0,0,ONT,,,,,,Transfer Receipt,989DB2B5D470,2026-01-01
WIOM,001-SAKET,WM-03,Wiom ONT_SY-GPON-2000-WADONT-WHITE,Normal BAU,1,0,0,1,0,0,PCS,ELECTRONICS,,014-MUZAFFARNAGAR,,GRN/2025/2815,,2026-01-13T16:07:07,,WM-03,,,,TR/2425/13,TR/2425/13,2026-01-13T00:00:00,,Closed,,Rahul,Rahul,,,,NOD/2526/5538,SY100607,,0,,2025-08-30T00:00:00,,1950,TO/2025/17,Warehouse,,1,,,,,,,0,0,DEL_CX3763,0,0,0,0,ONT,,,,,,Transfer Receipt,989DB2B5D1C8,2026-01-01
WIOM,001-SAKET,WM-03,Wiom ONT_SY-GPON-2000-WADONT-WHITE,Normal BAU,1,0,0,1,0,0,PCS,ELECTRONICS,,014-MUZAFFARNAGAR,,GRN/2025/2815,,2026-01-13T16:07:07,,WM-03,,,,TR/2425/13,TR/2425/13,2026-01-13T00:00:00,,Closed,,Rahul,Rahul,,,,NOD/2526/7331,SY108365,,0,,2025-10-17T00:00:00,,1950,TO/2025/17,Warehouse,,1,,,,,,,0,0,DEL_CX6124,0,0,0,0,ONT,,,,,,Transfer Receipt,989DB2E29F58,2026-01-01
WIOM,001-SAKET,WM-03,Wiom ONT_SY-GPON-2000-WADONT-WHITE,Normal BAU,1,0,0,1,0,0,PCS,ELECTRONICS,,014-MUZAFFARNAGAR,,GRN/2025/2815,,2026-01-13T16:07:07,,WM-03,,,,TR/2425/13,TR/2425/13,2026-01-13T00:00:00,,Closed,,Rahul,Rahul,,,,NOD/2526/7331,SY108364,,0,,2025-10-17T00:00:00,,1950,TO/2025/17,Warehouse,,1,,,,,,,0,0,DEL_CX6124,0,0,0,0,ONT,,,,,,Transfer Receipt,989DB2E2A2F8,2026-01-01
WIOM,001-SAKET,WM-03,Wiom ONT_SY-GPON-2000-WADONT-WHITE,Normal BAU,1,0,0,1,0,0,PCS,ELECTRONICS,,014-MUZAFFARNAGAR,,GRN/2025/2815,,2026-01-13T16:07:07,,WM-03,,,,TR/2425/13,TR/2425/13,2026-01-13T00:00:00,,Closed,,Rahul,Rahul,,,,NOD/2526/7331,SY108367,,0,,2025-10-17T00:00:00,,1950,TO/2025/17,Warehouse,,1,,,,,,,0,0,DEL_CX6124,0,0,0,0,ONT,,,,,,Transfer Receipt,989DB2E28138,2026-01-01
WIOM,001-SAKET,WM-03,Wiom ONT_SY-GPON-2000-WADONT-WHITE,Normal BAU,1,0,0,1,0,0,PCS,ELECTRONICS,,014-MUZAFFARNAGAR,,GRN/2025/2815,,2026-01-13T16:07:07,,WM-03,,,,TR/2425/13,TR/2425/13,2026-01-13T00:00:00,,Closed,,Rahul,Rahul,,,,NOD/2526/7331,SY108368,,0,,2025-10-17T00:00:00,,1950,TO/2025/17,Warehouse,,1,,,,,,,0,0,DEL_CX6124,0,0,0,0,ONT,,,,,,Transfer Receipt,989DB2E28688,2026-01-01
WIOM,001-SAKET,WM-03,Wiom ONT_SY-GPON-2000-WADONT-WHITE,Normal BAU,1,0,0,1,0,0,PCS,ELECTRONICS,,014-MUZAFFARNAGAR,,GRN/2025/2815,,2026-01-13T16:07:07,,WM-03,,,,TR/2425/13,TR/2425/13,2026-01-13T00:00:00,,Closed,,Rahul,Rahul,,,,NOD/2526/5538,SY100608,,0,,2025-08-30T00:00:00,,1950,TO/2025/17,Warehouse,,1,,,,,,,0,0,DEL_CX3763,0,0,0,0,ONT,,,,,,Transfer Receipt,989DB2B5D330,2026-01-01
WIOM,001-SAKET,WM-03,Wiom ONT_SY-GPON-2000-WADONT-WHITE,Normal BAU,1,0,0,1,0,0,PCS,ELECTRONICS,,014-MUZAFFARNAGAR,,GRN/2025/2815,,2026-01-13T16:07:07,,WM-03,,,,TR/2425/13,TR/2425/13,2026-01-13T00:00:00,,Closed,,Rahul,Rahul,,,,NOD/2526/7331,SY108366,,0,,2025-10-17T00:00:00,,1950,TO/2025/17,Warehouse,,1,,,,,,,0,0,DEL_CX6124,0,0,0,0,ONT,,,,,,Transfer Receipt,989DB2E28200,2026-01-01
WIOM,001-SAKET,WM-03,Wiom ONT_SY-GPON-2000-WADONT-WHITE,Normal BAU,1,0,0,1,0,0,PCS,ELECTRONICS,,014-MUZAFFARNAGAR,,GRN/2025/2815,,2026-01-13T16:07:07,,WM-03,,,,TR/2425/13,TR/2425/13,2026-01-13T00:00:00,,Closed,,Rahul,Rahul,,,,NOD/2526/5538,SY100606,,0,,2025-08-30T00:00:00,,1950,TO/2025/17,Warehouse,,1,,,,,,,0,0,DEL_CX3763,0,0,0,0,ONT,,,,,,Transfer Receipt,989DB2B5D170,2026-01-01
WIOM,001-SAKET,WM-03,Wiom ONT_SY-GPON-2000-WADONT-WHITE,Normal BAU,1,0,0,1,0,0,PCS,ELECTRONICS,,014-MUZAFFARNAGAR,,GRN/2025/2815,,2026-01-13T16:07:07,,WM-03,,,,TR/2425/13,TR/2425/13,2026-01-13T00:00:00,,Closed,,Rahul,Rahul,,,,NOD/2526/7331,SY108359,,0,,2025-10-17T00:00:00,,1950,TO/2025/17,Warehouse,,1,,,,,,,0,0,DEL_CX6128,0,0,0,0,ONT,,,,,,Transfer Receipt,989DB2E29EE8,2026-01-01
WIOM,001-SAKET,WM-03,Wiom ONT_SY-GPON-2000-WADONT-WHITE,Normal BAU,1,0,0,1,0,0,PCS,ELECTRONICS,,014-MUZAFFARNAGAR,,GRN/2025/2815,,2026-01-13T16:07:07,,WM-03,,,,TR/2425/13,TR/2425/13,2026-01-13T00:00:00,,Closed,,Rahul,Rahul,,,,NOD/2526/7331,SY108371,,0,,2025-10-17T00:00:00,,1950,TO/2025/17,Warehouse,,1,,,,,,,0,0,DEL_CX6124,0,0,0,0,ONT,,,,,,Transfer Receipt,989DB2E29C48,2026-01-01
WIOM,001-SAKET,WM-03,Wiom ONT_SY-GPON-2000-WADONT-WHITE,Normal BAU,1,0,0,1,0,0,PCS,ELECTRONICS,,014-MUZAFFARNAGAR,,GRN/2025/2815,,2026-01-13T16:07:07,,WM-03,,,,TR/2425/13,TR/2425/13,2026-01-13T00:00:00,,Closed,,Rahul,Rahul,,,,NOD/2526/7331,SY108370,,0,,2025-10-17T00:00:00,,1950,TO/2025/17,Warehouse,,1,,,,,,,0,0,DEL_CX6124,0,0,0,0,ONT,,,,,,Transfer Receipt,989DB2E29ED8,2026-01-01
WIOM,001-SAKET,WM-03,Wiom ONT_SY-GPON-2000-WADONT-WHITE,Normal BAU,1,0,0,1,0,0,PCS,ELECTRONICS,,014-MUZAFFARNAGAR,,GRN/2025/2815,,2026-01-13T16:07:07,,WM-03,,,,TR/2425/13,TR/2425/13,2026-01-13T00:00:00,,Closed,,Rahul,Rahul,,,,NOD/2526/7331,SY108372,,0,,2025-10-17T00:00:00,,1950,TO/2025/17,Warehouse,,1,,,,,,,0,0,DEL_CX6124,0,0,0,0,ONT,,,,,,Transfer Receipt,989DB2E2A1D8,2026-01-01
WIOM,001-SAKET,WM-03,Wiom ONT_SY-GPON-2000-WADONT-WHITE,Normal BAU,1,0,0,1,0,0,PCS,ELECTRONICS,,014-MUZAFFARNAGAR,,GRN/2025/2815,,2026-01-13T16:07:07,,WM-03,,,,TR/2425/13,TR/2425/13,2026-01-13T00:00:00,,Closed,,Rahul,Rahul,,,,NOD/2526/5538,SY100611,,0,,2025-08-30T00:00:00,,1950,TO/2025/17,Warehouse,,1,,,,,,,0,0,DEL_CX3763,0,0,0,0,ONT,,,,,,Transfer Receipt,989DB2B5D138,2026-01-01
WIOM,001-SAKET,WM-03,Wiom ONT_SY-GPON-2000-WADONT-WHITE,Normal BAU,1,0,0,1,0,0,PCS,ELECTRONICS,,014-MUZAFFARNAGAR,,GRN/2025/2815,,2026-01-13T16:07:07,,WM-03,,,,TR/2425/13,TR/2425/13,2026-01-13T00:00:00,,Closed,,Rahul,Rahul,,,,NOD/2526/7331,SY108373,,0,,2025-10-17T00:00:00,,1950,TO/2025/17,Warehouse,,1,,,,,,,0,0,DEL_CX6124,0,0,0,0,ONT,,,,,,Transfer Receipt,989DB2E2A0D8,2026-01-01
WIOM,001-SAKET,WM-03,Wiom ONT_SY-GPON-2000-WADONT-WHITE,Normal BAU,1,0,0,1,0,0,PCS,ELECTRONICS,,014-MUZAFFARNAGAR,,GRN/2025/2815,,2026-01-13T16:07:07,,WM-03,,,,TR/2425/13,TR/2425/13,2026-01-13T00:00:00,,Closed,,Rahul,Rahul,,,,NOD/2526/5538,SY100610,,0,,2025-08-30T00:00:00,,1950,TO/2025/17,Warehouse,,1,,,,,,,0,0,DEL_CX3763,0,0,0,0,ONT,,,,,,Transfer Receipt,989DB2B5D1E8,2026-01-01
WIOM,001-SAKET,WM-03,Wiom ONT_SY-GPON-2000-WADONT-WHITE,Normal BAU,1,0,0,1,0,0,PCS,ELECTRONICS,,014-MUZAFFARNAGAR,,GRN/2025/2815,,2026-01-13T16:07:07,,WM-03,,,,TR/2425/13,TR/2425/13,2026-01-13T00:00:00,,Closed,,Rahul,Rahul,,,,NOD/2526/5538,SY100609,,0,,2025-08-30T00:00:00,,1950,TO/2025/17,Warehouse,,1,,,,,,,0,0,DEL_CX3763,0,0,0,0,ONT,,,,,,Transfer Receipt,989DB2B5D1F8,2026-01-01
WIOM,001-SAKET,WM-03,Wiom ONT_SY-GPON-2000-WADONT-WHITE,Normal BAU,1,0,0,1,0,0,PCS,ELECTRONICS,,014-MUZAFFARNAGAR,,GRN/2025/2815,,2026-01-13T16:07:07,,WM-03,,,,TR/2425/13,TR/2425/13,2026-01-13T00:00:00,,Closed,,Rahul,Rahul,,,,NOD/2526/7331,SY108376,,0,,2025-10-17T00:00:00,,1950,TO/2025/17,Warehouse,,1,,,,,,,0,0,DEL_CX6124,0,0,0,0,ONT,,,,,,Transfer Receipt,989DB2E282D0,2026-01-01
WIOM,001-SAKET,WM-03,Wiom ONT_SY-GPON-2000-WADONT-WHITE,Normal BAU,1,0,0,1,0,0,PCS,ELECTRONICS,,014-MUZAFFARNAGAR,,GRN/2025/2815,,2026-01-13T16:07:07,,WM-03,,,,TR/2425/13,TR/2425/13,2026-01-13T00:00:00,,Closed,,Rahul,Rahul,,,,NOD/2526/5538,SY100612,,0,,2025-08-30T00:00:00,,1950,TO/2025/17,Warehouse,,1,,,,,,,0,0,DEL_CX3763,0,0,0,0,ONT,,,,,,Transfer Receipt,989DB2B5D3A0,2026-01-01
WIOM,001-SAKET,WM-03,Wiom ONT_SY-GPON-2000-WADONT-WHITE,Normal BAU,1,0,0,1,0,0,PCS,ELECTRONICS,,014-MUZAFFARNAGAR,,GRN/2025/2815,,2026-01-13T16:07:07,,WM-03,,,,TR/2425/13,TR/2425/13,2026-01-13T00:00:00,,Closed,,Rahul,Rahul,,,,NOD/2526/7331,SY108375,,0,,2025-10-17T00:00:00,,1950,TO/2025/17,Warehouse,,1,,,,,,,0,0,DEL_CX6124,0,0,0,0,ONT,,,,,,Transfer Receipt,989DB2E29B68,2026-01-01
WIOM,001-SAKET,WM-03,Wiom ONT_SY-GPON-2000-WADONT-WHITE,Normal BAU,1,0,0,1,0,0,PCS,ELECTRONICS,,014-MUZAFFARNAGAR,,GRN/2025/2815,,2026-01-13T16:07:07,,WM-03,,,,TR/2425/13,TR/2425/13,2026-01-13T00:00:00,,Closed,,Rahul,Rahul,,,,NOD/2526/5538,SY100613,,0,,2025-08-30T00:00:00,,1950,TO/2025/17,Warehouse,,1,,,,,,,0,0,DEL_CX3763,0,0,0,0,ONT,,,,,,Transfer Receipt,989DB2B5D398,2026-01-01
WIOM,001-SAKET,WM-03,Wiom ONT_SY-GPON-2000-WADONT-WHITE,Normal BAU,1,0,0,1,0,0,PCS,ELECTRONICS,,014-MUZAFFARNAGAR,,GRN/2025/2815,,2026-01-13T16:07:07,,WM-03,,,,TR/2425/13,TR/2425/13,2026-01-13T00:00:00,,Closed,,Rahul,Rahul,,,,NOD/2526/7331,SY108379,,0,,2025-10-17T00:00:00,,1950,TO/2025/17,Warehouse,,1,,,,,,,0,0,DEL_CX6124,0,0,0,0,ONT,,,,,,Transfer Receipt,989DB2E29EE0,2026-01-01
WIOM,001-SAKET,WM-03,Wiom ONT_SY-GPON-2000-WADONT-WHITE,Normal BAU,1,0,0,1,0,0,PCS,ELECTRONICS,,014-MUZAFFARNAGAR,,GRN/2025/2815,,2026-01-13T16:07:07,,WM-03,,,,TR/2425/13,TR/2425/13,2026-01-13T00:00:00,,Closed,,Rahul,Rahul,,,,NOD/2526/7331,SY108378,,0,,2025-10-17T00:00:00,,1950,TO/2025/17,Warehouse,,1,,,,,,,0,0,DEL_CX6124,0,0,0,0,ONT,,,,,,Transfer Receipt,989DB2E29E98,2026-01-01
WIOM,001-SAKET,WM-03,Wiom ONT_SY-GPON-2000-WADONT-WHITE,Normal BAU,1,0,0,1,0,0,PCS,ELECTRONICS,,014-MUZAFFARNAGAR,,GRN/2025/2815,,2026-01-13T16:07:07,,WM-03,,,,TR/2425/13,TR/2425/13,2026-01-13T00:00:00,,Closed,,Rahul,Rahul,,,,NOD/2526/7331,SY108377,,0,,2025-10-17T00:00:00,,1950,TO/2025/17,Warehouse,,1,,,,,,,0,0,DEL_CX6124,0,0,0,0,ONT,,,,,,Transfer Receipt,989DB2E28668,2026-01-01
WIOM,001-SAKET,WM-03,Wiom ONT_SY-GPON-2000-WADONT-WHITE,Normal BAU,1,0,0,1,0,0,PCS,ELECTRONICS,,014-MUZAFFARNAGAR,,GRN/2025/2815,,2026-01-13T16:07:07,,WM-03,,,,TR/2425/13,TR/2425/13,2026-01-13T00:00:00,,Closed,,Rahul,Rahul,,,,NOD/2526/7331,SY108374,,0,,2025-10-17T00:00:00,,1950,TO/2025/17,Warehouse,,1,,,,,,,0,0,DEL_CX6124,0,0,0,0,ONT,,,,,,Transfer Receipt,989DB2E2A1C0,2026-01-01
WIOM,001-SAKET,WM-03,Wiom ONT_SY-GPON-2000-WADONT-WHITE,Normal BAU,1,0,0,1,0,0,PCS,ELECTRONICS,,014-MUZAFFARNAGAR,,GRN/2025/2815,,2026-01-13T16:07:07,,WM-03,,,,TR/2425/13,TR/2425/13,2026-01-13T00:00:00,,Closed,,Rahul,Rahul,,,,NOD/2526/7331,SY108369,,0,,2025-10-17T00:00:00,,1950,TO/2025/17,Warehouse,,1,,,,,,,0,0,DEL_CX6124,0,0,0,0,ONT,,,,,,Transfer Receipt,989DB2E28720,2026-01-01
WIOM,001-SAKET,WM-03,Wiom ONT_SY-GPON-2000-WADONT-WHITE,Normal BAU,1,0,0,1,0,0,PCS,ELECTRONICS,,014-MUZAFFARNAGAR,,GRN/2025/2815,,2026-01-13T16:07:07,,WM-03,,,,TR/2425/13,TR/2425/13,2026-01-13T00:00:00,,Closed,,Rahul,Rahul,,,,NOD/2526/7331,SY108358,,0,,2025-10-17T00:00:00,,1950,TO/2025/17,Warehouse,,1,,,,,,,0,0,DEL_CX6128,0,0,0,0,ONT,,,,,,Transfer Receipt,989DB2E29B60,2026-01-01
WIOM,001-SAKET,WM-03,Wiom ONT_SY-GPON-2000-WADONT-WHITE,Normal BAU,1,0,0,1,0,0,PCS,ELECTRONICS,,014-MUZAFFARNAGAR,,GRN/2025/2815,,2026-01-13T16:07:07,,WM-03,,,,TR/2425/13,TR/2425/13,2026-01-13T00:00:00,,Closed,,Rahul,Rahul,,,,NOD/2526/7331,SY108355,,0,,2025-10-17T00:00:00,,1950,TO/2025/17,Warehouse,,1,,,,,,,0,0,DEL_CX6128,0,0,0,0,ONT,,,,,,Transfer Receipt,989DB2E28838,2026-01-01
WIOM,001-SAKET,WM-03,Wiom ONT_SY-GPON-2000-WADONT-WHITE,Normal BAU,1,0,0,1,0,0,PCS,ELECTRONICS,,014-MUZAFFARNAGAR,,GRN/2025/2815,,2026-01-13T16:07:07,,WM-03,,,,TR/2425/13,TR/2425/13,2026-01-13T00:00:00,,Closed,,Rahul,Rahul,,,,NOD/2526/7331,SY108523,,0,,2025-10-17T00:00:00,,1950,TO/2025/17,Warehouse,,1,,,,,,,0,0,DEL_CX6127,0,0,0,0,ONT,,,,,,Transfer Receipt,989DB2E283B0,2026-01-01
WIOM,001-SAKET,WM-03,Wiom ONT_SY-GPON-2000-WADONT-WHITE,Normal BAU,1,0,0,1,0,0,PCS,ELECTRONICS,,014-MUZAFFARNAGAR,,GRN/2025/2815,,2026-01-13T16:07:07,,WM-03,,,,TR/2425/13,TR/2425/13,2026-01-13T00:00:00,,Closed,,Rahul,Rahul,,,,NOD/2526/7331,SY108524,,0,,2025-10-17T00:00:00,,1950,TO/2025/17,Warehouse,,1,,,,,,,0,0,DEL_CX6127,0,0,0,0,ONT,,,,,,Transfer Receipt,989DB2E28388,2026-01-01
WIOM,001-SAKET,WM-03,Wiom ONT_SY-GPON-2000-WADONT-WHITE,Normal BAU,1,0,0,1,0,0,PCS,ELECTRONICS,,014-MUZAFFARNAGAR,,GRN/2025/2815,,2026-01-13T16:07:07,,WM-03,,,,TR/2425/13,TR/2425/13,2026-01-13T00:00:00,,Closed,,Rahul,Rahul,,,,NOD/2526/5538,SY100616,,0,,2025-08-30T00:00:00,,1950,TO/2025/17,Warehouse,,1,,,,,,,0,0,DEL_CX3763,0,0,0,0,ONT,,,,,,Transfer Receipt,989DB2B5D3E8,2026-01-01
WIOM,001-SAKET,WM-03,Wiom ONT_SY-GPON-2000-WADONT-WHITE,Normal BAU,1,0,0,1,0,0,PCS,ELECTRONICS,,014-MUZAFFARNAGAR,,GRN/2025/2815,,2026-01-13T16:07:07,,WM-03,,,,TR/2425/13,TR/2425/13,2026-01-13T00:00:00,,Closed,,Rahul,Rahul,,,,NOD/2526/7331,SY108522,,0,,2025-10-17T00:00:00,,1950,TO/2025/17,Warehouse,,1,,,,,,,0,0,DEL_CX6127,0,0,0,0,ONT,,,,,,Transfer Receipt,989DB2E28F30,2026-01-01
WIOM,001-SAKET,WM-03,Wiom ONT_SY-GPON-2000-WADONT-WHITE,Normal BAU,1,0,0,1,0,0,PCS,ELECTRONICS,,014-MUZAFFARNAGAR,,GRN/2025/2815,,2026-01-13T16:07:07,,WM-03,,,,TR/2425/13,TR/2425/13,2026-01-13T00:00:00,,Closed,,Rahul,Rahul,,,,NOD/2526/5538,SY100615,,0,,2025-08-30T00:00:00,,1950,TO/2025/17,Warehouse,,1,,,,,,,0,0,DEL_CX3763,0,0,0,0,ONT,,,,,,Transfer Receipt,989DB2B5D2D0,2026-01-01
WIOM,001-SAKET,WM-03,Wiom ONT_SY-GPON-2000-WADONT-WHITE,Normal BAU,1,0,0,1,0,0,PCS,ELECTRONICS,,014-MUZAFFARNAGAR,,GRN/2025/2815,,2026-01-13T16:07:07,,WM-03,,,,TR/2425/13,TR/2425/13,2026-01-13T00:00:00,,Closed,,Rahul,Rahul,,,,NOD/2526/7331,SY108527,,0,,2025-10-17T00:00:00,,1950,TO/2025/17,Warehouse,,1,,,,,,,0,0,DEL_CX6127,0,0,0,0,ONT,,,,,,Transfer Receipt,989DB2E296D8,2026-01-01
WIOM,001-SAKET,WM-03,Wiom ONT_SY-GPON-2000-WADONT-WHITE,Normal BAU,1,0,0,1,0,0,PCS,ELECTRONICS,,014-MUZAFFARNAGAR,,GRN/2025/2815,,2026-01-13T16:07:07,,WM-03,,,,TR/2425/13,TR/2425/13,2026-01-13T00:00:00,,Closed,,Rahul,Rahul,,,,NOD/2526/7331,SY108526,,0,,2025-10-17T00:00:00,,1950,TO/2025/17,Warehouse,,1,,,,,,,0,0,DEL_CX6127,0,0,0,0,ONT,,,,,,Transfer Receipt,989DB2E28058,2026-01-01
WIOM,001-SAKET,WM-03,Wiom ONT_SY-GPON-2000-WADONT-WHITE,Normal BAU,1,0,0,1,0,0,PCS,ELECTRONICS,,014-MUZAFFARNAGAR,,GRN/2025/2815,,2026-01-13T16:07:07,,WM-03,,,,TR/2425/13,TR/2425/13,2026-01-13T00:00:00,,Closed,,Rahul,Rahul,,,,NOD/2526/5538,SY100617,,0,,2025-08-30T00:00:00,,1950,TO/2025/17,Warehouse,,1,,,,,,,0,0,DEL_CX3763,0,0,0,0,ONT,,,,,,Transfer Receipt,989DB2B5D140,2026-01-01
WIOM,001-SAKET,WM-03,Wiom ONT_SY-GPON-2000-WADONT-WHITE,Normal BAU,1,0,0,1,0,0,PCS,ELECTRONICS,,014-MUZAFFARNAGAR,,GRN/2025/2815,,2026-01-13T16:07:07,,WM-03,,,,TR/2425/13,TR/2425/13,2026-01-13T00:00:00,,Closed,,Rahul,Rahul,,,,NOD/2526/7331,SY108528,,0,,2025-10-17T00:00:00,,1950,TO/2025/17,Warehouse,,1,,,,,,,0,0,DEL_CX6127,0,0,0,0,ONT,,,,,,Transfer Receipt,989DB2E28FA0,2026-01-01
WIOM,001-SAKET,WM-03,Wiom ONT_SY-GPON-2000-WADONT-WHITE,Normal BAU,1,0,0,1,0,0,PCS,ELECTRONICS,,014-MUZAFFARNAGAR,,GRN/2025/2815,,2026-01-13T16:07:07,,WM-03,,,,TR/2425/13,TR/2425/13,2026-01-13T00:00:00,,Closed,,Rahul,Rahul,,,,NOD/2526/5538,SY100619,,0,,2025-08-30T00:00:00,,1950,TO/2025/17,Warehouse,,1,,,,,,,0,0,DEL_CX3763,0,0,0,0,ONT,,,,,,Transfer Receipt,989DB2B5D240,2026-01-01
WIOM,001-SAKET,WM-03,Wiom ONT_SY-GPON-2000-WADONT-WHITE,Normal BAU,1,0,0,1,0,0,PCS,ELECTRONICS,,014-MUZAFFARNAGAR,,GRN/2025/2815,,2026-01-13T16:07:07,,WM-03,,,,TR/2425/13,TR/2425/13,2026-01-13T00:00:00,,Closed,,Rahul,Rahul,,,,NOD/2526/7331,SY108529,,0,,2025-10-17T00:00:00,,1950,TO/2025/17,Warehouse,,1,,,,,,,0,0,DEL_CX6127,0,0,0,0,ONT,,,,,,Transfer Receipt,989DB2E28378,2026-01-01
WIOM,001-SAKET,WM-03,Wiom ONT_SY-GPON-2000-WADONT-WHITE,Normal BAU,1,0,0,1,0,0,PCS,ELECTRONICS,,014-MUZAFFARNAGAR,,GRN/2025/2815,,2026-01-13T16:07:07,,WM-03,,,,TR/2425/13,TR/2425/13,2026-01-13T00:00:00,,Closed,,Rahul,Rahul,,,,NOD/2526/5538,SY100618,,0,,2025-08-30T00:00:00,,1950,TO/2025/17,Warehouse,,1,,,,,,,0,0,DEL_CX3763,0,0,0,0,ONT,,,,,,Transfer Receipt,989DB2B5D348,2026-01-01
WIOM,001-SAKET,WM-03,Wiom ONT_SY-GPON-2000-WADONT-WHITE,Normal BAU,1,0,0,1,0,0,PCS,ELECTRONICS,,014-MUZAFFARNAGAR,,GRN/2025/2815,,2026-01-13T16:07:07,,WM-03,,,,TR/2425/13,TR/2425/13,2026-01-13T00:00:00,,Closed,,Rahul,Rahul,,,,NOD/2526/7331,SY108525,,0,,2025-10-17T00:00:00,,1950,TO/2025/17,Warehouse,,1,,,,,,,0,0,DEL_CX6127,0,0,0,0,ONT,,,,,,Transfer Receipt,989DB2E28068,2026-01-01
WIOM,001-SAKET,WM-03,Wiom ONT_SY-GPON-2000-WADONT-WHITE,Normal BAU,1,0,0,1,0,0,PCS,ELECTRONICS,,014-MUZAFFARNAGAR,,GRN/2025/2815,,2026-01-13T16:07:07,,WM-03,,,,TR/2425/13,TR/2425/13,2026-01-13T00:00:00,,Closed,,Rahul,Rahul,,,,NOD/2526/7331,SY108521,,0,,2025-10-17T00:00:00,,1950,TO/2025/17,Warehouse,,1,,,,,,,0,0,DEL_CX6127,0,0,0,0,ONT,,,,,,Transfer Receipt,989DB2E28390,2026-01-01
WIOM,001-SAKET,WM-03,Wiom ONT_SY-GPON-2000-WADONT-WHITE,Normal BAU,1,0,0,1,0,0,PCS,ELECTRONICS,,014-MUZAFFARNAGAR,,GRN/2025/2815,,2026-01-13T16:07:07,,WM-03,,,,TR/2425/13,TR/2425/13,2026-01-13T00:00:00,,Closed,,Rahul,Rahul,,,,NOD/2526/7331,SY108532,,0,,2025-10-17T00:00:00,,1950,TO/2025/17,Warehouse,,1,,,,,,,0,0,DEL_CX6127,0,0,0,0,ONT,,,,,,Transfer Receipt,989DB2E28370,2026-01-01
WIOM,001-SAKET,WM-03,Wiom ONT_SY-GPON-2000-WADONT-WHITE,Normal BAU,1,0,0,1,0,0,PCS,ELECTRONICS,,014-MUZAFFARNAGAR,,GRN/2025/2815,,2026-01-13T16:07:07,,WM-03,,,,TR/2425/13,TR/2425/13,2026-01-13T00:00:00,,Closed,,Rahul,Rahul,,,,NOD/2526/5538,SY100620,,0,,2025-08-30T00:00:00,,1950,TO/2025/17,Warehouse,,1,,,,,,,0,0,DEL_CX3763,0,0,0,0,ONT,,,,,,Transfer Receipt,989DB2B5D1D0,2026-01-01
WIOM,001-SAKET,WM-03,Wiom ONT_SY-GPON-2000-WADONT-WHITE,Normal BAU,1,0,0,1,0,0,PCS,ELECTRONICS,,014-MUZAFFARNAGAR,,GRN/2025/2815,,2026-01-13T16:07:07,,WM-03,,,,TR/2425/13,TR/2425/13,2026-01-13T00:00:00,,Closed,,Rahul,Rahul,,,,NOD/2526/7331,SY108341,,0,,2025-10-17T00:00:00,,1950,TO/2025/17,Warehouse,,1,,,,,,,0,0,DEL_CX6128,0,0,0,0,ONT,,,,,,Transfer Receipt,989DB2E2A530,2026-01-01
WIOM,001-SAKET,WM-03,Wiom ONT_SY-GPON-2000-WADONT-WHITE,Normal BAU,1,0,0,1,0,0,PCS,ELECTRONICS,,014-MUZAFFARNAGAR,,GRN/2025/2815,,2026-01-13T16:07:07,,WM-03,,,,TR/2425/13,TR/2425/13,2026-01-13T00:00:00,,Closed,,Rahul,Rahul,,,,NOD/2526/7331,SY108535,,0,,2025-10-17T00:00:00,,1950,TO/2025/17,Warehouse,,1,,,,,,,0,0,DEL_CX6127,0,0,0,0,ONT,,,,,,Transfer Receipt,989DB2E2A090,2026-01-01
WIOM,001-SAKET,WM-03,Wiom ONT_SY-GPON-2000-WADONT-WHITE,Normal BAU,1,0,0,1,0,0,PCS,ELECTRONICS,,014-MUZAFFARNAGAR,,GRN/2025/2815,,2026-01-13T16:07:07,,WM-03,,,,TR/2425/13,TR/2425/13,2026-01-13T00:00:00,,Closed,,Rahul,Rahul,,,,NOD/2526/7331,SY108534,,0,,2025-10-17T00:00:00,,1950,TO/2025/17,Warehouse,,1,,,,,,,0,0,DEL_CX6127,0,0,0,0,ONT,,,,,,Transfer Receipt,989DB2E29E20,2026-01-01
WIOM,001-SAKET,WM-03,Wiom ONT_SY-GPON-2000-WADONT-WHITE,Normal BAU,1,0,0,1,0,0,PCS,ELECTRONICS,,014-MUZAFFARNAGAR,,GRN/2025/2815,,2026-01-13T16:07:07,,WM-03,,,,TR/2425/13,TR/2425/13,2026-01-13T00:00:00,,Closed,,Rahul,Rahul,,,,NOD/2526/7331,SY108533,,0,,2025-10-17T00:00:00,,1950,TO/2025/17,Warehouse,,1,,,,,,,0,0,DEL_CX6127,0,0,0,0,ONT,,,,,,Transfer Receipt,989DB2E28210,2026-01-01
WIOM,001-SAKET,WM-03,Wiom ONT_SY-GPON-2000-WADONT-WHITE,Normal BAU,1,0,0,1,0,0,PCS,ELECTRONICS,,014-MUZAFFARNAGAR,,GRN/2025/2815,,2026-01-13T16:07:07,,WM-03,,,,TR/2425/13,TR/2425/13,2026-01-13T00:00:00,,Closed,,Rahul,Rahul,,,,NOD/2526/7331,SY108531,,0,,2025-10-17T00:00:00,,1950,TO/2025/17,Warehouse,,1,,,,,,,0,0,DEL_CX6127,0,0,0,0,ONT,,,,,,Transfer Receipt,989DB2E2A0F0,2026-01-01
WIOM,001-SAKET,WM-03,Wiom ONT_SY-GPON-2000-WADONT-WHITE,Normal BAU,1,0,0,1,0,0,PCS,ELECTRONICS,,014-MUZAFFARNAGAR,,GRN/2025/2815,,2026-01-13T16:07:07,,WM-03,,,,TR/2425/13,TR/2425/13,2026-01-13T00:00:00,,Closed,,Rahul,Rahul,,,,NOD/2526/7331,SY108343,,0,,2025-10-17T00:00:00,,1950,TO/2025/17,Warehouse,,1,,,,,,,0,0,DEL_CX6128,0,0,0,0,ONT,,,,,,Transfer Receipt,989DB2E29FF0,2026-01-01
WIOM,001-SAKET,WM-03,Wiom ONT_SY-GPON-2000-WADONT-WHITE,Normal BAU,1,0,0,1,0,0,PCS,ELECTRONICS,,014-MUZAFFARNAGAR,,GRN/2025/2815,,2026-01-13T16:07:07,,WM-03,,,,TR/2425/13,TR/2425/13,2026-01-13T00:00:00,,Closed,,Rahul,Rahul,,,,NOD/2526/7331,SY108537,,0,,2025-10-17T00:00:00,,1950,TO/2025/17,Warehouse,,1,,,,,,,0,0,DEL_CX6127,0,0,0,0,ONT,,,,,,Transfer Receipt,989DB2E28060,2026-01-01
WIOM,001-SAKET,WM-03,Wiom ONT_SY-GPON-2000-WADONT-WHITE,Normal BAU,1,0,0,1,0,0,PCS,ELECTRONICS,,014-MUZAFFARNAGAR,,GRN/2025/2815,,2026-01-13T16:07:07,,WM-03,,,,TR/2425/13,TR/2425/13,2026-01-13T00:00:00,,Closed,,Rahul,Rahul,,,,NOD/2526/7331,SY108536,,0,,2025-10-17T00:00:00,,1950,TO/2025/17,Warehouse,,1,,,,,,,0,0,DEL_CX6127,0,0,0,0,ONT,,,,,,Transfer Receipt,989DB2E28F78,2026-01-01
WIOM,001-SAKET,WM-03,Wiom ONT_SY-GPON-2000-WADONT-WHITE,Normal BAU,1,0,0,1,0,0,PCS,ELECTRONICS,,014-MUZAFFARNAGAR,,GRN/2025/2815,,2026-01-13T16:07:07,,WM-03,,,,TR/2425/13,TR/2425/13,2026-01-13T00:00:00,,Closed,,Rahul,Rahul,,,,NOD/2526/7331,SY108539,,0,,2025-10-17T00:00:00,,1950,TO/2025/17,Warehouse,,1,,,,,,,0,0,DEL_CX6127,0,0,0,0,ONT,,,,,,Transfer Receipt,989DB2E28940,2026-01-01
WIOM,001-SAKET,WM-03,Wiom ONT_SY-GPON-2000-WADONT-WHITE,Normal BAU,1,0,0,1,0,0,PCS,ELECTRONICS,,014-MUZAFFARNAGAR,,GRN/2025/2815,,2026-01-13T16:07:07,,WM-03,,,,TR/2425/13,TR/2425/13,2026-01-13T00:00:00,,Closed,,Rahul,Rahul,,,,NOD/2526/7331,SY108540,,0,,2025-10-17T00:00:00,,1950,TO/2025/17,Warehouse,,1,,,,,,,0,0,DEL_CX6127,0,0,0,0,ONT,,,,,,Transfer Receipt,989DB2E28938,2026-01-01
WIOM,001-SAKET,WM-03,Wiom ONT_SY-GPON-2000-WADONT-WHITE,Normal BAU,1,0,0,1,0,0,PCS,ELECTRONICS,,014-MUZAFFARNAGAR,,GRN/2025/2815,,2026-01-13T16:07:07,,WM-03,,,,TR/2425/13,TR/2425/13,2026-01-13T00:00:00,,Closed,,Rahul,Rahul,,,,NOD/2526/7331,SY108344,,0,,2025-10-17T00:00:00,,1950,TO/2025/17,Warehouse,,1,,,,,,,0,0,DEL_CX6128,0,0,0,0,ONT,,,,,,Transfer Receipt,989DB2E2A000,2026-01-01
WIOM,001-SAKET,WM-03,Wiom ONT_SY-GPON-2000-WADONT-WHITE,Normal BAU,1,0,0,1,0,0,PCS,ELECTRONICS,,014-MUZAFFARNAGAR,,GRN/2025/2815,,2026-01-13T16:07:07,,WM-03,,,,TR/2425/13,TR/2425/13,2026-01-13T00:00:00,,Closed,,Rahul,Rahul,,,,NOD/2526/7331,SY108538,,0,,2025-10-17T00:00:00,,1950,TO/2025/17,Warehouse,,1,,,,,,,0,0,DEL_CX6127,0,0,0,0,ONT,,,,,,Transfer Receipt,989DB2E2A570,2026-01-01
WIOM,001-SAKET,WM-03,Wiom ONT_SY-GPON-2000-WADONT-WHITE,Normal BAU,1,0,0,1,0,0,PCS,ELECTRONICS,,014-MUZAFFARNAGAR,,GRN/2025/2815,,2026-01-13T16:07:07,,WM-03,,,,TR/2425/13,TR/2425/13,2026-01-13T00:00:00,,Closed,,Rahul,Rahul,,,,NOD/2526/7331,SY108342,,0,,2025-10-17T00:00:00,,1950,TO/2025/17,Warehouse,,1,,,,,,,0,0,DEL_CX6128,0,0,0,0,ONT,,,,,,Transfer Receipt,989DB2E2A1A8,2026-01-01
WIOM,001-SAKET,WM-03,Wiom ONT_SY-GPON-2000-WADONT-WHITE,Normal BAU,1,0,0,1,0,0,PCS,ELECTRONICS,,014-MUZAFFARNAGAR,,GRN/2025/2815,,2026-01-13T16:07:07,,WM-03,,,,TR/2425/13,TR/2425/13,2026-01-13T00:00:00,,Closed,,Rahul,Rahul,,,,NOD/2526/7331,SY108530,,0,,2025-10-17T00:00:00,,1950,TO/2025/17,Warehouse,,1,,,,,,,0,0,DEL_CX6127,0,0,0,0,ONT,,,,,,Transfer Receipt,989DB2E29CD8,2026-01-01
WIOM,001-SAKET,WM-03,Wiom ONT_SY-GPON-2000-WADONT-WHITE,Normal BAU,1,0,0,1,0,0,PCS,ELECTRONICS,,014-MUZAFFARNAGAR,,GRN/2025/2815,,2026-01-13T16:07:07,,WM-03,,,,TR/2425/13,TR/2425/13,2026-01-13T00:00:00,,Closed,,Rahul,Rahul,,,,NOD/2526/7331,SY108380,,0,,2025-10-17T00:00:00,,1950,TO/2025/17,Warehouse,,1,,,,,,,0,0,DEL_CX6124,0,0,0,0,ONT,,,,,,Transfer Receipt,989DB2E2A4E0,2026-01-01
WIOM,001-SAKET,WM-03,Wiom ONT_SY-GPON-2000-WADONT-WHITE,Normal BAU,1,0,0,1,0,0,PCS,ELECTRONICS,,014-MUZAFFARNAGAR,,GRN/2025/2815,,2026-01-13T16:07:07,,WM-03,,,,TR/2425/13,TR/2425/13,2026-01-13T00:00:00,,Closed,,Rahul,Rahul,,,,NOD/2526/7331,SY108583,,0,,2025-10-17T00:00:00,,1950,TO/2025/17,Warehouse,,1,,,,,,,0,0,DEL_CX6143,0,0,0,0,ONT,,,,,,Transfer Receipt,989DB2E29410,2026-01-01
WIOM,001-SAKET,WM-03,Wiom ONT_SY-GPON-2000-WADONT-WHITE,Normal BAU,1,0,0,1,0,0,PCS,ELECTRONICS,,014-MUZAFFARNAGAR,,GRN/2025/2815,,2026-01-13T16:07:07,,WM-03,,,,TR/2425/13,TR/2425/13,2026-01-13T00:00:00,,Closed,,Rahul,Rahul,,,,NOD/2526/7331,SY108584,,0,,2025-10-17T00:00:00,,1950,TO/2025/17,Warehouse,,1,,,,,,,0,0,DEL_CX6143,0,0,0,0,ONT,,,,,,Transfer Receipt,989DB2E29418,2026-01-01
WIOM,001-SAKET,WM-03,Wiom ONT_SY-GPON-2000-WADONT-WHITE,Normal BAU,1,0,0,1,0,0,PCS,ELECTRONICS,,014-MUZAFFARNAGAR,,GRN/2025/2815,,2026-01-13T16:07:07,,WM-03,,,,TR/2425/13,TR/2425/13,2026-01-13T00:00:00,,Closed,,Rahul,Rahul,,,,NOD/2526/7331,SY108347,,0,,2025-10-17T00:00:00,,1950,TO/2025/17,Warehouse,,1,,,,,,,0,0,DEL_CX6128,0,0,0,0,ONT,,,,,,Transfer Receipt,989DB2E2A4D0,2026-01-01
WIOM,001-SAKET,WM-03,Wiom ONT_SY-GPON-2000-WADONT-WHITE,Normal BAU,1,0,0,1,0,0,PCS,ELECTRONICS,,014-MUZAFFARNAGAR,,GRN/2025/2815,,2026-01-13T16:07:07,,WM-03,,,,TR/2425/13,TR/2425/13,2026-01-13T00:00:00,,Closed,,Rahul,Rahul,,,,NOD/2526/7331,SY108585,,0,,2025-10-17T00:00:00,,1950,TO/2025/17,Warehouse,,1,,,,,,,0,0,DEL_CX6143,0,0,0,0,ONT,,,,,,Transfer Receipt,989DB2E28188,2026-01-01
WIOM,001-SAKET,WM-03,Wiom ONT_SY-GPON-2000-WADONT-WHITE,Normal BAU,1,0,0,1,0,0,PCS,ELECTRONICS,,014-MUZAFFARNAGAR,,GRN/2025/2815,,2026-01-13T16:07:07,,WM-03,,,,TR/2425/13,TR/2425/13,2026-01-13T00:00:00,,Closed,,Rahul,Rahul,,,,NOD/2526/7331,SY108346,,0,,2025-10-17T00:00:00,,1950,TO/2025/17,Warehouse,,1,,,,,,,0,0,DEL_CX6128,0,0,0,0,ONT,,,,,,Transfer Receipt,989DB2E28118,2026-01-01
WIOM,001-SAKET,WM-03,Wiom ONT_SY-GPON-2000-WADONT-WHITE,Normal BAU,1,0,0,1,0,0,PCS,ELECTRONICS,,014-MUZAFFARNAGAR,,GRN/2025/2815,,2026-01-13T16:07:07,,WM-03,,,,TR/2425/13,TR/2425/13,2026-01-13T00:00:00,,Closed,,Rahul,Rahul,,,,NOD/2526/7331,SY108582,,0,,2025-10-17T00:00:00,,1950,TO/2025/17,Warehouse,,1,,,,,,,0,0,DEL_CX6143,0,0,0,0,ONT,,,,,,Transfer Receipt,989DB2E29460,2026-01-01
WIOM,001-SAKET,WM-03,Wiom ONT_SY-GPON-2000-WADONT-WHITE,Normal BAU,1,0,0,1,0,0,PCS,ELECTRONICS,,014-MUZAFFARNAGAR,,GRN/2025/2815,,2026-01-13T16:07:07,,WM-03,,,,TR/2425/13,TR/2425/13,2026-01-13T00:00:00,,Closed,,Rahul,Rahul,,,,NOD/2526/7331,SY108588,,0,,2025-10-17T00:00:00,,1950,TO/2025/17,Warehouse,,1,,,,,,,0,0,DEL_CX6143,0,0,0,0,ONT,,,,,,Transfer Receipt,989DB2E294F8,2026-01-01
WIOM,001-SAKET,WM-03,Wiom ONT_SY-GPON-2000-WADONT-WHITE,Normal BAU,1,0,0,1,0,0,PCS,ELECTRONICS,,014-MUZAFFARNAGAR,,GRN/2025/2815,,2026-01-13T16:07:07,,WM-03,,,,TR/2425/13,TR/2425/13,2026-01-13T00:00:00,,Closed,,Rahul,Rahul,,,,NOD/2526/7331,SY108348,,0,,2025-10-17T00:00:00,,1950,TO/2025/17,Warehouse,,1,,,,,,,0,0,DEL_CX6128,0,0,0,0,ONT,,,,,,Transfer Receipt,989DB2E28128,2026-01-01
WIOM,001-SAKET,WM-03,Wiom ONT_SY-GPON-2000-WADONT-WHITE,Normal BAU,1,0,0,1,0,0,PCS,ELECTRONICS,,014-MUZAFFARNAGAR,,GRN/2025/2815,,2026-01-13T16:07:07,,WM-03,,,,TR/2425/13,TR/2425/13,2026-01-13T00:00:00,,Closed,,Rahul,Rahul,,,,NOD/2526/7331,SY108587,,0,,2025-10-17T00:00:00,,1950,TO/2025/17,Warehouse,,1,,,,,,,0,0,DEL_CX6143,0,0,0,0,ONT,,,,,,Transfer Receipt,989DB2E280C0,2026-01-01
WIOM,001-SAKET,WM-03,Wiom ONT_SY-GPON-2000-WADONT-WHITE,Normal BAU,1,0,0,1,0,0,PCS,ELECTRONICS,,014-MUZAFFARNAGAR,,GRN/2025/2815,,2026-01-13T16:07:07,,WM-03,,,,TR/2425/13,TR/2425/13,2026-01-13T00:00:00,,Closed,,Rahul,Rahul,,,,NOD/2526/7331,SY108349,,0,,2025-10-17T00:00:00,,1950,TO/2025/17,Warehouse,,1,,,,,,,0,0,DEL_CX6128,0,0,0,0,ONT,,,,,,Transfer Receipt,989DB2E280B8,2026-01-01
WIOM,001-SAKET,WM-03,Wiom ONT_SY-GPON-2000-WADONT-WHITE,Normal BAU,1,0,0,1,0,0,PCS,ELECTRONICS,,014-MUZAFFARNAGAR,,GRN/2025/2815,,2026-01-13T16:07:07,,WM-03,,,,TR/2425/13,TR/2425/13,2026-01-13T00:00:00,,Closed,,Rahul,Rahul,,,,NOD/2526/7331,SY108591,,0,,2025-10-17T00:00:00,,1950,TO/2025/17,Warehouse,,1,,,,,,,0,0,DEL_CX6143,0,0,0,0,ONT,,,,,,Transfer Receipt,989DB2E2A1F8,2026-01-01
WIOM,001-SAKET,WM-03,Wiom ONT_SY-GPON-2000-WADONT-WHITE,Normal BAU,1,0,0,1,0,0,PCS,ELECTRONICS,,014-MUZAFFARNAGAR,,GRN/2025/2815,,2026-01-13T16:07:07,,WM-03,,,,TR/2425/13,TR/2425/13,2026-01-13T00:00:00,,Closed,,Rahul,Rahul,,,,NOD/2526/7331,SY108590,,0,,2025-10-17T00:00:00,,1950,TO/2025/17,Warehouse,,1,,,,,,,0,0,DEL_CX6143,0,0,0,0,ONT,,,,,,Transfer Receipt,989DB2E294A0,2026-01-01
WIOM,001-SAKET,WM-03,Wiom ONT_SY-GPON-2000-WADONT-WHITE,Normal BAU,1,0,0,1,0,0,PCS,ELECTRONICS,,014-MUZAFFARNAGAR,,GRN/2025/2815,,2026-01-13T16:07:07,,WM-03,,,,TR/2425/13,TR/2425/13,2026-01-13T00:00:00,,Closed,,Rahul,Rahul,,,,NOD/2526/7331,SY108589,,0,,2025-10-17T00:00:00,,1950,TO/2025/17,Warehouse,,1,,,,,,,0,0,DEL_CX6143,0,0,0,0,ONT,,,,,,Transfer Receipt,989DB2E29468,2026-01-01
WIOM,001-SAKET,WM-03,Wiom ONT_SY-GPON-2000-WADONT-WHITE,Normal BAU,1,0,0,1,0,0,PCS,ELECTRONICS,,014-MUZAFFARNAGAR,,GRN/2025/2815,,2026-01-13T16:07:07,,WM-03,,,,TR/2425/13,TR/2425/13,2026-01-13T00:00:00,,Closed,,Rahul,Rahul,,,,NOD/2526/7331,SY108586,,0,,2025-10-17T00:00:00,,1950,TO/2025/17,Warehouse,,1,,,,,,,0,0,DEL_CX6143,0,0,0,0,ONT,,,,,,Transfer Receipt,989DB2E29448,2026-01-01
WIOM,001-SAKET,WM-03,Wiom ONT_SY-GPON-2000-WADONT-WHITE,Normal BAU,1,0,0,1,0,0,PCS,ELECTRONICS,,014-MUZAFFARNAGAR,,GRN/2025/2815,,2026-01-13T16:07:07,,WM-03,,,,TR/2425/13,TR/2425/13,2026-01-13T00:00:00,,Closed,,Rahul,Rahul,,,,NOD/2526/7331,SY108345,,0,,2025-10-17T00:00:00,,1950,TO/2025/17,Warehouse,,1,,,,,,,0,0,DEL_CX6128,0,0,0,0,ONT,,,,,,Transfer Receipt,989DB2E2A060,2026-01-01
WIOM,001-SAKET,WM-03,Wiom ONT_SY-GPON-2000-WADONT-WHITE,Normal BAU,1,0,0,1,0,0,PCS,ELECTRONICS,,014-MUZAFFARNAGAR,,GRN/2025/2815,,2026-01-13T16:07:07,,WM-03,,,,TR/2425/13,TR/2425/13,2026-01-13T00:00:00,,Closed,,Rahul,Rahul,,,,NOD/2526/7331,SY108351,,0,,2025-10-17T00:00:00,,1950,TO/2025/17,Warehouse,,1,,,,,,,0,0,DEL_CX6128,0,0,0,0,ONT,,,,,,Transfer Receipt,989DB2E29B80,2026-01-01
WIOM,001-SAKET,WM-03,Wiom ONT_SY-GPON-2000-WADONT-WHITE,Normal BAU,1,0,0,1,0,0,PCS,ELECTRONICS,,014-MUZAFFARNAGAR,,GRN/2025/2815,,2026-01-13T16:07:07,,WM-03,,,,TR/2425/13,TR/2425/13,2026-01-13T00:00:00,,Closed,,Rahul,Rahul,,,,NOD/2526/7331,SY108593,,0,,2025-10-17T00:00:00,,1950,TO/2025/17,Warehouse,,1,,,,,,,0,0,DEL_CX6143,0,0,0,0,ONT,,,,,,Transfer Receipt,989DB2E28108,2026-01-01
WIOM,001-SAKET,WM-03,Wiom ONT_SY-GPON-2000-WADONT-WHITE,Normal BAU,1,0,0,1,0,0,PCS,ELECTRONICS,,014-MUZAFFARNAGAR,,GRN/2025/2815,,2026-01-13T16:07:07,,WM-03,,,,TR/2425/13,TR/2425/13,2026-01-13T00:00:00,,Closed,,Rahul,Rahul,,,,NOD/2526/7331,SY108595,,0,,2025-10-17T00:00:00,,1950,TO/2025/17,Warehouse,,1,,,,,,,0,0,DEL_CX6143,0,0,0,0,ONT,,,,,,Transfer Receipt,989DB2E29E38,2026-01-01
WIOM,001-SAKET,WM-03,Wiom ONT_SY-GPON-2000-WADONT-WHITE,Normal BAU,1,0,0,1,0,0,PCS,ELECTRONICS,,014-MUZAFFARNAGAR,,GRN/2025/2815,,2026-01-13T16:07:07,,WM-03,,,,TR/2425/13,TR/2425/13,2026-01-13T00:00:00,,Closed,,Rahul,Rahul,,,,NOD/2526/7331,SY108596,,0,,2025-10-17T00:00:00,,1950,TO/2025/17,Warehouse,,1,,,,,,,0,0,DEL_CX6143,0,0,0,0,ONT,,,,,,Transfer Receipt,989DB2E280F0,2026-01-01
WIOM,001-SAKET,WM-03,Wiom ONT_SY-GPON-2000-WADONT-WHITE,Normal BAU,1,0,0,1,0,0,PCS,ELECTRONICS,,014-MUZAFFARNAGAR,,GRN/2025/2815,,2026-01-13T16:07:07,,WM-03,,,,TR/2425/13,TR/2425/13,2026-01-13T00:00:00,,Closed,,Rahul,Rahul,,,,NOD/2526/7331,SY108352,,0,,2025-10-17T00:00:00,,1950,TO/2025/17,Warehouse,,1,,,,,,,0,0,DEL_CX6128,0,0,0,0,ONT,,,,,,Transfer Receipt,989DB2E28888,2026-01-01
WIOM,001-SAKET,WM-03,Wiom ONT_SY-GPON-2000-WADONT-WHITE,Normal BAU,1,0,0,1,0,0,PCS,ELECTRONICS,,014-MUZAFFARNAGAR,,GRN/2025/2815,,2026-01-13T16:07:07,,WM-03,,,,TR/2425/13,TR/2425/13,2026-01-13T00:00:00,,Closed,,Rahul,Rahul,,,,NOD/2526/7331,SY108594,,0,,2025-10-17T00:00:00,,1950,TO/2025/17,Warehouse,,1,,,,,,,0,0,DEL_CX6143,0,0,0,0,ONT,,,,,,Transfer Receipt,989DB2E29E60,2026-01-01
WIOM,001-SAKET,WM-03,Wiom ONT_SY-GPON-2000-WADONT-WHITE,Normal BAU,1,0,0,1,0,0,PCS,ELECTRONICS,,014-MUZAFFARNAGAR,,GRN/2025/2815,,2026-01-13T16:07:07,,WM-03,,,,TR/2425/13,TR/2425/13,2026-01-13T00:00:00,,Closed,,Rahul,Rahul,,,,NOD/2526/7331,SY108592,,0,,2025-10-17T00:00:00,,1950,TO/2025/17,Warehouse,,1,,,,,,,0,0,DEL_CX6143,0,0,0,0,ONT,,,,,,Transfer Receipt,989DB2E29B90,2026-01-01
WIOM,001-SAKET,WM-03,Wiom ONT_SY-GPON-2000-WADONT-WHITE,Normal BAU,1,0,0,1,0,0,PCS,ELECTRONICS,,014-MUZAFFARNAGAR,,GRN/2025/2815,,2026-01-13T16:07:07,,WM-03,,,,TR/2425/13,TR/2425/13,2026-01-13T00:00:00,,Closed,,Rahul,Rahul,,,,NOD/2526/5538,SY100601,,0,,2025-08-30T00:00:00,,1950,TO/2025/17,Warehouse,,1,,,,,,,0,0,DEL_CX3763,0,0,0,0,ONT,,,,,,Transfer Receipt,989DB2B5D340,2026-01-01
WIOM,001-SAKET,WM-03,Wiom ONT_SY-GPON-2000-WADONT-WHITE,Normal BAU,1,0,0,1,0,0,PCS,ELECTRONICS,,014-MUZAFFARNAGAR,,GRN/2025/2815,,2026-01-13T16:07:07,,WM-03,,,,TR/2425/13,TR/2425/13,2026-01-13T00:00:00,,Closed,,Rahul,Rahul,,,,NOD/2526/7331,SY108353,,0,,2025-10-17T00:00:00,,1950,TO/2025/17,Warehouse,,1,,,,,,,0,0,DEL_CX6128,0,0,0,0,ONT,,,,,,Transfer Receipt,989DB2E29C68,2026-01-01
WIOM,001-SAKET,WM-03,Wiom ONT_SY-GPON-2000-WADONT-WHITE,Normal BAU,1,0,0,1,0,0,PCS,ELECTRONICS,,014-MUZAFFARNAGAR,,GRN/2025/2815,,2026-01-13T16:07:07,,WM-03,,,,TR/2425/13,TR/2425/13,2026-01-13T00:00:00,,Closed,,Rahul,Rahul,,,,NOD/2526/7331,SY108597,,0,,2025-10-17T00:00:00,,1950,TO/2025/17,Warehouse,,1,,,,,,,0,0,DEL_CX6143,0,0,0,0,ONT,,,,,,Transfer Receipt,989DB2E281A8,2026-01-01
WIOM,001-SAKET,WM-03,Wiom ONT_SY-GPON-2000-WADONT-WHITE,Normal BAU,1,0,0,1,0,0,PCS,ELECTRONICS,,014-MUZAFFARNAGAR,,GRN/2025/2815,,2026-01-13T16:07:07,,WM-03,,,,TR/2425/13,TR/2425/13,2026-01-13T00:00:00,,Closed,,Rahul,Rahul,,,,NOD/2526/7331,SY108350,,0,,2025-10-17T00:00:00,,1950,TO/2025/17,Warehouse,,1,,,,,,,0,0,DEL_CX6128,0,0,0,0,ONT,,,,,,Transfer Receipt,989DB2E28168,2026-01-01
WIOM,001-SAKET,WM-03,Wiom ONT_SY-GPON-2000-WADONT-WHITE,Normal BAU,1,0,0,1,0,0,PCS,ELECTRONICS,,014-MUZAFFARNAGAR,,GRN/2025/2815,,2026-01-13T16:07:07,,WM-03,,,,TR/2425/13,TR/2425/13,2026-01-13T00:00:00,,Closed,,Rahul,Rahul,,,,NOD/2526/7331,SY108581,,0,,2025-10-17T00:00:00,,1950,TO/2025/17,Warehouse,,1,,,,,,,0,0,DEL_CX6143,0,0,0,0,ONT,,,,,,Transfer Receipt,989DB2E29C20,2026-01-01
WIOM,001-SAKET,WM-03,Wiom ONT_SY-GPON-2000-WADONT-WHITE,Normal BAU,1,0,0,1,0,0,PCS,ELECTRONICS,,014-MUZAFFARNAGAR,,GRN/2025/2815,,2026-01-13T16:07:07,,WM-03,,,,TR/2425/13,TR/2425/13,2026-01-13T00:00:00,,Closed,,Rahul,Rahul,,,,NOD/2526/5538,SY100614,,0,,2025-08-30T00:00:00,,1950,TO/2025/17,Warehouse,,1,,,,,,,0,0,DEL_CX3763,0,0,0,0,ONT,,,,,,Transfer Receipt,989DB2B5D178,2026-01-01
WIOM,001-SAKET,WM-03,Wiom ONT_SY-GPON-2000-WADONT-WHITE,Normal BAU,1,0,0,1,0,0,PCS,ELECTRONICS,,014-MUZAFFARNAGAR,,GRN/2025/2815,,2026-01-13T16:07:07,,WM-03,,,,TR/2425/13,TR/2425/13,2026-01-13T00:00:00,,Closed,,Rahul,Rahul,,,,NOD/2526/7331,SY108600,,0,,2025-10-17T00:00:00,,1950,TO/2025/17,Warehouse,,1,,,,,,,0,0,DEL_CX6143,0,0,0,0,ONT,,,,,,Transfer Receipt,989DB2E28230,2026-01-01
WIOM,001-SAKET,WM-03,Wiom ONT_SY-GPON-2000-WADONT-WHITE,Normal BAU,1,0,0,1,0,0,PCS,ELECTRONICS,,014-MUZAFFARNAGAR,,GRN/2025/2815,,2026-01-13T16:07:07,,WM-03,,,,TR/2425/13,TR/2425/13,2026-01-13T00:00:00,,Closed,,Rahul,Rahul,,,,NOD/2526/7331,SY108354,,0,,2025-10-17T00:00:00,,1950,TO/2025/17,Warehouse,,1,,,,,,,0,0,DEL_CX6128,0,0,0,0,ONT,,,,,,Transfer Receipt,989DB2E28850,2026-01-01
WIOM,001-SAKET,WM-03,Wiom ONT_SY-GPON-2000-WADONT-WHITE,Normal BAU,1,0,0,1,0,0,PCS,ELECTRONICS,,014-MUZAFFARNAGAR,,GRN/2025/2815,,2026-01-13T16:07:07,,WM-03,,,,TR/2425/13,TR/2425/13,2026-01-13T00:00:00,,Closed,,Rahul,Rahul,,,,NOD/2526/7331,SY108599,,0,,2025-10-17T00:00:00,,1950,TO/2025/17,Warehouse,,1,,,,,,,0,0,DEL_CX6143,0,0,0,0,ONT,,,,,,Transfer Receipt,989DB2E2A3C0,2026-01-01
WIOM,001-SAKET,WM-03,Wiom ONT_SY-GPON-2000-WADONT-WHITE,Normal BAU,1,0,0,1,0,0,PCS,ELECTRONICS,,014-MUZAFFARNAGAR,,GRN/2025/2815,,2026-01-13T16:07:07,,WM-03,,,,TR/2425/13,TR/2425/13,2026-01-13T00:00:00,,Closed,,Rahul,Rahul,,,,NOD/2526/7331,SY108598,,0,,2025-10-17T00:00:00,,1950,TO/2025/17,Warehouse,,1,,,,,,,0,0,DEL_CX6143,0,0,0,0,ONT,,,,,,Transfer Receipt,989DB2E28258,2026-01-01
WIOM,001-SAKET,WM-03,Wiom ONT_SY-GPON-2000-WADONT-WHITE,Normal BAU,1,0,0,1,0,0,PCS,ELECTRONICS,,013-MORADABAD,,GRN/2025/2807,,2026-01-13T12:23:59,,WM-03,,,,TR/2425/12,TR/2425/12,2026-01-13T00:00:00,,Closed,,Rahul,Rahul,,,,NOD/2526/7331,SY107769,,0,,2025-10-17T00:00:00,,1950,TO/2025/15,Warehouse,,1,,,,,,,0,0,DEL_CX6149,0,0,0,0,ONT,,,,,,Transfer Receipt,989DB2E28570,2026-01-01
WIOM,001-SAKET,WM-03,Wiom ONT_SY-GPON-2000-WADONT-WHITE,Normal BAU,1,0,0,1,0,0,PCS,ELECTRONICS,,013-MORADABAD,,GRN/2025/2807,,2026-01-13T12:23:59,,WM-03,,,,TR/2425/12,TR/2425/12,2026-01-13T00:00:00,,Closed,,Rahul,Rahul,,,,NOD/2526/7331,SY107768,,0,,2025-10-17T00:00:00,,1950,TO/2025/15,Warehouse,,1,,,,,,,0,0,DEL_CX6149,0,0,0,0,ONT,,,,,,Transfer Receipt,989DB2E28C38,2026-01-01
WIOM,001-SAKET,WM-03,Wiom ONT_SY-GPON-2000-WADONT-WHITE,Normal BAU,1,0,0,1,0,0,PCS,ELECTRONICS,,013-MORADABAD,,GRN/2025/2807,,2026-01-13T12:23:59,,WM-03,,,,TR/2425/12,TR/2425/12,2026-01-13T00:00:00,,Closed,,Rahul,Rahul,,,,NOD/2526/5125,SY097627,,0,,2025-08-20T00:00:00,,1950,TO/2025/15,Warehouse,,1,,,,,,,0,0,DEL_CX7803,0,0,0,0,ONT,,,,,,Transfer Receipt,989DB2B58988,2026-01-01
WIOM,001-SAKET,WM-03,Wiom ONT_SY-GPON-2000-WADONT-WHITE,Normal BAU,1,0,0,1,0,0,PCS,ELECTRONICS,,013-MORADABAD,,GRN/2025/2807,,2026-01-13T12:23:59,,WM-03,,,,TR/2425/12,TR/2425/12,2026-01-13T00:00:00,,Closed,,Rahul,Rahul,,,,NOD/2526/7331,SY107767,,0,,2025-10-17T00:00:00,,1950,TO/2025/15,Warehouse,,1,,,,,,,0,0,DEL_CX6149,0,0,0,0,ONT,,,,,,Transfer Receipt,989DB2E28C40,2026-01-01
WIOM,001-SAKET,WM-03,Wiom ONT_SY-GPON-2000-WADONT-WHITE,Normal BAU,1,0,0,1,0,0,PCS,ELECTRONICS,,013-MORADABAD,,GRN/2025/2807,,2026-01-13T12:23:59,,WM-03,,,,TR/2425/12,TR/2425/12,2026-01-13T00:00:00,,Closed,,Rahul,Rahul,,,,NOD/2526/7331,SY107761,,0,,2025-10-17T00:00:00,,1950,TO/2025/15,Warehouse,,1,,,,,,,0,0,DEL_CX6149,0,0,0,0,ONT,,,,,,Transfer Receipt,989DB2E29148,2026-01-01
WIOM,001-SAKET,WM-03,Wiom ONT_SY-GPON-2000-WADONT-WHITE,Normal BAU,1,0,0,1,0,0,PCS,ELECTRONICS,,013-MORADABAD,,GRN/2025/2807,,2026-01-13T12:23:59,,WM-03,,,,TR/2425/12,TR/2425/12,2026-01-13T00:00:00,,Closed,,Rahul,Rahul,,,,NOD/2526/7331,SY107773,,0,,2025-10-17T00:00:00,,1950,TO/2025/15,Warehouse,,1,,,,,,,0,0,DEL_CX6149,0,0,0,0,ONT,,,,,,Transfer Receipt,989DB2E297D0,2026-01-01
WIOM,001-SAKET,WM-03,Wiom ONT_SY-GPON-2000-WADONT-WHITE,Normal BAU,1,0,0,1,0,0,PCS,ELECTRONICS,,013-MORADABAD,,GRN/2025/2807,,2026-01-13T12:23:59,,WM-03,,,,TR/2425/12,TR/2425/12,2026-01-13T00:00:00,,Closed,,Rahul,Rahul,,,,NOD/2526/7331,SY107775,,0,,2025-10-17T00:00:00,,1950,TO/2025/15,Warehouse,,1,,,,,,,0,0,DEL_CX6149,0,0,0,0,ONT,,,,,,Transfer Receipt,989DB2E285B8,2026-01-01
WIOM,001-SAKET,WM-03,Wiom ONT_SY-GPON-2000-WADONT-WHITE,Normal BAU,1,0,0,1,0,0,PCS,ELECTRONICS,,013-MORADABAD,,GRN/2025/2807,,2026-01-13T12:23:59,,WM-03,,,,TR/2425/12,TR/2425/12,2026-01-13T00:00:00,,Closed,,Rahul,Rahul,,,,NOD/2526/7331,SY107774,,0,,2025-10-17T00:00:00,,1950,TO/2025/15,Warehouse,,1,,,,,,,0,0,DEL_CX6149,0,0,0,0,ONT,,,,,,Transfer Receipt,989DB2E28408,2026-01-01
WIOM,001-SAKET,WM-03,Wiom ONT_SY-GPON-2000-WADONT-WHITE,Normal BAU,1,0,0,1,0,0,PCS,ELECTRONICS,,013-MORADABAD,,GRN/2025/2807,,2026-01-13T12:23:59,,WM-03,,,,TR/2425/12,TR/2425/12,2026-01-13T00:00:00,,Closed,,Rahul,Rahul,,,,A22/2425/7517,SY086083,,0,,2025-03-11T00:00:00,,1950,TO/2025/15,Warehouse,,1,,,,,,,0,0,DEL_CX7803,0,0,0,0,ONT,,,,,,Transfer Receipt,989DB2742DDB,2026-01-01
WIOM,001-SAKET,WM-03,Wiom ONT_SY-GPON-2000-WADONT-WHITE,Normal BAU,1,0,0,1,0,0,PCS,ELECTRONICS,,013-MORADABAD,,GRN/2025/2807,,2026-01-13T12:23:59,,WM-03,,,,TR/2425/12,TR/2425/12,2026-01-13T00:00:00,,Closed,,Rahul,Rahul,,,,NOD/2526/7331,SY107776,,0,,2025-10-17T00:00:00,,1950,TO/2025/15,Warehouse,,1,,,,,,,0,0,DEL_CX6149,0,0,0,0,ONT,,,,,,Transfer Receipt,989DB2E29058,2026-01-01
WIOM,001-SAKET,WM-03,Wiom ONT_SY-GPON-2000-WADONT-WHITE,Normal BAU,1,0,0,1,0,0,PCS,ELECTRONICS,,013-MORADABAD,,GRN/2025/2807,,2026-01-13T12:23:59,,WM-03,,,,TR/2425/12,TR/2425/12,2026-01-13T00:00:00,,Closed,,Rahul,Rahul,,,,NOD/2526/7331,SY107763,,0,,2025-10-17T00:00:00,,1950,TO/2025/15,Warehouse,,1,,,,,,,0,0,DEL_CX6149,0,0,0,0,ONT,,,,,,Transfer Receipt,989DB2E29268,2026-01-01
WIOM,001-SAKET,WM-03,Wiom ONT_SY-GPON-2000-WADONT-WHITE,Normal BAU,1,0,0,1,0,0,PCS,ELECTRONICS,,013-MORADABAD,,GRN/2025/2807,,2026-01-13T12:23:59,,WM-03,,,,TR/2425/12,TR/2425/12,2026-01-13T00:00:00,,Closed,,Rahul,Rahul,,,,NOD/2526/7331,SY107777,,0,,2025-10-17T00:00:00,,1950,TO/2025/15,Warehouse,,1,,,,,,,0,0,DEL_CX6149,0,0,0,0,ONT,,,,,,Transfer Receipt,989DB2E28638,2026-01-01
WIOM,001-SAKET,WM-03,Wiom ONT_SY-GPON-2000-WADONT-WHITE,Normal BAU,1,0,0,1,0,0,PCS,ELECTRONICS,,013-MORADABAD,,GRN/2025/2807,,2026-01-13T12:23:59,,WM-03,,,,TR/2425/12,TR/2425/12,2026-01-13T00:00:00,,Closed,,Rahul,Rahul,,,,NOD/2526/7331,SY107762,,0,,2025-10-17T00:00:00,,1950,TO/2025/15,Warehouse,,1,,,,,,,0,0,DEL_CX6149,0,0,0,0,ONT,,,,,,Transfer Receipt,989DB2E28CA8,2026-01-01
WIOM,001-SAKET,WM-03,Wiom ONT_SY-GPON-2000-WADONT-WHITE,Normal BAU,1,0,0,1,0,0,PCS,ELECTRONICS,,013-MORADABAD,,GRN/2025/2807,,2026-01-13T12:23:59,,WM-03,,,,TR/2425/12,TR/2425/12,2026-01-13T00:00:00,,Closed,,Rahul,Rahul,,,,NOD/2526/5125,SY096816,,0,,2025-08-20T00:00:00,,1950,TO/2025/15,Warehouse,,1,,,,,,,0,0,DEL_CX7803,0,0,0,0,ONT,,,,,,Transfer Receipt,989DB2B57BC8,2026-01-01
WIOM,001-SAKET,WM-03,Wiom ONT_SY-GPON-2000-WADONT-WHITE,Normal BAU,1,0,0,1,0,0,PCS,ELECTRONICS,,013-MORADABAD,,GRN/2025/2807,,2026-01-13T12:23:59,,WM-03,,,,TR/2425/12,TR/2425/12,2026-01-13T00:00:00,,Closed,,Rahul,Rahul,,,,NOD/2526/7331,SY107772,,0,,2025-10-17T00:00:00,,1950,TO/2025/15,Warehouse,,1,,,,,,,0,0,DEL_CX6149,0,0,0,0,ONT,,,,,,Transfer Receipt,989DB2E285A0,2026-01-01
WIOM,001-SAKET,WM-03,Wiom ONT_SY-GPON-2000-WADONT-WHITE,Normal BAU,1,0,0,1,0,0,PCS,ELECTRONICS,,013-MORADABAD,,GRN/2025/2807,,2026-01-13T12:23:59,,WM-03,,,,TR/2425/12,TR/2425/12,2026-01-13T00:00:00,,Closed,,Rahul,Rahul,,,,NOD/2526/7331,SY107764,,0,,2025-10-17T00:00:00,,1950,TO/2025/15,Warehouse,,1,,,,,,,0,0,DEL_CX6149,0,0,0,0,ONT,,,,,,Transfer Receipt,989DB2E290E0,2026-01-01
WIOM,001-SAKET,WM-03,Wiom ONT_SY-GPON-2000-WADONT-WHITE,Normal BAU,1,0,0,1,0,0,PCS,ELECTRONICS,,013-MORADABAD,,GRN/2025/2807,,2026-01-13T12:23:59,,WM-03,,,,TR/2425/12,TR/2425/12,2026-01-13T00:00:00,,Closed,,Rahul,Rahul,,,,NOD/2526/7331,SY107779,,0,,2025-10-17T00:00:00,,1950,TO/2025/15,Warehouse,,1,,,,,,,0,0,DEL_CX6149,0,0,0,0,ONT,,,,,,Transfer Receipt,989DB2E28540,2026-01-01
WIOM,001-SAKET,WM-03,Wiom ONT_SY-GPON-2000-WADONT-WHITE,Normal BAU,1,0,0,1,0,0,PCS,ELECTRONICS,,013-MORADABAD,,GRN/2025/2807,,2026-01-13T12:23:59,,WM-03,,,,TR/2425/12,TR/2425/12,2026-01-13T00:00:00,,Closed,,Rahul,Rahul,,,,NOD/2526/7331,SY107765,,0,,2025-10-17T00:00:00,,1950,TO/2025/15,Warehouse,,1,,,,,,,0,0,DEL_CX6149,0,0,0,0,ONT,,,,,,Transfer Receipt,989DB2E28C10,2026-01-01
WIOM,001-SAKET,WM-03,Wiom ONT_SY-GPON-2000-WADONT-WHITE,Normal BAU,1,0,0,1,0,0,PCS,ELECTRONICS,,013-MORADABAD,,GRN/2025/2807,,2026-01-13T12:23:59,,WM-03,,,,TR/2425/12,TR/2425/12,2026-01-13T00:00:00,,Closed,,Rahul,Rahul,,,,NOD/2526/2785,SY091736,,0,,2025-06-23T00:00:00,,1950,TO/2025/15,Warehouse,,1,,,,,,,0,0,DEL_CX7803,0,0,0,0,ONT,,,,,,Transfer Receipt,989DB274C15B,2026-01-01
WIOM,001-SAKET,WM-03,Wiom ONT_SY-GPON-2000-WADONT-WHITE,Normal BAU,1,0,0,1,0,0,PCS,ELECTRONICS,,013-MORADABAD,,GRN/2025/2807,,2026-01-13T12:23:59,,WM-03,,,,TR/2425/12,TR/2425/12,2026-01-13T00:00:00,,Closed,,Rahul,Rahul,,,,NOD/2526/5125,SY097624,,0,,2025-08-20T00:00:00,,1950,TO/2025/15,Warehouse,,1,,,,,,,0,0,DEL_CX7803,0,0,0,0,ONT,,,,,,Transfer Receipt,989DB2B57F68,2026-01-01
WIOM,001-SAKET,WM-03,Wiom ONT_SY-GPON-2000-WADONT-WHITE,Normal BAU,1,0,0,1,0,0,PCS,ELECTRONICS,,013-MORADABAD,,GRN/2025/2807,,2026-01-13T12:23:59,,WM-03,,,,TR/2425/12,TR/2425/12,2026-01-13T00:00:00,,Closed,,Rahul,Rahul,,,,NOD/2526/7331,SY107780,,0,,2025-10-17T00:00:00,,1950,TO/2025/15,Warehouse,,1,,,,,,,0,0,DEL_CX6149,0,0,0,0,ONT,,,,,,Transfer Receipt,989DB2E283D8,2026-01-01
WIOM,001-SAKET,WM-03,Wiom ONT_SY-GPON-2000-WADONT-WHITE,Normal BAU,1,0,0,1,0,0,PCS,ELECTRONICS,,013-MORADABAD,,GRN/2025/2807,,2026-01-13T12:23:59,,WM-03,,,,TR/2425/12,TR/2425/12,2026-01-13T00:00:00,,Closed,,Rahul,Rahul,,,,NOD/2526/7331,SY107778,,0,,2025-10-17T00:00:00,,1950,TO/2025/15,Warehouse,,1,,,,,,,0,0,DEL_CX6149,0,0,0,0,ONT,,,,,,Transfer Receipt,989DB2E28428,2026-01-01
WIOM,001-SAKET,WM-03,Wiom ONT_SY-GPON-2000-WADONT-WHITE,Normal BAU,1,0,0,1,0,0,PCS,ELECTRONICS,,013-MORADABAD,,GRN/2025/2807,,2026-01-13T12:23:59,,WM-03,,,,TR/2425/12,TR/2425/12,2026-01-13T00:00:00,,Closed,,Rahul,Rahul,,,,NOD/2526/648,SY082298,,0,,2025-04-22T00:00:00,,1950,TO/2025/15,Warehouse,,1,,,,,,,0,0,DEL_CX7803,0,0,0,0,ONT,,,,,,Transfer Receipt,989DB27487AB,2026-01-01
WIOM,001-SAKET,WM-03,Wiom ONT_SY-GPON-2000-WADONT-WHITE,Normal BAU,1,0,0,1,0,0,PCS,ELECTRONICS,,013-MORADABAD,,GRN/2025/2807,,2026-01-13T12:23:59,,WM-03,,,,TR/2425/12,TR/2425/12,2026-01-13T00:00:00,,Closed,,Rahul,Rahul,,,,NOD/2526/5125,SY096884,,0,,2025-08-20T00:00:00,,1950,TO/2025/15,Warehouse,,1,,,,,,,0,0,DEL_CX7803,0,0,0,0,ONT,,,,,,Transfer Receipt,989DB2B56448,2026-01-01
WIOM,001-SAKET,WM-03,Wiom ONT_SY-GPON-2000-WADONT-WHITE,Normal BAU,1,0,0,1,0,0,PCS,ELECTRONICS,,013-MORADABAD,,GRN/2025/2807,,2026-01-13T12:23:59,,WM-03,,,,TR/2425/12,TR/2425/12,2026-01-13T00:00:00,,Closed,,Rahul,Rahul,,,,NOD/2526/7193,SY106039,,0,,2025-10-14T00:00:00,,1950,TO/2025/15,Warehouse,,1,,,,,,,0,0,DEL_CX7803,0,0,0,0,ONT,,,,,,Transfer Receipt,989DB2B6B460,2026-01-01
WIOM,001-SAKET,WM-03,Wiom ONT_SY-GPON-2000-WADONT-WHITE,Normal BAU,1,0,0,1,0,0,PCS,ELECTRONICS,,013-MORADABAD,,GRN/2025/2807,,2026-01-13T12:23:59,,WM-03,,,,TR/2425/12,TR/2425/12,2026-01-13T00:00:00,,Closed,,Rahul,Rahul,,,,NOD/2526/7331,SY107771,,0,,2025-10-17T00:00:00,,1950,TO/2025/15,Warehouse,,1,,,,,,,0,0,DEL_CX6149,0,0,0,0,ONT,,,,,,Transfer Receipt,989DB2E28BD0,2026-01-01
WIOM,001-SAKET,WM-03,Wiom ONT_SY-GPON-2000-WADONT-WHITE,Normal BAU,1,0,0,1,0,0,PCS,ELECTRONICS,,013-MORADABAD,,GRN/2025/2807,,2026-01-13T12:23:59,,WM-03,,,,TR/2425/12,TR/2425/12,2026-01-13T00:00:00,,Closed,,Rahul,Rahul,,,,NOD/2526/7331,SY107770,,0,,2025-10-17T00:00:00,,1950,TO/2025/15,Warehouse,,1,,,,,,,0,0,DEL_CX6149,0,0,0,0,ONT,,,,,,Transfer Receipt,989DB2E28BF0,2026-01-01
WIOM,001-SAKET,WM-03,Wiom ONT_SY-GPON-2000-WADONT-WHITE,Normal BAU,1,0,0,1,0,0,PCS,ELECTRONICS,,013-MORADABAD,,GRN/2025/2807,,2026-01-13T12:23:59,,WM-03,,,,TR/2425/12,TR/2425/12,2026-01-13T00:00:00,,Closed,,Rahul,Rahul,,,,NOD/2526/4003,SY093433,,0,,2025-07-21T00:00:00,,1950,TO/2025/15,Warehouse,,1,,,,,,,0,0,DEL_CX7803,0,0,0,0,ONT,,,,,,Transfer Receipt,989DB2749BCB,2026-01-01
WIOM,001-SAKET,WM-03,Wiom ONT_SY-GPON-2000-WADONT-WHITE,Normal BAU,1,0,0,1,0,0,PCS,ELECTRONICS,,013-MORADABAD,,GRN/2025/2807,,2026-01-13T12:23:59,,WM-03,,,,TR/2425/12,TR/2425/12,2026-01-13T00:00:00,,Closed,,Rahul,Rahul,,,,NOD/2526/7193,SY106024,,0,,2025-10-14T00:00:00,,1950,TO/2025/15,Warehouse,,1,,,,,,,0,0,DEL_CX7803,0,0,0,0,ONT,,,,,,Transfer Receipt,989DB2B68158,2026-01-01
WIOM,001-SAKET,WM-03,Wiom ONT_SY-GPON-2000-WADONT-WHITE,Normal BAU,1,0,0,1,0,0,PCS,ELECTRONICS,,013-MORADABAD,,GRN/2025/2807,,2026-01-13T12:23:59,,WM-03,,,,TR/2425/12,TR/2425/12,2026-01-13T00:00:00,,Closed,,Rahul,Rahul,,,,NOD/2526/7331,SY107766,,0,,2025-10-17T00:00:00,,1950,TO/2025/15,Warehouse,,1,,,,,,,0,0,DEL_CX6149,0,0,0,0,ONT,,,,,,Transfer Receipt,989DB2E285E0,2026-01-01